uid,slug,name,state,area_ha,n_buildings,cls,start_period,start_is_pseudo,review_type,period,offset,n_valid,clear_frac,rmse,vegetation,soil,high_albedo,low_albedo,ndvi,ndbi,swir,soil_area_m2,high_albedo_area_m2,chip
eaab3189-fef6-4564-bd82-bd4b6d81c77b,amazon-data-services-inc-c-o-amazon-com-inc-attn-eaab3189,Amazon Data Services Inc C/O Amazon.Com Inc / Attn: Prop Tax Campus,VA,89.79,7,positive,2025-03-H2,False,Expansion,2023-01-H1,-53,9223,1.0,0.04376,0.15578,0.01362,0.0,0.83059,0.65887,-0.07677,0.14564,0.0,0.0,results/chips_pos16par/amazon-data-services-inc-c-o-amazon-com-inc-attn-eaab3189/2023-01-H1.png
eaab3189-fef6-4564-bd82-bd4b6d81c77b,amazon-data-services-inc-c-o-amazon-com-inc-attn-eaab3189,Amazon Data Services Inc C/O Amazon.Com Inc / Attn: Prop Tax Campus,VA,89.79,7,positive,2025-03-H2,False,Expansion,2023-01-H2,-52,9266,1.0,0.03422,0.17037,0.01906,0.0,0.81057,0.62578,-0.0848,0.15319,0.0,0.0,results/chips_pos16par/amazon-data-services-inc-c-o-amazon-com-inc-attn-eaab3189/2023-01-H2.png
eaab3189-fef6-4564-bd82-bd4b6d81c77b,amazon-data-services-inc-c-o-amazon-com-inc-attn-eaab3189,Amazon Data Services Inc C/O Amazon.Com Inc / Attn: Prop Tax Campus,VA,89.79,7,positive,2025-03-H2,False,Expansion,2023-02-H1,-51,6351,0.7102,0.03684,0.16912,0.02613,0.0,0.80475,0.59339,-0.05826,0.16175,0.0,0.0,results/chips_pos16par/amazon-data-services-inc-c-o-amazon-com-inc-attn-eaab3189/2023-02-H1.png
eaab3189-fef6-4564-bd82-bd4b6d81c77b,amazon-data-services-inc-c-o-amazon-com-inc-attn-eaab3189,Amazon Data Services Inc C/O Amazon.Com Inc / Attn: Prop Tax Campus,VA,89.79,7,positive,2025-03-H2,False,Expansion,2023-02-H2,-50,8285,0.9265,0.04067,0.17611,0.01715,0.0,0.80674,0.64957,-0.04801,0.16302,0.0,0.0,results/chips_pos16par/amazon-data-services-inc-c-o-amazon-com-inc-attn-eaab3189/2023-02-H2.png
eaab3189-fef6-4564-bd82-bd4b6d81c77b,amazon-data-services-inc-c-o-amazon-com-inc-attn-eaab3189,Amazon Data Services Inc C/O Amazon.Com Inc / Attn: Prop Tax Campus,VA,89.79,7,positive,2025-03-H2,False,Expansion,2023-03-H1,-49,9266,1.0,0.04096,0.15369,0.01487,0.0,0.83144,0.63938,-0.06907,0.14776,0.0,0.0,results/chips_pos16par/amazon-data-services-inc-c-o-amazon-com-inc-attn-eaab3189/2023-03-H1.png
eaab3189-fef6-4564-bd82-bd4b6d81c77b,amazon-data-services-inc-c-o-amazon-com-inc-attn-eaab3189,Amazon Data Services Inc C/O Amazon.Com Inc / Attn: Prop Tax Campus,VA,89.79,7,positive,2025-03-H2,False,Expansion,2023-03-H2,-48,9266,1.0,0.03909,0.1798,0.04588,0.0,0.77432,0.60933,-0.01281,0.18487,0.0,0.0,results/chips_pos16par/amazon-data-services-inc-c-o-amazon-com-inc-attn-eaab3189/2023-03-H2.png
eaab3189-fef6-4564-bd82-bd4b6d81c77b,amazon-data-services-inc-c-o-amazon-com-inc-attn-eaab3189,Amazon Data Services Inc C/O Amazon.Com Inc / Attn: Prop Tax Campus,VA,89.79,7,positive,2025-03-H2,False,Expansion,2023-04-H1,-47,9266,1.0,0.03127,0.2158,0.02994,0.0,0.75426,0.6429,-0.08807,0.17754,0.0,0.0,results/chips_pos16par/amazon-data-services-inc-c-o-amazon-com-inc-attn-eaab3189/2023-04-H1.png
eaab3189-fef6-4564-bd82-bd4b6d81c77b,amazon-data-services-inc-c-o-amazon-com-inc-attn-eaab3189,Amazon Data Services Inc C/O Amazon.Com Inc / Attn: Prop Tax Campus,VA,89.79,7,positive,2025-03-H2,False,Expansion,2023-04-H2,-46,9266,1.0,0.03092,0.27308,0.0083,1e-05,0.71861,0.73853,-0.21104,0.15977,0.0,0.0,results/chips_pos16par/amazon-data-services-inc-c-o-amazon-com-inc-attn-eaab3189/2023-04-H2.png
eaab3189-fef6-4564-bd82-bd4b6d81c77b,amazon-data-services-inc-c-o-amazon-com-inc-attn-eaab3189,Amazon Data Services Inc C/O Amazon.Com Inc / Attn: Prop Tax Campus,VA,89.79,7,positive,2025-03-H2,False,Expansion,2023-05-H1,-45,8340,0.9327,0.01985,0.38686,0.0029,0.02097,0.58927,0.64853,-0.3428,0.16824,0.0,0.0,results/chips_pos16par/amazon-data-services-inc-c-o-amazon-com-inc-attn-eaab3189/2023-05-H1.png
eaab3189-fef6-4564-bd82-bd4b6d81c77b,amazon-data-services-inc-c-o-amazon-com-inc-attn-eaab3189,Amazon Data Services Inc C/O Amazon.Com Inc / Attn: Prop Tax Campus,VA,89.79,7,positive,2025-03-H2,False,Expansion,2023-05-H2,-44,9266,1.0,0.03283,0.40584,0.00383,3e-05,0.59029,0.81758,-0.38924,0.14664,0.0,0.0,results/chips_pos16par/amazon-data-services-inc-c-o-amazon-com-inc-attn-eaab3189/2023-05-H2.png
eaab3189-fef6-4564-bd82-bd4b6d81c77b,amazon-data-services-inc-c-o-amazon-com-inc-attn-eaab3189,Amazon Data Services Inc C/O Amazon.Com Inc / Attn: Prop Tax Campus,VA,89.79,7,positive,2025-03-H2,False,Expansion,2023-06-H1,-43,9266,1.0,0.03173,0.38338,0.00251,4e-05,0.61406,0.82009,-0.37981,0.14414,0.0,0.0,results/chips_pos16par/amazon-data-services-inc-c-o-amazon-com-inc-attn-eaab3189/2023-06-H1.png
eaab3189-fef6-4564-bd82-bd4b6d81c77b,amazon-data-services-inc-c-o-amazon-com-inc-attn-eaab3189,Amazon Data Services Inc C/O Amazon.Com Inc / Attn: Prop Tax Campus,VA,89.79,7,positive,2025-03-H2,False,Expansion,2023-06-H2,-42,1352,0.1512,0.01777,0.45352,0.00144,0.02996,0.51507,0.69386,-0.32744,0.19545,0.0,0.0,results/chips_pos16par/amazon-data-services-inc-c-o-amazon-com-inc-attn-eaab3189/2023-06-H2.png
eaab3189-fef6-4564-bd82-bd4b6d81c77b,amazon-data-services-inc-c-o-amazon-com-inc-attn-eaab3189,Amazon Data Services Inc C/O Amazon.Com Inc / Attn: Prop Tax Campus,VA,89.79,7,positive,2025-03-H2,False,Expansion,2023-07-H1,-41,9266,1.0,0.03065,0.40222,0.00318,5e-05,0.59455,0.84854,-0.30348,0.17229,0.0,0.0,results/chips_pos16par/amazon-data-services-inc-c-o-amazon-com-inc-attn-eaab3189/2023-07-H1.png
eaab3189-fef6-4564-bd82-bd4b6d81c77b,amazon-data-services-inc-c-o-amazon-com-inc-attn-eaab3189,Amazon Data Services Inc C/O Amazon.Com Inc / Attn: Prop Tax Campus,VA,89.79,7,positive,2025-03-H2,False,Expansion,2023-07-H2,-40,9266,1.0,0.03169,0.38247,0.00295,5e-05,0.61453,0.85054,-0.29905,0.16794,0.0,0.0,results/chips_pos16par/amazon-data-services-inc-c-o-amazon-com-inc-attn-eaab3189/2023-07-H2.png
eaab3189-fef6-4564-bd82-bd4b6d81c77b,amazon-data-services-inc-c-o-amazon-com-inc-attn-eaab3189,Amazon Data Services Inc C/O Amazon.Com Inc / Attn: Prop Tax Campus,VA,89.79,7,positive,2025-03-H2,False,Expansion,2023-08-H1,-39,9266,1.0,0.02524,0.30625,0.00156,0.00796,0.68423,0.60089,-0.35135,0.14024,0.0,0.0,results/chips_pos16par/amazon-data-services-inc-c-o-amazon-com-inc-attn-eaab3189/2023-08-H1.png
eaab3189-fef6-4564-bd82-bd4b6d81c77b,amazon-data-services-inc-c-o-amazon-com-inc-attn-eaab3189,Amazon Data Services Inc C/O Amazon.Com Inc / Attn: Prop Tax Campus,VA,89.79,7,positive,2025-03-H2,False,Expansion,2023-08-H2,-38,8628,0.9649,0.03287,0.3588,0.00415,0.00056,0.6365,0.82473,-0.30552,0.15997,0.0,0.0,results/chips_pos16par/amazon-data-services-inc-c-o-amazon-com-inc-attn-eaab3189/2023-08-H2.png
eaab3189-fef6-4564-bd82-bd4b6d81c77b,amazon-data-services-inc-c-o-amazon-com-inc-attn-eaab3189,Amazon Data Services Inc C/O Amazon.Com Inc / Attn: Prop Tax Campus,VA,89.79,7,positive,2025-03-H2,False,Expansion,2023-09-H1,-37,9266,1.0,0.04779,0.26574,0.00192,0.0,0.73234,0.86579,-0.33364,0.12278,0.0,0.0,results/chips_pos16par/amazon-data-services-inc-c-o-amazon-com-inc-attn-eaab3189/2023-09-H1.png
eaab3189-fef6-4564-bd82-bd4b6d81c77b,amazon-data-services-inc-c-o-amazon-com-inc-attn-eaab3189,Amazon Data Services Inc C/O Amazon.Com Inc / Attn: Prop Tax Campus,VA,89.79,7,positive,2025-03-H2,False,Expansion,2023-09-H2,-36,9266,1.0,0.04237,0.25213,0.00262,0.0,0.74525,0.82505,-0.31469,0.12453,0.0,0.0,results/chips_pos16par/amazon-data-services-inc-c-o-amazon-com-inc-attn-eaab3189/2023-09-H2.png
eaab3189-fef6-4564-bd82-bd4b6d81c77b,amazon-data-services-inc-c-o-amazon-com-inc-attn-eaab3189,Amazon Data Services Inc C/O Amazon.Com Inc / Attn: Prop Tax Campus,VA,89.79,7,positive,2025-03-H2,False,Expansion,2023-10-H1,-35,9266,1.0,0.04187,0.26187,0.00363,0.0,0.7345,0.8143,-0.28886,0.1331,0.0,0.0,results/chips_pos16par/amazon-data-services-inc-c-o-amazon-com-inc-attn-eaab3189/2023-10-H1.png
eaab3189-fef6-4564-bd82-bd4b6d81c77b,amazon-data-services-inc-c-o-amazon-com-inc-attn-eaab3189,Amazon Data Services Inc C/O Amazon.Com Inc / Attn: Prop Tax Campus,VA,89.79,7,positive,2025-03-H2,False,Expansion,2023-10-H2,-34,8524,0.9533,0.04908,0.2277,0.00327,0.0,0.76903,0.81444,-0.26876,0.12645,0.0,0.0,results/chips_pos16par/amazon-data-services-inc-c-o-amazon-com-inc-attn-eaab3189/2023-10-H2.png
eaab3189-fef6-4564-bd82-bd4b6d81c77b,amazon-data-services-inc-c-o-amazon-com-inc-attn-eaab3189,Amazon Data Services Inc C/O Amazon.Com Inc / Attn: Prop Tax Campus,VA,89.79,7,positive,2025-03-H2,False,Expansion,2023-11-H1,-33,9220,1.0,0.04456,0.18795,0.00551,0.0,0.80654,0.67771,-0.15089,0.14077,0.0,0.0,results/chips_pos16par/amazon-data-services-inc-c-o-amazon-com-inc-attn-eaab3189/2023-11-H1.png
eaab3189-fef6-4564-bd82-bd4b6d81c77b,amazon-data-services-inc-c-o-amazon-com-inc-attn-eaab3189,Amazon Data Services Inc C/O Amazon.Com Inc / Attn: Prop Tax Campus,VA,89.79,7,positive,2025-03-H2,False,Expansion,2023-11-H2,-32,9260,1.0,0.04443,0.17025,0.00798,0.0,0.82177,0.66436,-0.12301,0.14053,0.0,0.0,results/chips_pos16par/amazon-data-services-inc-c-o-amazon-com-inc-attn-eaab3189/2023-11-H2.png
eaab3189-fef6-4564-bd82-bd4b6d81c77b,amazon-data-services-inc-c-o-amazon-com-inc-attn-eaab3189,Amazon Data Services Inc C/O Amazon.Com Inc / Attn: Prop Tax Campus,VA,89.79,7,positive,2025-03-H2,False,Expansion,2023-12-H1,-31,9210,1.0,0.04667,0.1332,0.00678,0.0,0.86002,0.67064,-0.08831,0.13061,0.0,0.0,results/chips_pos16par/amazon-data-services-inc-c-o-amazon-com-inc-attn-eaab3189/2023-12-H1.png
eaab3189-fef6-4564-bd82-bd4b6d81c77b,amazon-data-services-inc-c-o-amazon-com-inc-attn-eaab3189,Amazon Data Services Inc C/O Amazon.Com Inc / Attn: Prop Tax Campus,VA,89.79,7,positive,2025-03-H2,False,Expansion,2023-12-H2,-30,8901,0.9954,0.04587,0.14511,0.00877,0.0,0.84613,0.66421,-0.0786,0.13803,0.0,0.0,results/chips_pos16par/amazon-data-services-inc-c-o-amazon-com-inc-attn-eaab3189/2023-12-H2.png
eaab3189-fef6-4564-bd82-bd4b6d81c77b,amazon-data-services-inc-c-o-amazon-com-inc-attn-eaab3189,Amazon Data Services Inc C/O Amazon.Com Inc / Attn: Prop Tax Campus,VA,89.79,7,positive,2025-03-H2,False,Expansion,2024-01-H1,-29,9266,1.0,0.04583,0.10248,0.00529,0.0,0.89223,0.61321,-0.14192,0.10471,0.0,0.0,results/chips_pos16par/amazon-data-services-inc-c-o-amazon-com-inc-attn-eaab3189/2024-01-H1.png
eaab3189-fef6-4564-bd82-bd4b6d81c77b,amazon-data-services-inc-c-o-amazon-com-inc-attn-eaab3189,Amazon Data Services Inc C/O Amazon.Com Inc / Attn: Prop Tax Campus,VA,89.79,7,positive,2025-03-H2,False,Expansion,2024-01-H2,-28,6393,0.7149,0.04068,0.04135,2e-05,0.00516,0.95348,0.30846,-0.42497,0.05135,0.0,0.0,results/chips_pos16par/amazon-data-services-inc-c-o-amazon-com-inc-attn-eaab3189/2024-01-H2.png
eaab3189-fef6-4564-bd82-bd4b6d81c77b,amazon-data-services-inc-c-o-amazon-com-inc-attn-eaab3189,Amazon Data Services Inc C/O Amazon.Com Inc / Attn: Prop Tax Campus,VA,89.79,7,positive,2025-03-H2,False,Expansion,2024-02-H1,-27,9266,1.0,0.03997,0.15386,0.0295,5e-05,0.81658,0.61799,-0.0435,0.15815,0.0,0.0,results/chips_pos16par/amazon-data-services-inc-c-o-amazon-com-inc-attn-eaab3189/2024-02-H1.png
eaab3189-fef6-4564-bd82-bd4b6d81c77b,amazon-data-services-inc-c-o-amazon-com-inc-attn-eaab3189,Amazon Data Services Inc C/O Amazon.Com Inc / Attn: Prop Tax Campus,VA,89.79,7,positive,2025-03-H2,False,Expansion,2024-02-H2,-26,9262,1.0,0.0351,0.16514,0.03459,0.00033,0.79994,0.55615,-0.05175,0.16392,0.0,0.0,results/chips_pos16par/amazon-data-services-inc-c-o-amazon-com-inc-attn-eaab3189/2024-02-H2.png
eaab3189-fef6-4564-bd82-bd4b6d81c77b,amazon-data-services-inc-c-o-amazon-com-inc-attn-eaab3189,Amazon Data Services Inc C/O Amazon.Com Inc / Attn: Prop Tax Campus,VA,89.79,7,positive,2025-03-H2,False,Expansion,2024-03-H2,-24,9262,1.0,0.02786,0.16444,0.10616,0.00287,0.72652,0.47064,-0.01093,0.20146,0.0,0.0,results/chips_pos16par/amazon-data-services-inc-c-o-amazon-com-inc-attn-eaab3189/2024-03-H2.png
eaab3189-fef6-4564-bd82-bd4b6d81c77b,amazon-data-services-inc-c-o-amazon-com-inc-attn-eaab3189,Amazon Data Services Inc C/O Amazon.Com Inc / Attn: Prop Tax Campus,VA,89.79,7,positive,2025-03-H2,False,Expansion,2024-04-H1,-23,9266,1.0,0.02976,0.14743,0.10607,0.00444,0.74206,0.46244,-0.007,0.19519,6988.39498,0.0,results/chips_pos16par/amazon-data-services-inc-c-o-amazon-com-inc-attn-eaab3189/2024-04-H1.png
eaab3189-fef6-4564-bd82-bd4b6d81c77b,amazon-data-services-inc-c-o-amazon-com-inc-attn-eaab3189,Amazon Data Services Inc C/O Amazon.Com Inc / Attn: Prop Tax Campus,VA,89.79,7,positive,2025-03-H2,False,Expansion,2024-04-H2,-22,9266,1.0,0.02155,0.25439,0.1715,0.01291,0.56119,0.54785,-0.1236,0.23382,125391.77281,0.0,results/chips_pos16par/amazon-data-services-inc-c-o-amazon-com-inc-attn-eaab3189/2024-04-H2.png
eaab3189-fef6-4564-bd82-bd4b6d81c77b,amazon-data-services-inc-c-o-amazon-com-inc-attn-eaab3189,Amazon Data Services Inc C/O Amazon.Com Inc / Attn: Prop Tax Campus,VA,89.79,7,positive,2025-03-H2,False,Expansion,2024-05-H1,-21,9266,1.0,0.02749,0.25259,0.15027,0.01266,0.58448,0.5812,-0.16615,0.21209,68286.60239,0.0,results/chips_pos16par/amazon-data-services-inc-c-o-amazon-com-inc-attn-eaab3189/2024-05-H1.png
eaab3189-fef6-4564-bd82-bd4b6d81c77b,amazon-data-services-inc-c-o-amazon-com-inc-attn-eaab3189,Amazon Data Services Inc C/O Amazon.Com Inc / Attn: Prop Tax Campus,VA,89.79,7,positive,2025-03-H2,False,Expansion,2024-05-H2,-20,9266,1.0,0.02844,0.2589,0.11474,0.01104,0.61532,0.58897,-0.17113,0.19794,24758.88508,0.0,results/chips_pos16par/amazon-data-services-inc-c-o-amazon-com-inc-attn-eaab3189/2024-05-H2.png
eaab3189-fef6-4564-bd82-bd4b6d81c77b,amazon-data-services-inc-c-o-amazon-com-inc-attn-eaab3189,Amazon Data Services Inc C/O Amazon.Com Inc / Attn: Prop Tax Campus,VA,89.79,7,positive,2025-03-H2,False,Expansion,2024-06-H1,-19,9266,1.0,0.02299,0.31286,0.21484,0.03311,0.43919,0.56873,-0.16516,0.26361,226024.66054,0.0,results/chips_pos16par/amazon-data-services-inc-c-o-amazon-com-inc-attn-eaab3189/2024-06-H1.png
eaab3189-fef6-4564-bd82-bd4b6d81c77b,amazon-data-services-inc-c-o-amazon-com-inc-attn-eaab3189,Amazon Data Services Inc C/O Amazon.Com Inc / Attn: Prop Tax Campus,VA,89.79,7,positive,2025-03-H2,False,Expansion,2024-06-H2,-18,9266,1.0,0.02226,0.29601,0.22807,0.03132,0.4446,0.55254,-0.14246,0.27005,238404.10308,0.0,results/chips_pos16par/amazon-data-services-inc-c-o-amazon-com-inc-attn-eaab3189/2024-06-H2.png
eaab3189-fef6-4564-bd82-bd4b6d81c77b,amazon-data-services-inc-c-o-amazon-com-inc-attn-eaab3189,Amazon Data Services Inc C/O Amazon.Com Inc / Attn: Prop Tax Campus,VA,89.79,7,positive,2025-03-H2,False,Expansion,2024-07-H1,-17,9266,1.0,0.03181,0.25619,0.09655,0.01049,0.63677,0.59618,-0.1917,0.18635,3494.19749,0.0,results/chips_pos16par/amazon-data-services-inc-c-o-amazon-com-inc-attn-eaab3189/2024-07-H1.png
eaab3189-fef6-4564-bd82-bd4b6d81c77b,amazon-data-services-inc-c-o-amazon-com-inc-attn-eaab3189,Amazon Data Services Inc C/O Amazon.Com Inc / Attn: Prop Tax Campus,VA,89.79,7,positive,2025-03-H2,False,Expansion,2024-07-H2,-16,9266,1.0,0.02877,0.23272,0.18537,0.01563,0.56629,0.56738,-0.15629,0.22173,189984.50928,0.0,results/chips_pos16par/amazon-data-services-inc-c-o-amazon-com-inc-attn-eaab3189/2024-07-H2.png
eaab3189-fef6-4564-bd82-bd4b6d81c77b,amazon-data-services-inc-c-o-amazon-com-inc-attn-eaab3189,Amazon Data Services Inc C/O Amazon.Com Inc / Attn: Prop Tax Campus,VA,89.79,7,positive,2025-03-H2,False,Expansion,2024-08-H1,-15,769,0.086,0.02032,0.36082,0.0136,0.01544,0.61015,0.69348,-0.30578,0.17032,0.0,0.0,results/chips_pos16par/amazon-data-services-inc-c-o-amazon-com-inc-attn-eaab3189/2024-08-H1.png
eaab3189-fef6-4564-bd82-bd4b6d81c77b,amazon-data-services-inc-c-o-amazon-com-inc-attn-eaab3189,Amazon Data Services Inc C/O Amazon.Com Inc / Attn: Prop Tax Campus,VA,89.79,7,positive,2025-03-H2,False,Expansion,2024-08-H2,-14,9266,1.0,0.02887,0.20174,0.1785,0.0134,0.60635,0.55345,-0.15041,0.20956,171315.51126,499.17107,results/chips_pos16par/amazon-data-services-inc-c-o-amazon-com-inc-attn-eaab3189/2024-08-H2.png
eaab3189-fef6-4564-bd82-bd4b6d81c77b,amazon-data-services-inc-c-o-amazon-com-inc-attn-eaab3189,Amazon Data Services Inc C/O Amazon.Com Inc / Attn: Prop Tax Campus,VA,89.79,7,positive,2025-03-H2,False,Expansion,2024-09-H1,-13,9266,1.0,0.03342,0.20789,0.13932,0.01956,0.63322,0.57636,-0.1729,0.19552,108419.95643,599.00528,results/chips_pos16par/amazon-data-services-inc-c-o-amazon-com-inc-attn-eaab3189/2024-09-H1.png
eaab3189-fef6-4564-bd82-bd4b6d81c77b,amazon-data-services-inc-c-o-amazon-com-inc-attn-eaab3189,Amazon Data Services Inc C/O Amazon.Com Inc / Attn: Prop Tax Campus,VA,89.79,7,positive,2025-03-H2,False,Expansion,2024-09-H2,-12,3761,0.4206,0.01837,0.21482,0.14691,0.02128,0.61699,0.47303,-0.09827,0.22112,29550.92735,499.17107,results/chips_pos16par/amazon-data-services-inc-c-o-amazon-com-inc-attn-eaab3189/2024-09-H2.png
eaab3189-fef6-4564-bd82-bd4b6d81c77b,amazon-data-services-inc-c-o-amazon-com-inc-attn-eaab3189,Amazon Data Services Inc C/O Amazon.Com Inc / Attn: Prop Tax Campus,VA,89.79,7,positive,2025-03-H2,False,Expansion,2024-10-H1,-11,9266,1.0,0.03393,0.18599,0.13402,0.01542,0.66456,0.57283,-0.13321,0.19207,95541.34282,698.8395,results/chips_pos16par/amazon-data-services-inc-c-o-amazon-com-inc-attn-eaab3189/2024-10-H1.png
eaab3189-fef6-4564-bd82-bd4b6d81c77b,amazon-data-services-inc-c-o-amazon-com-inc-attn-eaab3189,Amazon Data Services Inc C/O Amazon.Com Inc / Attn: Prop Tax Campus,VA,89.79,7,positive,2025-03-H2,False,Expansion,2024-10-H2,-10,9266,1.0,0.03239,0.14861,0.15456,0.01651,0.68032,0.47074,-0.0464,0.20716,119102.21733,599.00528,results/chips_pos16par/amazon-data-services-inc-c-o-amazon-com-inc-attn-eaab3189/2024-10-H2.png
eaab3189-fef6-4564-bd82-bd4b6d81c77b,amazon-data-services-inc-c-o-amazon-com-inc-attn-eaab3189,Amazon Data Services Inc C/O Amazon.Com Inc / Attn: Prop Tax Campus,VA,89.79,7,positive,2025-03-H2,False,Expansion,2024-11-H1,-9,8987,1.0,0.03468,0.14831,0.14595,0.01579,0.68995,0.45912,-0.0194,0.21052,97038.85603,599.00528,results/chips_pos16par/amazon-data-services-inc-c-o-amazon-com-inc-attn-eaab3189/2024-11-H1.png
eaab3189-fef6-4564-bd82-bd4b6d81c77b,amazon-data-services-inc-c-o-amazon-com-inc-attn-eaab3189,Amazon Data Services Inc C/O Amazon.Com Inc / Attn: Prop Tax Campus,VA,89.79,7,positive,2025-03-H2,False,Expansion,2024-11-H2,-8,9005,1.0,0.03459,0.13816,0.07813,0.00847,0.77525,0.45515,-0.02905,0.17429,4392.70542,998.34214,results/chips_pos16par/amazon-data-services-inc-c-o-amazon-com-inc-attn-eaab3189/2024-11-H2.png
eaab3189-fef6-4564-bd82-bd4b6d81c77b,amazon-data-services-inc-c-o-amazon-com-inc-attn-eaab3189,Amazon Data Services Inc C/O Amazon.Com Inc / Attn: Prop Tax Campus,VA,89.79,7,positive,2025-03-H2,False,Expansion,2024-12-H1,-7,9230,1.0,0.03379,0.13263,0.1249,0.01756,0.72491,0.44715,-0.02128,0.19548,53311.47029,4592.37384,results/chips_pos16par/amazon-data-services-inc-c-o-amazon-com-inc-attn-eaab3189/2024-12-H1.png
eaab3189-fef6-4564-bd82-bd4b6d81c77b,amazon-data-services-inc-c-o-amazon-com-inc-attn-eaab3189,Amazon Data Services Inc C/O Amazon.Com Inc / Attn: Prop Tax Campus,VA,89.79,7,positive,2025-03-H2,False,Expansion,2024-12-H2,-6,9266,1.0,0.03545,0.11479,0.03156,0.0131,0.84055,0.46014,-0.02757,0.14869,0.0,9983.4214,results/chips_pos16par/amazon-data-services-inc-c-o-amazon-com-inc-attn-eaab3189/2024-12-H2.png
eaab3189-fef6-4564-bd82-bd4b6d81c77b,amazon-data-services-inc-c-o-amazon-com-inc-attn-eaab3189,Amazon Data Services Inc C/O Amazon.Com Inc / Attn: Prop Tax Campus,VA,89.79,7,positive,2025-03-H2,False,Expansion,2025-01-H1,-5,2052,0.2295,0.04156,0.16753,0.0,0.0072,0.82527,0.61555,-0.40421,0.08546,0.0,0.0,results/chips_pos16par/amazon-data-services-inc-c-o-amazon-com-inc-attn-eaab3189/2025-01-H1.png
eaab3189-fef6-4564-bd82-bd4b6d81c77b,amazon-data-services-inc-c-o-amazon-com-inc-attn-eaab3189,Amazon Data Services Inc C/O Amazon.Com Inc / Attn: Prop Tax Campus,VA,89.79,7,positive,2025-03-H2,False,Expansion,2025-01-H2,-4,9034,1.0,0.03242,0.11897,0.08447,0.01747,0.7791,0.43513,-0.00714,0.17922,3693.86592,11181.43197,results/chips_pos16par/amazon-data-services-inc-c-o-amazon-com-inc-attn-eaab3189/2025-01-H2.png
eaab3189-fef6-4564-bd82-bd4b6d81c77b,amazon-data-services-inc-c-o-amazon-com-inc-attn-eaab3189,Amazon Data Services Inc C/O Amazon.Com Inc / Attn: Prop Tax Campus,VA,89.79,7,positive,2025-03-H2,False,Expansion,2025-02-H1,-3,5900,0.6598,0.02586,0.1017,0.04531,0.02315,0.82984,0.35938,-0.04196,0.15201,99.83421,6888.56077,results/chips_pos16par/amazon-data-services-inc-c-o-amazon-com-inc-attn-eaab3189/2025-02-H1.png
eaab3189-fef6-4564-bd82-bd4b6d81c77b,amazon-data-services-inc-c-o-amazon-com-inc-attn-eaab3189,Amazon Data Services Inc C/O Amazon.Com Inc / Attn: Prop Tax Campus,VA,89.79,7,positive,2025-03-H2,False,Expansion,2025-02-H2,-2,8869,0.9918,0.03253,0.13414,0.07172,0.0076,0.78653,0.43453,-0.00511,0.17682,399.33686,1497.51321,results/chips_pos16par/amazon-data-services-inc-c-o-amazon-com-inc-attn-eaab3189/2025-02-H2.png
eaab3189-fef6-4564-bd82-bd4b6d81c77b,amazon-data-services-inc-c-o-amazon-com-inc-attn-eaab3189,Amazon Data Services Inc C/O Amazon.Com Inc / Attn: Prop Tax Campus,VA,89.79,7,positive,2025-03-H2,False,Expansion,2025-03-H1,-1,9266,1.0,0.03166,0.10793,0.13271,0.01885,0.74051,0.40786,0.02308,0.19869,34642.47226,12878.61361,results/chips_pos16par/amazon-data-services-inc-c-o-amazon-com-inc-attn-eaab3189/2025-03-H1.png
eaab3189-fef6-4564-bd82-bd4b6d81c77b,amazon-data-services-inc-c-o-amazon-com-inc-attn-eaab3189,Amazon Data Services Inc C/O Amazon.Com Inc / Attn: Prop Tax Campus,VA,89.79,7,positive,2025-03-H2,False,Expansion,2025-03-H2,0,9263,1.0,0.03299,0.11712,0.14166,0.02062,0.7206,0.41411,0.04338,0.21332,37837.16711,12678.94518,results/chips_pos16par/amazon-data-services-inc-c-o-amazon-com-inc-attn-eaab3189/2025-03-H2.png
eaab3189-fef6-4564-bd82-bd4b6d81c77b,amazon-data-services-inc-c-o-amazon-com-inc-attn-eaab3189,Amazon Data Services Inc C/O Amazon.Com Inc / Attn: Prop Tax Campus,VA,89.79,7,positive,2025-03-H2,False,Expansion,2025-04-H1,1,9258,1.0,0.02427,0.15941,0.14002,0.02569,0.67487,0.41527,-0.01942,0.21951,13677.28732,13377.78468,results/chips_pos16par/amazon-data-services-inc-c-o-amazon-com-inc-attn-eaab3189/2025-04-H1.png
eaab3189-fef6-4564-bd82-bd4b6d81c77b,amazon-data-services-inc-c-o-amazon-com-inc-attn-eaab3189,Amazon Data Services Inc C/O Amazon.Com Inc / Attn: Prop Tax Campus,VA,89.79,7,positive,2025-03-H2,False,Expansion,2025-04-H2,2,8922,0.9978,0.02615,0.16861,0.13869,0.01366,0.67905,0.46239,-0.04141,0.21187,57404.67306,1896.85007,results/chips_pos16par/amazon-data-services-inc-c-o-amazon-com-inc-attn-eaab3189/2025-04-H2.png
eaab3189-fef6-4564-bd82-bd4b6d81c77b,amazon-data-services-inc-c-o-amazon-com-inc-attn-eaab3189,Amazon Data Services Inc C/O Amazon.Com Inc / Attn: Prop Tax Campus,VA,89.79,7,positive,2025-03-H2,False,Expansion,2025-05-H1,3,7751,0.8668,0.02636,0.23903,0.1738,0.02959,0.55758,0.55614,-0.15503,0.22488,128386.79923,12179.77411,results/chips_pos16par/amazon-data-services-inc-c-o-amazon-com-inc-attn-eaab3189/2025-05-H1.png
eaab3189-fef6-4564-bd82-bd4b6d81c77b,amazon-data-services-inc-c-o-amazon-com-inc-attn-eaab3189,Amazon Data Services Inc C/O Amazon.Com Inc / Attn: Prop Tax Campus,VA,89.79,7,positive,2025-03-H2,False,Expansion,2025-05-H2,4,9266,1.0,0.02926,0.23954,0.14259,0.03149,0.58637,0.54391,-0.14099,0.21802,50116.77544,16772.14796,results/chips_pos16par/amazon-data-services-inc-c-o-amazon-com-inc-attn-eaab3189/2025-05-H2.png
eaab3189-fef6-4564-bd82-bd4b6d81c77b,amazon-data-services-inc-c-o-amazon-com-inc-attn-eaab3189,Amazon Data Services Inc C/O Amazon.Com Inc / Attn: Prop Tax Campus,VA,89.79,7,positive,2025-03-H2,False,Expansion,2025-06-H1,5,9266,1.0,0.01816,0.27584,0.21285,0.02398,0.48733,0.51054,-0.11462,0.25979,168619.98748,11580.76883,results/chips_pos16par/amazon-data-services-inc-c-o-amazon-com-inc-attn-eaab3189/2025-06-H1.png
eaab3189-fef6-4564-bd82-bd4b6d81c77b,amazon-data-services-inc-c-o-amazon-com-inc-attn-eaab3189,Amazon Data Services Inc C/O Amazon.Com Inc / Attn: Prop Tax Campus,VA,89.79,7,positive,2025-03-H2,False,Expansion,2025-06-H2,6,9010,1.0,0.02699,0.20337,0.21155,0.02421,0.56087,0.49825,-0.08257,0.24143,186590.146,7687.23448,results/chips_pos16par/amazon-data-services-inc-c-o-amazon-com-inc-attn-eaab3189/2025-06-H2.png
eaab3189-fef6-4564-bd82-bd4b6d81c77b,amazon-data-services-inc-c-o-amazon-com-inc-attn-eaab3189,Amazon Data Services Inc C/O Amazon.Com Inc / Attn: Prop Tax Campus,VA,89.79,7,positive,2025-03-H2,False,Expansion,2025-07-H1,7,9266,1.0,0.02073,0.22743,0.23971,0.02712,0.50575,0.48396,-0.07233,0.26349,218437.26028,13078.28204,results/chips_pos16par/amazon-data-services-inc-c-o-amazon-com-inc-attn-eaab3189/2025-07-H1.png
eaab3189-fef6-4564-bd82-bd4b6d81c77b,amazon-data-services-inc-c-o-amazon-com-inc-attn-eaab3189,Amazon Data Services Inc C/O Amazon.Com Inc / Attn: Prop Tax Campus,VA,89.79,7,positive,2025-03-H2,False,Expansion,2025-07-H2,8,9009,1.0,0.0251,0.2178,0.22312,0.03189,0.52719,0.48574,-0.07233,0.25589,191981.19356,7687.23448,results/chips_pos16par/amazon-data-services-inc-c-o-amazon-com-inc-attn-eaab3189/2025-07-H2.png
eaab3189-fef6-4564-bd82-bd4b6d81c77b,amazon-data-services-inc-c-o-amazon-com-inc-attn-eaab3189,Amazon Data Services Inc C/O Amazon.Com Inc / Attn: Prop Tax Campus,VA,89.79,7,positive,2025-03-H2,False,Expansion,2025-08-H1,9,9266,1.0,0.02987,0.18135,0.21754,0.03349,0.56761,0.49544,-0.11154,0.23066,200766.60439,12678.94518,results/chips_pos16par/amazon-data-services-inc-c-o-amazon-com-inc-attn-eaab3189/2025-08-H1.png
eaab3189-fef6-4564-bd82-bd4b6d81c77b,amazon-data-services-inc-c-o-amazon-com-inc-attn-eaab3189,Amazon Data Services Inc C/O Amazon.Com Inc / Attn: Prop Tax Campus,VA,89.79,7,positive,2025-03-H2,False,Expansion,2025-08-H2,10,9239,1.0,0.02812,0.20074,0.20668,0.03577,0.55681,0.49968,-0.10202,0.23798,173012.6929,13777.12153,results/chips_pos16par/amazon-data-services-inc-c-o-amazon-com-inc-attn-eaab3189/2025-08-H2.png
eaab3189-fef6-4564-bd82-bd4b6d81c77b,amazon-data-services-inc-c-o-amazon-com-inc-attn-eaab3189,Amazon Data Services Inc C/O Amazon.Com Inc / Attn: Prop Tax Campus,VA,89.79,7,positive,2025-03-H2,False,Expansion,2025-09-H1,11,9243,1.0,0.02969,0.17879,0.20122,0.03533,0.58465,0.48293,-0.08653,0.23195,155541.70544,13078.28204,results/chips_pos16par/amazon-data-services-inc-c-o-amazon-com-inc-attn-eaab3189/2025-09-H1.png
eaab3189-fef6-4564-bd82-bd4b6d81c77b,amazon-data-services-inc-c-o-amazon-com-inc-attn-eaab3189,Amazon Data Services Inc C/O Amazon.Com Inc / Attn: Prop Tax Campus,VA,89.79,7,positive,2025-03-H2,False,Expansion,2025-09-H2,12,9262,1.0,0.02918,0.15292,0.09953,0.02069,0.72686,0.48236,-0.10102,0.17702,5291.21334,12379.44254,results/chips_pos16par/amazon-data-services-inc-c-o-amazon-com-inc-attn-eaab3189/2025-09-H2.png
eaab3189-fef6-4564-bd82-bd4b6d81c77b,amazon-data-services-inc-c-o-amazon-com-inc-attn-eaab3189,Amazon Data Services Inc C/O Amazon.Com Inc / Attn: Prop Tax Campus,VA,89.79,7,positive,2025-03-H2,False,Expansion,2025-10-H1,13,9259,1.0,0.03397,0.1444,0.15597,0.02612,0.67351,0.49462,-0.07793,0.20181,99734.37981,12279.60832,results/chips_pos16par/amazon-data-services-inc-c-o-amazon-com-inc-attn-eaab3189/2025-10-H1.png
eaab3189-fef6-4564-bd82-bd4b6d81c77b,amazon-data-services-inc-c-o-amazon-com-inc-attn-eaab3189,Amazon Data Services Inc C/O Amazon.Com Inc / Attn: Prop Tax Campus,VA,89.79,7,positive,2025-03-H2,False,Expansion,2025-10-H2,14,9265,1.0,0.03182,0.14944,0.15395,0.02467,0.67195,0.45254,-0.05758,0.205,88652.78205,12179.77411,results/chips_pos16par/amazon-data-services-inc-c-o-amazon-com-inc-attn-eaab3189/2025-10-H2.png
eaab3189-fef6-4564-bd82-bd4b6d81c77b,amazon-data-services-inc-c-o-amazon-com-inc-attn-eaab3189,Amazon Data Services Inc C/O Amazon.Com Inc / Attn: Prop Tax Campus,VA,89.79,7,positive,2025-03-H2,False,Expansion,2025-11-H1,15,8992,1.0,0.03346,0.1151,0.15259,0.02144,0.71087,0.37728,0.01785,0.2087,63993.73119,11181.43197,results/chips_pos16par/amazon-data-services-inc-c-o-amazon-com-inc-attn-eaab3189/2025-11-H1.png
eaab3189-fef6-4564-bd82-bd4b6d81c77b,amazon-data-services-inc-c-o-amazon-com-inc-attn-eaab3189,Amazon Data Services Inc C/O Amazon.Com Inc / Attn: Prop Tax Campus,VA,89.79,7,positive,2025-03-H2,False,Expansion,2025-12-H1,17,9004,1.0,0.03374,0.10907,0.03626,0.01678,0.83789,0.37903,-0.03622,0.14934,1597.34742,10282.92404,results/chips_pos16par/amazon-data-services-inc-c-o-amazon-com-inc-attn-eaab3189/2025-12-H1.png
eaab3189-fef6-4564-bd82-bd4b6d81c77b,amazon-data-services-inc-c-o-amazon-com-inc-attn-eaab3189,Amazon Data Services Inc C/O Amazon.Com Inc / Attn: Prop Tax Campus,VA,89.79,7,positive,2025-03-H2,False,Expansion,2025-12-H2,18,8081,0.9037,0.02755,0.09758,0.17833,0.03097,0.69312,0.29857,0.03361,0.21812,70482.9551,10881.92933,results/chips_pos16par/amazon-data-services-inc-c-o-amazon-com-inc-attn-eaab3189/2025-12-H2.png
eaab3189-fef6-4564-bd82-bd4b6d81c77b,amazon-data-services-inc-c-o-amazon-com-inc-attn-eaab3189,Amazon Data Services Inc C/O Amazon.Com Inc / Attn: Prop Tax Campus,VA,89.79,7,positive,2025-03-H2,False,Expansion,2026-01-H1,19,9150,1.0,0.03416,0.09842,0.06664,0.0304,0.80455,0.35869,0.0117,0.17204,1497.51321,22662.36658,results/chips_pos16par/amazon-data-services-inc-c-o-amazon-com-inc-attn-eaab3189/2026-01-H1.png
eaab3189-fef6-4564-bd82-bd4b6d81c77b,amazon-data-services-inc-c-o-amazon-com-inc-attn-eaab3189,Amazon Data Services Inc C/O Amazon.Com Inc / Attn: Prop Tax Campus,VA,89.79,7,positive,2025-03-H2,False,Expansion,2026-01-H2,20,409,0.0457,0.03496,0.21005,0.0,0.00581,0.78414,0.55375,-0.382,0.10049,0.0,0.0,results/chips_pos16par/amazon-data-services-inc-c-o-amazon-com-inc-attn-eaab3189/2026-01-H2.png
eaab3189-fef6-4564-bd82-bd4b6d81c77b,amazon-data-services-inc-c-o-amazon-com-inc-attn-eaab3189,Amazon Data Services Inc C/O Amazon.Com Inc / Attn: Prop Tax Campus,VA,89.79,7,positive,2025-03-H2,False,Expansion,2026-02-H1,21,3517,0.3933,0.02767,0.1259,0.0827,0.04874,0.74266,0.3386,-0.165,0.16119,8485.90819,5391.04756,results/chips_pos16par/amazon-data-services-inc-c-o-amazon-com-inc-attn-eaab3189/2026-02-H1.png
eaab3189-fef6-4564-bd82-bd4b6d81c77b,amazon-data-services-inc-c-o-amazon-com-inc-attn-eaab3189,Amazon Data Services Inc C/O Amazon.Com Inc / Attn: Prop Tax Campus,VA,89.79,7,positive,2025-03-H2,False,Expansion,2026-02-H2,22,9266,1.0,0.02934,0.10017,0.14415,0.03351,0.72217,0.30705,0.07129,0.21719,2995.02642,23660.70872,results/chips_pos16par/amazon-data-services-inc-c-o-amazon-com-inc-attn-eaab3189/2026-02-H2.png
eaab3189-fef6-4564-bd82-bd4b6d81c77b,amazon-data-services-inc-c-o-amazon-com-inc-attn-eaab3189,Amazon Data Services Inc C/O Amazon.Com Inc / Attn: Prop Tax Campus,VA,89.79,7,positive,2025-03-H2,False,Expansion,2026-03-H1,23,9257,1.0,0.02994,0.09622,0.21445,0.03773,0.65161,0.30401,0.09399,0.25017,74476.32366,25657.393,results/chips_pos16par/amazon-data-services-inc-c-o-amazon-com-inc-attn-eaab3189/2026-03-H1.png
eaab3189-fef6-4564-bd82-bd4b6d81c77b,amazon-data-services-inc-c-o-amazon-com-inc-attn-eaab3189,Amazon Data Services Inc C/O Amazon.Com Inc / Attn: Prop Tax Campus,VA,89.79,7,positive,2025-03-H2,False,Expansion,2026-03-H2,24,8176,0.9143,0.02718,0.09588,0.13168,0.03966,0.73278,0.32078,0.02548,0.20252,4492.53963,24359.54822,results/chips_pos16par/amazon-data-services-inc-c-o-amazon-com-inc-attn-eaab3189/2026-03-H2.png
eaab3189-fef6-4564-bd82-bd4b6d81c77b,amazon-data-services-inc-c-o-amazon-com-inc-attn-eaab3189,Amazon Data Services Inc C/O Amazon.Com Inc / Attn: Prop Tax Campus,VA,89.79,7,positive,2025-03-H2,False,Expansion,2026-04-H1,25,9232,1.0,0.02728,0.09227,0.24315,0.04278,0.62181,0.29286,0.08469,0.26033,160433.58193,25058.38772,results/chips_pos16par/amazon-data-services-inc-c-o-amazon-com-inc-attn-eaab3189/2026-04-H1.png
eaab3189-fef6-4564-bd82-bd4b6d81c77b,amazon-data-services-inc-c-o-amazon-com-inc-attn-eaab3189,Amazon Data Services Inc C/O Amazon.Com Inc / Attn: Prop Tax Campus,VA,89.79,7,positive,2025-03-H2,False,Expansion,2026-04-H2,26,9235,1.0,0.02399,0.1986,0.2451,0.04995,0.50636,0.42487,-0.08342,0.2613,204260.80189,25158.22193,results/chips_pos16par/amazon-data-services-inc-c-o-amazon-com-inc-attn-eaab3189/2026-04-H2.png
eaab3189-fef6-4564-bd82-bd4b6d81c77b,amazon-data-services-inc-c-o-amazon-com-inc-attn-eaab3189,Amazon Data Services Inc C/O Amazon.Com Inc / Attn: Prop Tax Campus,VA,89.79,7,positive,2025-03-H2,False,Expansion,2026-05-H1,27,9238,1.0,0.025,0.20921,0.1483,0.05071,0.59178,0.44785,-0.12596,0.2199,25557.55879,29850.42999,results/chips_pos16par/amazon-data-services-inc-c-o-amazon-com-inc-attn-eaab3189/2026-05-H1.png
eaab3189-fef6-4564-bd82-bd4b6d81c77b,amazon-data-services-inc-c-o-amazon-com-inc-attn-eaab3189,Amazon Data Services Inc C/O Amazon.Com Inc / Attn: Prop Tax Campus,VA,89.79,7,positive,2025-03-H2,False,Expansion,2026-05-H2,28,8951,1.0,0.02364,0.23994,0.23051,0.05954,0.47001,0.44891,-0.10156,0.26713,174709.87454,25757.22722,results/chips_pos16par/amazon-data-services-inc-c-o-amazon-com-inc-attn-eaab3189/2026-05-H2.png
eaab3189-fef6-4564-bd82-bd4b6d81c77b,amazon-data-services-inc-c-o-amazon-com-inc-attn-eaab3189,Amazon Data Services Inc C/O Amazon.Com Inc / Attn: Prop Tax Campus,VA,89.79,7,positive,2025-03-H2,False,Expansion,2026-06-H1,29,9223,1.0,0.02293,0.22654,0.26523,0.06286,0.44537,0.43155,-0.08336,0.2813,230517.20017,29650.76156,results/chips_pos16par/amazon-data-services-inc-c-o-amazon-com-inc-attn-eaab3189/2026-06-H1.png
eaab3189-fef6-4564-bd82-bd4b6d81c77b,amazon-data-services-inc-c-o-amazon-com-inc-attn-eaab3189,Amazon Data Services Inc C/O Amazon.Com Inc / Attn: Prop Tax Campus,VA,89.79,7,positive,2025-03-H2,False,Expansion,2026-06-H2,30,8497,0.9502,0.02531,0.21231,0.2056,0.0422,0.53989,0.45331,-0.11778,0.23578,125291.9386,17071.6506,results/chips_pos16par/amazon-data-services-inc-c-o-amazon-com-inc-attn-eaab3189/2026-06-H2.png
eaab3189-fef6-4564-bd82-bd4b6d81c77b,amazon-data-services-inc-c-o-amazon-com-inc-attn-eaab3189,Amazon Data Services Inc C/O Amazon.Com Inc / Attn: Prop Tax Campus,VA,89.79,7,positive,2025-03-H2,False,Expansion,2026-07-H1,31,8972,1.0,0.0262,0.18758,0.22276,0.04071,0.54896,0.43882,-0.06861,0.24834,176706.55882,21664.02444,results/chips_pos16par/amazon-data-services-inc-c-o-amazon-com-inc-attn-eaab3189/2026-07-H1.png
eaab3189-fef6-4564-bd82-bd4b6d81c77b,amazon-data-services-inc-c-o-amazon-com-inc-attn-eaab3189,Amazon Data Services Inc C/O Amazon.Com Inc / Attn: Prop Tax Campus,VA,89.79,7,positive,2025-03-H2,False,Expansion,2026-07-H2,32,9255,1.0,0.02035,0.21207,0.13254,0.05103,0.60436,0.42343,-0.10805,0.21965,10282.92404,28552.58521,results/chips_pos16par/amazon-data-services-inc-c-o-amazon-com-inc-attn-eaab3189/2026-07-H2.png
eaab3189-fef6-4564-bd82-bd4b6d81c77b,amazon-data-services-inc-c-o-amazon-com-inc-attn-eaab3189,Amazon Data Services Inc C/O Amazon.Com Inc / Attn: Prop Tax Campus,VA,89.79,7,positive,2025-03-H2,False,Expansion,2026-08-H2,34,5047,0.5644,0.02719,0.13733,0.19764,0.03339,0.63164,0.38024,-0.0549,0.21584,49118.4333,5490.88177,results/chips_pos16par/amazon-data-services-inc-c-o-amazon-com-inc-attn-eaab3189/2026-08-H2.png
eaab3189-fef6-4564-bd82-bd4b6d81c77b,amazon-data-services-inc-c-o-amazon-com-inc-attn-eaab3189,Amazon Data Services Inc C/O Amazon.Com Inc / Attn: Prop Tax Campus,VA,89.79,7,positive,2025-03-H2,False,Expansion,2026-09-H1,35,9227,1.0,0.02901,0.13127,0.16307,0.04466,0.661,0.41112,-0.04472,0.21157,36539.32233,30549.26949,results/chips_pos16par/amazon-data-services-inc-c-o-amazon-com-inc-attn-eaab3189/2026-09-H1.png
8e7ec2e0-c989-11f0-a883-9fe07aabef6d,amazon-data-services-inc-campus-8e7ec2e0,"Amazon Data Services, Inc Campus",GA,47.68,5,positive,2025-09-H1,False,Greenfield,2023-01-H1,-64,4937,1.0,0.04061,0.11285,0.06,3e-05,0.82712,0.45585,0.1208,0.18646,0.0,0.0,results/chips_pos16par/amazon-data-services-inc-campus-8e7ec2e0/2023-01-H1.png
8e7ec2e0-c989-11f0-a883-9fe07aabef6d,amazon-data-services-inc-campus-8e7ec2e0,"Amazon Data Services, Inc Campus",GA,47.68,5,positive,2025-09-H1,False,Greenfield,2023-01-H2,-63,4935,1.0,0.04271,0.11493,0.0775,5e-05,0.80753,0.44692,0.14005,0.19948,0.0,0.0,results/chips_pos16par/amazon-data-services-inc-campus-8e7ec2e0/2023-01-H2.png
8e7ec2e0-c989-11f0-a883-9fe07aabef6d,amazon-data-services-inc-campus-8e7ec2e0,"Amazon Data Services, Inc Campus",GA,47.68,5,positive,2025-09-H1,False,Greenfield,2023-02-H1,-62,4933,1.0,0.04388,0.11997,0.09762,4e-05,0.78236,0.44716,0.14797,0.21243,0.0,0.0,results/chips_pos16par/amazon-data-services-inc-campus-8e7ec2e0/2023-02-H1.png
8e7ec2e0-c989-11f0-a883-9fe07aabef6d,amazon-data-services-inc-campus-8e7ec2e0,"Amazon Data Services, Inc Campus",GA,47.68,5,positive,2025-09-H1,False,Greenfield,2023-02-H2,-61,4937,1.0,0.04624,0.10417,0.16242,4e-05,0.73337,0.42577,0.20306,0.24535,0.0,0.0,results/chips_pos16par/amazon-data-services-inc-campus-8e7ec2e0/2023-02-H2.png
8e7ec2e0-c989-11f0-a883-9fe07aabef6d,amazon-data-services-inc-campus-8e7ec2e0,"Amazon Data Services, Inc Campus",GA,47.68,5,positive,2025-09-H1,False,Greenfield,2023-03-H1,-60,4937,1.0,0.04474,0.11478,0.15437,5e-05,0.73079,0.43162,0.18223,0.24271,0.0,0.0,results/chips_pos16par/amazon-data-services-inc-campus-8e7ec2e0/2023-03-H1.png
8e7ec2e0-c989-11f0-a883-9fe07aabef6d,amazon-data-services-inc-campus-8e7ec2e0,"Amazon Data Services, Inc Campus",GA,47.68,5,positive,2025-09-H1,False,Greenfield,2023-03-H2,-59,4905,1.0,0.03434,0.17836,0.13307,0.0001,0.68847,0.51693,0.06741,0.23645,0.0,0.0,results/chips_pos16par/amazon-data-services-inc-campus-8e7ec2e0/2023-03-H2.png
8e7ec2e0-c989-11f0-a883-9fe07aabef6d,amazon-data-services-inc-campus-8e7ec2e0,"Amazon Data Services, Inc Campus",GA,47.68,5,positive,2025-09-H1,False,Greenfield,2023-04-H1,-58,4913,1.0,0.02821,0.30016,0.01581,0.00014,0.68389,0.73585,-0.179,0.17998,0.0,0.0,results/chips_pos16par/amazon-data-services-inc-campus-8e7ec2e0/2023-04-H1.png
8e7ec2e0-c989-11f0-a883-9fe07aabef6d,amazon-data-services-inc-campus-8e7ec2e0,"Amazon Data Services, Inc Campus",GA,47.68,5,positive,2025-09-H1,False,Greenfield,2023-04-H2,-57,4902,1.0,0.02937,0.41381,0.01214,0.00015,0.5739,0.82689,-0.32762,0.16991,0.0,0.0,results/chips_pos16par/amazon-data-services-inc-campus-8e7ec2e0/2023-04-H2.png
8e7ec2e0-c989-11f0-a883-9fe07aabef6d,amazon-data-services-inc-campus-8e7ec2e0,"Amazon Data Services, Inc Campus",GA,47.68,5,positive,2025-09-H1,False,Greenfield,2023-05-H1,-56,4937,1.0,0.03468,0.466,0.00862,0.00023,0.52515,0.86817,-0.3813,0.16543,0.0,0.0,results/chips_pos16par/amazon-data-services-inc-campus-8e7ec2e0/2023-05-H1.png
8e7ec2e0-c989-11f0-a883-9fe07aabef6d,amazon-data-services-inc-campus-8e7ec2e0,"Amazon Data Services, Inc Campus",GA,47.68,5,positive,2025-09-H1,False,Greenfield,2023-05-H2,-55,4902,1.0,0.02923,0.45645,0.00733,0.00011,0.53612,0.84145,-0.36406,0.16987,0.0,0.0,results/chips_pos16par/amazon-data-services-inc-campus-8e7ec2e0/2023-05-H2.png
8e7ec2e0-c989-11f0-a883-9fe07aabef6d,amazon-data-services-inc-campus-8e7ec2e0,"Amazon Data Services, Inc Campus",GA,47.68,5,positive,2025-09-H1,False,Greenfield,2023-06-H1,-54,4899,1.0,0.03045,0.43296,0.00549,0.0001,0.56145,0.83201,-0.36965,0.16116,0.0,0.0,results/chips_pos16par/amazon-data-services-inc-campus-8e7ec2e0/2023-06-H1.png
8e7ec2e0-c989-11f0-a883-9fe07aabef6d,amazon-data-services-inc-campus-8e7ec2e0,"Amazon Data Services, Inc Campus",GA,47.68,5,positive,2025-09-H1,False,Greenfield,2023-06-H2,-53,4937,1.0,0.03232,0.44512,0.00704,0.00014,0.5477,0.86497,-0.35143,0.17073,0.0,0.0,results/chips_pos16par/amazon-data-services-inc-campus-8e7ec2e0/2023-06-H2.png
8e7ec2e0-c989-11f0-a883-9fe07aabef6d,amazon-data-services-inc-campus-8e7ec2e0,"Amazon Data Services, Inc Campus",GA,47.68,5,positive,2025-09-H1,False,Greenfield,2023-07-H1,-52,4934,1.0,0.03372,0.4186,0.00607,8e-05,0.57524,0.86935,-0.33055,0.16974,0.0,0.0,results/chips_pos16par/amazon-data-services-inc-campus-8e7ec2e0/2023-07-H1.png
8e7ec2e0-c989-11f0-a883-9fe07aabef6d,amazon-data-services-inc-campus-8e7ec2e0,"Amazon Data Services, Inc Campus",GA,47.68,5,positive,2025-09-H1,False,Greenfield,2023-07-H2,-51,4607,0.9687,0.02049,0.37176,0.00549,0.02328,0.59948,0.63481,-0.313,0.176,0.0,0.0,results/chips_pos16par/amazon-data-services-inc-campus-8e7ec2e0/2023-07-H2.png
8e7ec2e0-c989-11f0-a883-9fe07aabef6d,amazon-data-services-inc-campus-8e7ec2e0,"Amazon Data Services, Inc Campus",GA,47.68,5,positive,2025-09-H1,False,Greenfield,2023-08-H1,-50,4902,1.0,0.02982,0.36425,0.00329,0.00116,0.6313,0.81226,-0.31724,0.15908,0.0,0.0,results/chips_pos16par/amazon-data-services-inc-campus-8e7ec2e0/2023-08-H1.png
8e7ec2e0-c989-11f0-a883-9fe07aabef6d,amazon-data-services-inc-campus-8e7ec2e0,"Amazon Data Services, Inc Campus",GA,47.68,5,positive,2025-09-H1,False,Greenfield,2023-08-H2,-49,4902,1.0,0.03458,0.32799,0.00346,4e-05,0.66851,0.82856,-0.27509,0.1587,0.0,0.0,results/chips_pos16par/amazon-data-services-inc-campus-8e7ec2e0/2023-08-H2.png
8e7ec2e0-c989-11f0-a883-9fe07aabef6d,amazon-data-services-inc-campus-8e7ec2e0,"Amazon Data Services, Inc Campus",GA,47.68,5,positive,2025-09-H1,False,Greenfield,2023-09-H1,-48,3648,0.767,0.0396,0.24927,0.00421,0.00117,0.74535,0.76718,-0.32044,0.12556,199.79678,0.0,results/chips_pos16par/amazon-data-services-inc-campus-8e7ec2e0/2023-09-H1.png
8e7ec2e0-c989-11f0-a883-9fe07aabef6d,amazon-data-services-inc-campus-8e7ec2e0,"Amazon Data Services, Inc Campus",GA,47.68,5,positive,2025-09-H1,False,Greenfield,2023-10-H1,-46,584,0.1228,0.01475,0.28133,0.05227,0.03941,0.62699,0.54953,-0.22186,0.19168,0.0,0.0,results/chips_pos16par/amazon-data-services-inc-campus-8e7ec2e0/2023-10-H1.png
8e7ec2e0-c989-11f0-a883-9fe07aabef6d,amazon-data-services-inc-campus-8e7ec2e0,"Amazon Data Services, Inc Campus",GA,47.68,5,positive,2025-09-H1,False,Greenfield,2023-10-H2,-45,4826,1.0,0.04444,0.27289,0.00073,5e-05,0.72633,0.83103,-0.27505,0.13731,0.0,0.0,results/chips_pos16par/amazon-data-services-inc-campus-8e7ec2e0/2023-10-H2.png
8e7ec2e0-c989-11f0-a883-9fe07aabef6d,amazon-data-services-inc-campus-8e7ec2e0,"Amazon Data Services, Inc Campus",GA,47.68,5,positive,2025-09-H1,False,Greenfield,2023-11-H1,-44,4902,1.0,0.03882,0.23707,0.00513,6e-05,0.75775,0.73528,-0.15528,0.15667,0.0,0.0,results/chips_pos16par/amazon-data-services-inc-campus-8e7ec2e0/2023-11-H1.png
8e7ec2e0-c989-11f0-a883-9fe07aabef6d,amazon-data-services-inc-campus-8e7ec2e0,"Amazon Data Services, Inc Campus",GA,47.68,5,positive,2025-09-H1,False,Greenfield,2023-12-H1,-42,4896,1.0,0.04699,0.12012,0.07422,3e-05,0.80563,0.502,0.15004,0.20303,0.0,0.0,results/chips_pos16par/amazon-data-services-inc-campus-8e7ec2e0/2023-12-H1.png
8e7ec2e0-c989-11f0-a883-9fe07aabef6d,amazon-data-services-inc-campus-8e7ec2e0,"Amazon Data Services, Inc Campus",GA,47.68,5,positive,2025-09-H1,False,Greenfield,2024-01-H1,-40,4936,1.0,0.04351,0.11405,0.07955,3e-05,0.80637,0.46448,0.14259,0.20039,0.0,0.0,results/chips_pos16par/amazon-data-services-inc-campus-8e7ec2e0/2024-01-H1.png
8e7ec2e0-c989-11f0-a883-9fe07aabef6d,amazon-data-services-inc-campus-8e7ec2e0,"Amazon Data Services, Inc Campus",GA,47.68,5,positive,2025-09-H1,False,Greenfield,2024-01-H2,-39,4923,1.0,0.0466,0.11139,0.07748,3e-05,0.8111,0.46876,0.16475,0.20312,0.0,0.0,results/chips_pos16par/amazon-data-services-inc-campus-8e7ec2e0/2024-01-H2.png
8e7ec2e0-c989-11f0-a883-9fe07aabef6d,amazon-data-services-inc-campus-8e7ec2e0,"Amazon Data Services, Inc Campus",GA,47.68,5,positive,2025-09-H1,False,Greenfield,2024-02-H1,-38,4937,1.0,0.04202,0.12043,0.08041,5e-05,0.79911,0.45976,0.1269,0.20051,0.0,0.0,results/chips_pos16par/amazon-data-services-inc-campus-8e7ec2e0/2024-02-H1.png
8e7ec2e0-c989-11f0-a883-9fe07aabef6d,amazon-data-services-inc-campus-8e7ec2e0,"Amazon Data Services, Inc Campus",GA,47.68,5,positive,2025-09-H1,False,Greenfield,2024-02-H2,-37,2446,0.5143,0.02206,0.08863,0.07733,0.00239,0.83164,0.33789,0.0389,0.16857,0.0,0.0,results/chips_pos16par/amazon-data-services-inc-campus-8e7ec2e0/2024-02-H2.png
8e7ec2e0-c989-11f0-a883-9fe07aabef6d,amazon-data-services-inc-campus-8e7ec2e0,"Amazon Data Services, Inc Campus",GA,47.68,5,positive,2025-09-H1,False,Greenfield,2024-03-H1,-36,4902,1.0,0.04319,0.10082,0.18801,2e-05,0.71114,0.40362,0.20514,0.25612,0.0,0.0,results/chips_pos16par/amazon-data-services-inc-campus-8e7ec2e0/2024-03-H1.png
8e7ec2e0-c989-11f0-a883-9fe07aabef6d,amazon-data-services-inc-campus-8e7ec2e0,"Amazon Data Services, Inc Campus",GA,47.68,5,positive,2025-09-H1,False,Greenfield,2024-03-H2,-35,4902,1.0,0.03966,0.15019,0.16185,4e-05,0.68792,0.46693,0.12683,0.25017,0.0,0.0,results/chips_pos16par/amazon-data-services-inc-campus-8e7ec2e0/2024-03-H2.png
8e7ec2e0-c989-11f0-a883-9fe07aabef6d,amazon-data-services-inc-campus-8e7ec2e0,"Amazon Data Services, Inc Campus",GA,47.68,5,positive,2025-09-H1,False,Greenfield,2024-04-H1,-34,4902,1.0,0.02658,0.31608,0.02554,7e-05,0.65831,0.72308,-0.15388,0.19657,0.0,0.0,results/chips_pos16par/amazon-data-services-inc-campus-8e7ec2e0/2024-04-H1.png
8e7ec2e0-c989-11f0-a883-9fe07aabef6d,amazon-data-services-inc-campus-8e7ec2e0,"Amazon Data Services, Inc Campus",GA,47.68,5,positive,2025-09-H1,False,Greenfield,2024-04-H2,-33,4937,1.0,0.03089,0.43693,0.00797,0.00014,0.55496,0.84655,-0.36405,0.1634,0.0,0.0,results/chips_pos16par/amazon-data-services-inc-campus-8e7ec2e0/2024-04-H2.png
8e7ec2e0-c989-11f0-a883-9fe07aabef6d,amazon-data-services-inc-campus-8e7ec2e0,"Amazon Data Services, Inc Campus",GA,47.68,5,positive,2025-09-H1,False,Greenfield,2024-05-H2,-31,4937,1.0,0.03307,0.48622,0.00504,0.00016,0.50858,0.87766,-0.37682,0.17195,0.0,0.0,results/chips_pos16par/amazon-data-services-inc-campus-8e7ec2e0/2024-05-H2.png
8e7ec2e0-c989-11f0-a883-9fe07aabef6d,amazon-data-services-inc-campus-8e7ec2e0,"Amazon Data Services, Inc Campus",GA,47.68,5,positive,2025-09-H1,False,Greenfield,2024-06-H1,-30,4937,1.0,0.03403,0.47375,0.00683,0.00014,0.51928,0.87967,-0.36298,0.17353,0.0,0.0,results/chips_pos16par/amazon-data-services-inc-campus-8e7ec2e0/2024-06-H1.png
8e7ec2e0-c989-11f0-a883-9fe07aabef6d,amazon-data-services-inc-campus-8e7ec2e0,"Amazon Data Services, Inc Campus",GA,47.68,5,positive,2025-09-H1,False,Greenfield,2024-06-H2,-29,4902,1.0,0.02927,0.50177,0.01475,9e-05,0.48339,0.86157,-0.33565,0.19299,0.0,0.0,results/chips_pos16par/amazon-data-services-inc-campus-8e7ec2e0/2024-06-H2.png
8e7ec2e0-c989-11f0-a883-9fe07aabef6d,amazon-data-services-inc-campus-8e7ec2e0,"Amazon Data Services, Inc Campus",GA,47.68,5,positive,2025-09-H1,False,Greenfield,2024-07-H2,-27,4253,0.8942,0.02477,0.42266,0.01474,0.00021,0.56239,0.80125,-0.29999,0.18372,0.0,0.0,results/chips_pos16par/amazon-data-services-inc-campus-8e7ec2e0/2024-07-H2.png
8e7ec2e0-c989-11f0-a883-9fe07aabef6d,amazon-data-services-inc-campus-8e7ec2e0,"Amazon Data Services, Inc Campus",GA,47.68,5,positive,2025-09-H1,False,Greenfield,2024-08-H1,-26,4902,1.0,0.03546,0.37288,0.00661,4e-05,0.62047,0.85838,-0.31277,0.16178,0.0,0.0,results/chips_pos16par/amazon-data-services-inc-campus-8e7ec2e0/2024-08-H1.png
8e7ec2e0-c989-11f0-a883-9fe07aabef6d,amazon-data-services-inc-campus-8e7ec2e0,"Amazon Data Services, Inc Campus",GA,47.68,5,positive,2025-09-H1,False,Greenfield,2024-08-H2,-25,4937,1.0,0.03564,0.35945,0.00516,0.0001,0.63529,0.83765,-0.31654,0.15641,0.0,0.0,results/chips_pos16par/amazon-data-services-inc-campus-8e7ec2e0/2024-08-H2.png
8e7ec2e0-c989-11f0-a883-9fe07aabef6d,amazon-data-services-inc-campus-8e7ec2e0,"Amazon Data Services, Inc Campus",GA,47.68,5,positive,2025-09-H1,False,Greenfield,2024-09-H1,-24,4381,0.9212,0.02381,0.38438,0.01108,0.00087,0.60367,0.74741,-0.32257,0.16646,0.0,0.0,results/chips_pos16par/amazon-data-services-inc-campus-8e7ec2e0/2024-09-H1.png
8e7ec2e0-c989-11f0-a883-9fe07aabef6d,amazon-data-services-inc-campus-8e7ec2e0,"Amazon Data Services, Inc Campus",GA,47.68,5,positive,2025-09-H1,False,Greenfield,2024-09-H2,-23,3248,0.6829,0.03264,0.28705,0.00929,0.00047,0.70319,0.76937,-0.25008,0.15398,0.0,0.0,results/chips_pos16par/amazon-data-services-inc-campus-8e7ec2e0/2024-09-H2.png
8e7ec2e0-c989-11f0-a883-9fe07aabef6d,amazon-data-services-inc-campus-8e7ec2e0,"Amazon Data Services, Inc Campus",GA,47.68,5,positive,2025-09-H1,False,Greenfield,2024-10-H1,-22,4937,1.0,0.04171,0.30265,0.00479,4e-05,0.69253,0.84562,-0.27881,0.14693,0.0,0.0,results/chips_pos16par/amazon-data-services-inc-campus-8e7ec2e0/2024-10-H1.png
8e7ec2e0-c989-11f0-a883-9fe07aabef6d,amazon-data-services-inc-campus-8e7ec2e0,"Amazon Data Services, Inc Campus",GA,47.68,5,positive,2025-09-H1,False,Greenfield,2024-10-H2,-21,4902,1.0,0.03976,0.27664,0.0044,1e-05,0.71895,0.78821,-0.24723,0.14645,0.0,0.0,results/chips_pos16par/amazon-data-services-inc-campus-8e7ec2e0/2024-10-H2.png
8e7ec2e0-c989-11f0-a883-9fe07aabef6d,amazon-data-services-inc-campus-8e7ec2e0,"Amazon Data Services, Inc Campus",GA,47.68,5,positive,2025-09-H1,False,Greenfield,2024-11-H2,-19,4937,1.0,0.03698,0.20701,0.01622,5e-05,0.77672,0.58938,-0.05793,0.17321,0.0,0.0,results/chips_pos16par/amazon-data-services-inc-campus-8e7ec2e0/2024-11-H2.png
8e7ec2e0-c989-11f0-a883-9fe07aabef6d,amazon-data-services-inc-campus-8e7ec2e0,"Amazon Data Services, Inc Campus",GA,47.68,5,positive,2025-09-H1,False,Greenfield,2024-12-H2,-17,4914,1.0,0.04582,0.12258,0.08252,3e-05,0.79487,0.47235,0.14643,0.20706,0.0,0.0,results/chips_pos16par/amazon-data-services-inc-campus-8e7ec2e0/2024-12-H2.png
8e7ec2e0-c989-11f0-a883-9fe07aabef6d,amazon-data-services-inc-campus-8e7ec2e0,"Amazon Data Services, Inc Campus",GA,47.68,5,positive,2025-09-H1,False,Greenfield,2025-01-H1,-16,4896,1.0,0.04564,0.11088,0.09003,0.0,0.79908,0.45513,0.16759,0.20899,0.0,0.0,results/chips_pos16par/amazon-data-services-inc-campus-8e7ec2e0/2025-01-H1.png
8e7ec2e0-c989-11f0-a883-9fe07aabef6d,amazon-data-services-inc-campus-8e7ec2e0,"Amazon Data Services, Inc Campus",GA,47.68,5,positive,2025-09-H1,False,Greenfield,2025-01-H2,-15,4937,1.0,0.0392,0.13723,0.06916,4e-05,0.79356,0.45971,0.08155,0.19401,0.0,0.0,results/chips_pos16par/amazon-data-services-inc-campus-8e7ec2e0/2025-01-H2.png
8e7ec2e0-c989-11f0-a883-9fe07aabef6d,amazon-data-services-inc-campus-8e7ec2e0,"Amazon Data Services, Inc Campus",GA,47.68,5,positive,2025-09-H1,False,Greenfield,2025-02-H1,-14,4937,1.0,0.04267,0.12487,0.11641,3e-05,0.75868,0.4292,0.14814,0.2242,0.0,0.0,results/chips_pos16par/amazon-data-services-inc-campus-8e7ec2e0/2025-02-H1.png
8e7ec2e0-c989-11f0-a883-9fe07aabef6d,amazon-data-services-inc-campus-8e7ec2e0,"Amazon Data Services, Inc Campus",GA,47.68,5,positive,2025-09-H1,False,Greenfield,2025-02-H2,-13,4919,1.0,0.04046,0.11545,0.13579,7e-05,0.74869,0.42082,0.15328,0.22785,0.0,0.0,results/chips_pos16par/amazon-data-services-inc-campus-8e7ec2e0/2025-02-H2.png
8e7ec2e0-c989-11f0-a883-9fe07aabef6d,amazon-data-services-inc-campus-8e7ec2e0,"Amazon Data Services, Inc Campus",GA,47.68,5,positive,2025-09-H1,False,Greenfield,2025-03-H1,-12,634,0.1333,0.02444,0.07433,0.18429,0.00047,0.74091,0.25066,0.13714,0.22448,1198.7807,0.0,results/chips_pos16par/amazon-data-services-inc-campus-8e7ec2e0/2025-03-H1.png
8e7ec2e0-c989-11f0-a883-9fe07aabef6d,amazon-data-services-inc-campus-8e7ec2e0,"Amazon Data Services, Inc Campus",GA,47.68,5,positive,2025-09-H1,False,Greenfield,2025-04-H1,-10,4937,1.0,0.02666,0.29023,0.07895,0.0009,0.62992,0.63568,-0.11344,0.21516,3796.13889,0.0,results/chips_pos16par/amazon-data-services-inc-campus-8e7ec2e0/2025-04-H1.png
8e7ec2e0-c989-11f0-a883-9fe07aabef6d,amazon-data-services-inc-campus-8e7ec2e0,"Amazon Data Services, Inc Campus",GA,47.68,5,positive,2025-09-H1,False,Greenfield,2025-04-H2,-9,4937,1.0,0.02185,0.30864,0.11576,0.00091,0.57469,0.62475,-0.15437,0.22005,27072.46419,0.0,results/chips_pos16par/amazon-data-services-inc-campus-8e7ec2e0/2025-04-H2.png
8e7ec2e0-c989-11f0-a883-9fe07aabef6d,amazon-data-services-inc-campus-8e7ec2e0,"Amazon Data Services, Inc Campus",GA,47.68,5,positive,2025-09-H1,False,Greenfield,2025-05-H1,-8,4750,0.9987,0.02528,0.27781,0.18568,0.01032,0.52618,0.51689,-0.08995,0.25194,20179.47515,0.0,results/chips_pos16par/amazon-data-services-inc-campus-8e7ec2e0/2025-05-H1.png
8e7ec2e0-c989-11f0-a883-9fe07aabef6d,amazon-data-services-inc-campus-8e7ec2e0,"Amazon Data Services, Inc Campus",GA,47.68,5,positive,2025-09-H1,False,Greenfield,2025-05-H2,-7,4898,1.0,0.02156,0.29081,0.16053,0.01303,0.53563,0.50399,-0.11067,0.24287,5394.51316,0.0,results/chips_pos16par/amazon-data-services-inc-campus-8e7ec2e0/2025-05-H2.png
8e7ec2e0-c989-11f0-a883-9fe07aabef6d,amazon-data-services-inc-campus-8e7ec2e0,"Amazon Data Services, Inc Campus",GA,47.68,5,positive,2025-09-H1,False,Greenfield,2025-06-H1,-6,4649,0.9775,0.02082,0.2598,0.27834,0.00452,0.45733,0.48235,-0.06987,0.28591,145951.55046,0.0,results/chips_pos16par/amazon-data-services-inc-campus-8e7ec2e0/2025-06-H1.png
8e7ec2e0-c989-11f0-a883-9fe07aabef6d,amazon-data-services-inc-campus-8e7ec2e0,"Amazon Data Services, Inc Campus",GA,47.68,5,positive,2025-09-H1,False,Greenfield,2025-06-H2,-5,4902,1.0,0.02189,0.26003,0.36857,0.01649,0.35491,0.45369,-0.05145,0.33216,206290.17913,0.0,results/chips_pos16par/amazon-data-services-inc-campus-8e7ec2e0/2025-06-H2.png
8e7ec2e0-c989-11f0-a883-9fe07aabef6d,amazon-data-services-inc-campus-8e7ec2e0,"Amazon Data Services, Inc Campus",GA,47.68,5,positive,2025-09-H1,False,Greenfield,2025-07-H1,-4,3836,0.8066,0.01892,0.22619,0.37873,0.02492,0.37015,0.40845,-0.02799,0.33397,167429.70471,0.0,results/chips_pos16par/amazon-data-services-inc-campus-8e7ec2e0/2025-07-H1.png
8e7ec2e0-c989-11f0-a883-9fe07aabef6d,amazon-data-services-inc-campus-8e7ec2e0,"Amazon Data Services, Inc Campus",GA,47.68,5,positive,2025-09-H1,False,Greenfield,2025-07-H2,-3,3648,0.767,0.02579,0.18599,0.41719,0.02023,0.37659,0.40268,-0.00119,0.3347,167329.80632,0.0,results/chips_pos16par/amazon-data-services-inc-campus-8e7ec2e0/2025-07-H2.png
8e7ec2e0-c989-11f0-a883-9fe07aabef6d,amazon-data-services-inc-campus-8e7ec2e0,"Amazon Data Services, Inc Campus",GA,47.68,5,positive,2025-09-H1,False,Greenfield,2025-08-H1,-2,4325,0.9094,0.02507,0.20759,0.18581,0.0134,0.5932,0.42314,-0.04222,0.24371,7592.27778,0.0,results/chips_pos16par/amazon-data-services-inc-campus-8e7ec2e0/2025-08-H1.png
8e7ec2e0-c989-11f0-a883-9fe07aabef6d,amazon-data-services-inc-campus-8e7ec2e0,"Amazon Data Services, Inc Campus",GA,47.68,5,positive,2025-09-H1,False,Greenfield,2025-08-H2,-1,4934,1.0,0.02795,0.16309,0.31917,0.0087,0.50904,0.41532,0.00254,0.28368,180316.59725,0.0,results/chips_pos16par/amazon-data-services-inc-campus-8e7ec2e0/2025-08-H2.png
8e7ec2e0-c989-11f0-a883-9fe07aabef6d,amazon-data-services-inc-campus-8e7ec2e0,"Amazon Data Services, Inc Campus",GA,47.68,5,positive,2025-09-H1,False,Greenfield,2025-09-H1,0,4937,1.0,0.02834,0.16381,0.36394,0.01852,0.45373,0.39884,-0.0057,0.30677,214781.54244,0.0,results/chips_pos16par/amazon-data-services-inc-campus-8e7ec2e0/2025-09-H1.png
8e7ec2e0-c989-11f0-a883-9fe07aabef6d,amazon-data-services-inc-campus-8e7ec2e0,"Amazon Data Services, Inc Campus",GA,47.68,5,positive,2025-09-H1,False,Greenfield,2025-09-H2,1,4933,1.0,0.02538,0.14655,0.36794,0.01543,0.47008,0.37779,0.02292,0.30785,216080.22153,99.89839,results/chips_pos16par/amazon-data-services-inc-campus-8e7ec2e0/2025-09-H2.png
8e7ec2e0-c989-11f0-a883-9fe07aabef6d,amazon-data-services-inc-campus-8e7ec2e0,"Amazon Data Services, Inc Campus",GA,47.68,5,positive,2025-09-H1,False,Greenfield,2025-10-H1,2,4916,1.0,0.03078,0.1262,0.33426,0.01192,0.52762,0.3821,0.0378,0.28354,183713.14258,99.89839,results/chips_pos16par/amazon-data-services-inc-campus-8e7ec2e0/2025-10-H1.png
8e7ec2e0-c989-11f0-a883-9fe07aabef6d,amazon-data-services-inc-campus-8e7ec2e0,"Amazon Data Services, Inc Campus",GA,47.68,5,positive,2025-09-H1,False,Greenfield,2025-10-H2,3,4928,1.0,0.03108,0.15099,0.30457,0.01914,0.5253,0.39918,0.00595,0.27987,162634.5819,99.89839,results/chips_pos16par/amazon-data-services-inc-campus-8e7ec2e0/2025-10-H2.png
8e7ec2e0-c989-11f0-a883-9fe07aabef6d,amazon-data-services-inc-campus-8e7ec2e0,"Amazon Data Services, Inc Campus",GA,47.68,5,positive,2025-09-H1,False,Greenfield,2025-11-H1,4,4936,1.0,0.0315,0.13503,0.15267,0.00478,0.70752,0.38003,0.01922,0.20845,13086.68933,0.0,results/chips_pos16par/amazon-data-services-inc-campus-8e7ec2e0/2025-11-H1.png
8e7ec2e0-c989-11f0-a883-9fe07aabef6d,amazon-data-services-inc-campus-8e7ec2e0,"Amazon Data Services, Inc Campus",GA,47.68,5,positive,2025-09-H1,False,Greenfield,2025-11-H2,5,4936,1.0,0.03226,0.08193,0.22008,0.01411,0.68387,0.26028,0.14333,0.24632,27671.85454,99.89839,results/chips_pos16par/amazon-data-services-inc-campus-8e7ec2e0/2025-11-H2.png
8e7ec2e0-c989-11f0-a883-9fe07aabef6d,amazon-data-services-inc-campus-8e7ec2e0,"Amazon Data Services, Inc Campus",GA,47.68,5,positive,2025-09-H1,False,Greenfield,2025-12-H1,6,4919,1.0,0.02967,0.08488,0.19644,0.01302,0.70566,0.26161,0.12585,0.23208,12387.40059,199.79678,results/chips_pos16par/amazon-data-services-inc-campus-8e7ec2e0/2025-12-H1.png
8e7ec2e0-c989-11f0-a883-9fe07aabef6d,amazon-data-services-inc-campus-8e7ec2e0,"Amazon Data Services, Inc Campus",GA,47.68,5,positive,2025-09-H1,False,Greenfield,2025-12-H2,7,4928,1.0,0.03527,0.07146,0.29428,0.015,0.61925,0.25252,0.17136,0.27516,94204.1835,199.79678,results/chips_pos16par/amazon-data-services-inc-campus-8e7ec2e0/2025-12-H2.png
8e7ec2e0-c989-11f0-a883-9fe07aabef6d,amazon-data-services-inc-campus-8e7ec2e0,"Amazon Data Services, Inc Campus",GA,47.68,5,positive,2025-09-H1,False,Greenfield,2026-01-H1,8,4936,1.0,0.03471,0.07594,0.17482,0.00893,0.74031,0.26053,0.16148,0.22448,9390.44883,99.89839,results/chips_pos16par/amazon-data-services-inc-campus-8e7ec2e0/2026-01-H1.png
8e7ec2e0-c989-11f0-a883-9fe07aabef6d,amazon-data-services-inc-campus-8e7ec2e0,"Amazon Data Services, Inc Campus",GA,47.68,5,positive,2025-09-H1,False,Greenfield,2026-01-H2,9,4935,1.0,0.0324,0.08655,0.14729,0.00829,0.75787,0.25147,0.13897,0.21667,2797.15497,199.79678,results/chips_pos16par/amazon-data-services-inc-campus-8e7ec2e0/2026-01-H2.png
8e7ec2e0-c989-11f0-a883-9fe07aabef6d,amazon-data-services-inc-campus-8e7ec2e0,"Amazon Data Services, Inc Campus",GA,47.68,5,positive,2025-09-H1,False,Greenfield,2026-02-H1,10,4936,1.0,0.03338,0.06301,0.3192,0.01664,0.60115,0.23668,0.17036,0.27905,99998.29022,299.69518,results/chips_pos16par/amazon-data-services-inc-campus-8e7ec2e0/2026-02-H1.png
8e7ec2e0-c989-11f0-a883-9fe07aabef6d,amazon-data-services-inc-campus-8e7ec2e0,"Amazon Data Services, Inc Campus",GA,47.68,5,positive,2025-09-H1,False,Greenfield,2026-02-H2,11,4919,1.0,0.02648,0.08245,0.20687,0.02237,0.68832,0.23208,0.11463,0.23914,2097.86623,99.89839,results/chips_pos16par/amazon-data-services-inc-campus-8e7ec2e0/2026-02-H2.png
8e7ec2e0-c989-11f0-a883-9fe07aabef6d,amazon-data-services-inc-campus-8e7ec2e0,"Amazon Data Services, Inc Campus",GA,47.68,5,positive,2025-09-H1,False,Greenfield,2026-03-H1,12,874,0.1838,0.01247,0.01583,0.14024,0.07952,0.76441,0.11174,0.06093,0.20494,0.0,0.0,results/chips_pos16par/amazon-data-services-inc-campus-8e7ec2e0/2026-03-H1.png
8e7ec2e0-c989-11f0-a883-9fe07aabef6d,amazon-data-services-inc-campus-8e7ec2e0,"Amazon Data Services, Inc Campus",GA,47.68,5,positive,2025-09-H1,False,Greenfield,2026-03-H2,13,4937,1.0,0.0264,0.08703,0.42898,0.02733,0.45666,0.25608,0.12249,0.32876,202394.14185,99.89839,results/chips_pos16par/amazon-data-services-inc-campus-8e7ec2e0/2026-03-H2.png
8e7ec2e0-c989-11f0-a883-9fe07aabef6d,amazon-data-services-inc-campus-8e7ec2e0,"Amazon Data Services, Inc Campus",GA,47.68,5,positive,2025-09-H1,False,Greenfield,2026-04-H2,15,4937,1.0,0.02442,0.22191,0.35598,0.03182,0.3903,0.42727,-0.07135,0.30473,205590.89039,0.0,results/chips_pos16par/amazon-data-services-inc-campus-8e7ec2e0/2026-04-H2.png
8e7ec2e0-c989-11f0-a883-9fe07aabef6d,amazon-data-services-inc-campus-8e7ec2e0,"Amazon Data Services, Inc Campus",GA,47.68,5,positive,2025-09-H1,False,Greenfield,2026-05-H1,16,4937,1.0,0.02468,0.2352,0.32173,0.03512,0.40795,0.44249,-0.09427,0.28846,190306.43644,0.0,results/chips_pos16par/amazon-data-services-inc-campus-8e7ec2e0/2026-05-H1.png
8e7ec2e0-c989-11f0-a883-9fe07aabef6d,amazon-data-services-inc-campus-8e7ec2e0,"Amazon Data Services, Inc Campus",GA,47.68,5,positive,2025-09-H1,False,Greenfield,2026-05-H2,17,4460,0.9378,0.02233,0.21306,0.45774,0.06526,0.26393,0.36738,-0.02462,0.37443,230865.18352,99.89839,results/chips_pos16par/amazon-data-services-inc-campus-8e7ec2e0/2026-05-H2.png
8e7ec2e0-c989-11f0-a883-9fe07aabef6d,amazon-data-services-inc-campus-8e7ec2e0,"Amazon Data Services, Inc Campus",GA,47.68,5,positive,2025-09-H1,False,Greenfield,2026-06-H2,19,4937,1.0,0.02192,0.2117,0.41137,0.05283,0.3241,0.39422,-0.01938,0.35054,224671.48323,399.59357,results/chips_pos16par/amazon-data-services-inc-campus-8e7ec2e0/2026-06-H2.png
8e7ec2e0-c989-11f0-a883-9fe07aabef6d,amazon-data-services-inc-campus-8e7ec2e0,"Amazon Data Services, Inc Campus",GA,47.68,5,positive,2025-09-H1,False,Greenfield,2026-07-H1,20,274,0.0576,0.0348,0.1019,0.03066,0.00268,0.86476,0.48104,-0.19184,0.10776,0.0,0.0,results/chips_pos16par/amazon-data-services-inc-campus-8e7ec2e0/2026-07-H1.png
8e7ec2e0-c989-11f0-a883-9fe07aabef6d,amazon-data-services-inc-campus-8e7ec2e0,"Amazon Data Services, Inc Campus",GA,47.68,5,positive,2025-09-H1,False,Greenfield,2026-07-H2,21,4526,0.9516,0.02031,0.19263,0.23834,0.03149,0.53754,0.39097,-0.02676,0.26604,53945.13159,99.89839,results/chips_pos16par/amazon-data-services-inc-campus-8e7ec2e0/2026-07-H2.png
8e7ec2e0-c989-11f0-a883-9fe07aabef6d,amazon-data-services-inc-campus-8e7ec2e0,"Amazon Data Services, Inc Campus",GA,47.68,5,positive,2025-09-H1,False,Greenfield,2026-08-H1,22,4645,0.9767,0.02147,0.18023,0.23849,0.03226,0.54902,0.39525,-0.02505,0.26222,46153.05703,799.18713,results/chips_pos16par/amazon-data-services-inc-campus-8e7ec2e0/2026-08-H1.png
8e7ec2e0-c989-11f0-a883-9fe07aabef6d,amazon-data-services-inc-campus-8e7ec2e0,"Amazon Data Services, Inc Campus",GA,47.68,5,positive,2025-09-H1,False,Greenfield,2026-08-H2,23,1888,0.397,0.02629,0.1085,0.27483,0.01309,0.60357,0.30701,-0.02269,0.24092,53046.04606,0.0,results/chips_pos16par/amazon-data-services-inc-campus-8e7ec2e0/2026-08-H2.png
8e7ec2e0-c989-11f0-a883-9fe07aabef6d,amazon-data-services-inc-campus-8e7ec2e0,"Amazon Data Services, Inc Campus",GA,47.68,5,positive,2025-09-H1,False,Greenfield,2026-09-H1,24,4902,1.0,0.02599,0.14959,0.35698,0.03992,0.45351,0.37266,0.00769,0.30663,176220.76319,299.69518,results/chips_pos16par/amazon-data-services-inc-campus-8e7ec2e0/2026-09-H1.png
a4b09b88-e5a2-4e56-a9cf-3dad3662ea63,amazon-data-services-inc-campus-a4b09b88,Amazon Data Services Inc Campus,PA,174.95,15,positive,2024-07-H2,False,Expansion,2023-01-H1,-37,15275,0.8773,0.03534,0.09912,0.16241,0.00893,0.72954,0.33883,0.14192,0.22897,3294.39422,9483.86215,results/chips_pos16par/amazon-data-services-inc-campus-a4b09b88/2023-01-H1.png
a4b09b88-e5a2-4e56-a9cf-3dad3662ea63,amazon-data-services-inc-campus-a4b09b88,Amazon Data Services Inc Campus,PA,174.95,15,positive,2024-07-H2,False,Expansion,2023-01-H2,-36,11467,0.6586,0.03708,0.08977,0.13049,0.00967,0.77007,0.31926,0.15745,0.21479,0.0,8884.88138,results/chips_pos16par/amazon-data-services-inc-campus-a4b09b88/2023-01-H2.png
a4b09b88-e5a2-4e56-a9cf-3dad3662ea63,amazon-data-services-inc-campus-a4b09b88,Amazon Data Services Inc Campus,PA,174.95,15,positive,2024-07-H2,False,Expansion,2023-02-H1,-35,17997,1.0,0.03862,0.08071,0.23039,0.02155,0.66736,0.30062,0.19062,0.26759,3893.37499,33243.43258,results/chips_pos16par/amazon-data-services-inc-campus-a4b09b88/2023-02-H1.png
a4b09b88-e5a2-4e56-a9cf-3dad3662ea63,amazon-data-services-inc-campus-a4b09b88,Amazon Data Services Inc Campus,PA,174.95,15,positive,2024-07-H2,False,Expansion,2023-02-H2,-34,15337,0.8808,0.03031,0.09688,0.2737,0.01012,0.6193,0.29978,0.1595,0.28009,58999.60556,9983.01279,results/chips_pos16par/amazon-data-services-inc-campus-a4b09b88/2023-02-H2.png
a4b09b88-e5a2-4e56-a9cf-3dad3662ea63,amazon-data-services-inc-campus-a4b09b88,Amazon Data Services Inc Campus,PA,174.95,15,positive,2024-07-H2,False,Expansion,2023-03-H1,-33,7308,0.4197,0.02386,0.04215,0.14739,0.0916,0.71886,0.18023,0.00315,0.20913,14874.68905,2395.92307,results/chips_pos16par/amazon-data-services-inc-campus-a4b09b88/2023-03-H1.png
a4b09b88-e5a2-4e56-a9cf-3dad3662ea63,amazon-data-services-inc-campus-a4b09b88,Amazon Data Services Inc Campus,PA,174.95,15,positive,2024-07-H2,False,Expansion,2023-03-H2,-32,17869,1.0,0.03321,0.10263,0.24365,0.02146,0.63226,0.30934,0.14613,0.2735,3294.39422,36238.33641,results/chips_pos16par/amazon-data-services-inc-campus-a4b09b88/2023-03-H2.png
a4b09b88-e5a2-4e56-a9cf-3dad3662ea63,amazon-data-services-inc-campus-a4b09b88,Amazon Data Services Inc Campus,PA,174.95,15,positive,2024-07-H2,False,Expansion,2023-04-H1,-31,17929,1.0,0.02978,0.11696,0.28702,0.02812,0.5679,0.33961,0.12202,0.29283,67485.16643,34740.88449,results/chips_pos16par/amazon-data-services-inc-campus-a4b09b88/2023-04-H1.png
a4b09b88-e5a2-4e56-a9cf-3dad3662ea63,amazon-data-services-inc-campus-a4b09b88,Amazon Data Services Inc Campus,PA,174.95,15,positive,2024-07-H2,False,Expansion,2023-04-H2,-30,17722,1.0,0.02617,0.16375,0.25066,0.02402,0.56157,0.40591,0.0624,0.28196,41529.33319,29549.71785,results/chips_pos16par/amazon-data-services-inc-campus-a4b09b88/2023-04-H2.png
a4b09b88-e5a2-4e56-a9cf-3dad3662ea63,amazon-data-services-inc-campus-a4b09b88,Amazon Data Services Inc Campus,PA,174.95,15,positive,2024-07-H2,False,Expansion,2023-05-H1,-29,17897,1.0,0.01697,0.36271,0.12727,0.02531,0.4847,0.60912,-0.17996,0.24419,18867.89417,31945.64091,results/chips_pos16par/amazon-data-services-inc-campus-a4b09b88/2023-05-H1.png
a4b09b88-e5a2-4e56-a9cf-3dad3662ea63,amazon-data-services-inc-campus-a4b09b88,Amazon Data Services Inc Campus,PA,174.95,15,positive,2024-07-H2,False,Expansion,2023-05-H2,-28,17997,1.0,0.01944,0.34017,0.18292,0.02804,0.44887,0.57002,-0.14871,0.2634,100029.78811,34641.05437,results/chips_pos16par/amazon-data-services-inc-campus-a4b09b88/2023-05-H2.png
a4b09b88-e5a2-4e56-a9cf-3dad3662ea63,amazon-data-services-inc-campus-a4b09b88,Amazon Data Services Inc Campus,PA,174.95,15,positive,2024-07-H2,False,Expansion,2023-06-H1,-27,17997,1.0,0.02118,0.34384,0.19075,0.02876,0.43665,0.561,-0.14149,0.27075,106219.25604,34940.54475,results/chips_pos16par/amazon-data-services-inc-campus-a4b09b88/2023-06-H1.png
a4b09b88-e5a2-4e56-a9cf-3dad3662ea63,amazon-data-services-inc-campus-a4b09b88,Amazon Data Services Inc Campus,PA,174.95,15,positive,2024-07-H2,False,Expansion,2023-06-H2,-26,1269,0.0729,0.02008,0.30664,0.02117,0.06733,0.60485,0.51669,-0.26896,0.18822,0.0,0.0,results/chips_pos16par/amazon-data-services-inc-campus-a4b09b88/2023-06-H2.png
a4b09b88-e5a2-4e56-a9cf-3dad3662ea63,amazon-data-services-inc-campus-a4b09b88,Amazon Data Services Inc Campus,PA,174.95,15,positive,2024-07-H2,False,Expansion,2023-07-H1,-25,7390,0.4244,0.02041,0.35858,0.05512,0.02449,0.56181,0.64363,-0.23018,0.20414,2495.7532,6688.61857,results/chips_pos16par/amazon-data-services-inc-campus-a4b09b88/2023-07-H1.png
a4b09b88-e5a2-4e56-a9cf-3dad3662ea63,amazon-data-services-inc-campus-a4b09b88,Amazon Data Services Inc Campus,PA,174.95,15,positive,2024-07-H2,False,Expansion,2023-08-H1,-23,9018,0.5179,0.02057,0.45902,0.04022,0.00719,0.49356,0.77126,-0.2592,0.21738,0.0,0.0,results/chips_pos16par/amazon-data-services-inc-campus-a4b09b88/2023-08-H1.png
a4b09b88-e5a2-4e56-a9cf-3dad3662ea63,amazon-data-services-inc-campus-a4b09b88,Amazon Data Services Inc Campus,PA,174.95,15,positive,2024-07-H2,False,Expansion,2023-09-H1,-21,16993,0.9759,0.01918,0.33714,0.04235,0.00866,0.61185,0.67944,-0.21186,0.19477,7986.41023,7986.41023,results/chips_pos16par/amazon-data-services-inc-campus-a4b09b88/2023-09-H1.png
a4b09b88-e5a2-4e56-a9cf-3dad3662ea63,amazon-data-services-inc-campus-a4b09b88,Amazon Data Services Inc Campus,PA,174.95,15,positive,2024-07-H2,False,Expansion,2023-09-H2,-20,5584,0.3207,0.01604,0.36304,0.02616,0.05301,0.55779,0.62821,-0.24744,0.20892,0.0,23559.91017,results/chips_pos16par/amazon-data-services-inc-campus-a4b09b88/2023-09-H2.png
a4b09b88-e5a2-4e56-a9cf-3dad3662ea63,amazon-data-services-inc-campus-a4b09b88,Amazon Data Services Inc Campus,PA,174.95,15,positive,2024-07-H2,False,Expansion,2023-10-H1,-19,6517,0.3743,0.03113,0.21964,0.06734,0.02566,0.68736,0.56948,-0.10467,0.19584,8186.07048,8485.56087,results/chips_pos16par/amazon-data-services-inc-campus-a4b09b88/2023-10-H1.png
a4b09b88-e5a2-4e56-a9cf-3dad3662ea63,amazon-data-services-inc-campus-a4b09b88,Amazon Data Services Inc Campus,PA,174.95,15,positive,2024-07-H2,False,Expansion,2023-10-H2,-18,16231,0.9322,0.03579,0.18008,0.07974,0.00687,0.73331,0.50884,0.02016,0.20151,2595.58332,7487.25959,results/chips_pos16par/amazon-data-services-inc-campus-a4b09b88/2023-10-H2.png
a4b09b88-e5a2-4e56-a9cf-3dad3662ea63,amazon-data-services-inc-campus-a4b09b88,Amazon Data Services Inc Campus,PA,174.95,15,positive,2024-07-H2,False,Expansion,2023-11-H1,-17,4628,0.2658,0.03146,0.13681,0.19951,0.03077,0.63291,0.37852,0.09612,0.26601,29449.88772,2395.92307,results/chips_pos16par/amazon-data-services-inc-campus-a4b09b88/2023-11-H1.png
a4b09b88-e5a2-4e56-a9cf-3dad3662ea63,amazon-data-services-inc-campus-a4b09b88,Amazon Data Services Inc Campus,PA,174.95,15,positive,2024-07-H2,False,Expansion,2023-11-H2,-16,17997,1.0,0.03301,0.14248,0.1257,0.01812,0.7137,0.41457,0.09603,0.23002,9883.18266,27752.77554,results/chips_pos16par/amazon-data-services-inc-campus-a4b09b88/2023-11-H2.png
a4b09b88-e5a2-4e56-a9cf-3dad3662ea63,amazon-data-services-inc-campus-a4b09b88,Amazon Data Services Inc Campus,PA,174.95,15,positive,2024-07-H2,False,Expansion,2023-12-H1,-15,17992,1.0,0.03741,0.11367,0.10325,0.01958,0.76349,0.3795,0.12809,0.21377,1197.96153,29449.88772,results/chips_pos16par/amazon-data-services-inc-campus-a4b09b88/2023-12-H1.png
a4b09b88-e5a2-4e56-a9cf-3dad3662ea63,amazon-data-services-inc-campus-a4b09b88,Amazon Data Services Inc Campus,PA,174.95,15,positive,2024-07-H2,False,Expansion,2023-12-H2,-14,11415,0.6556,0.04051,0.01368,0.00095,0.00727,0.9781,0.27955,0.00462,0.08742,0.0,0.0,results/chips_pos16par/amazon-data-services-inc-campus-a4b09b88/2023-12-H2.png
a4b09b88-e5a2-4e56-a9cf-3dad3662ea63,amazon-data-services-inc-campus-a4b09b88,Amazon Data Services Inc Campus,PA,174.95,15,positive,2024-07-H2,False,Expansion,2024-01-H1,-13,16266,0.9342,0.03301,0.09587,0.20737,0.00333,0.69342,0.34472,0.14196,0.24064,62992.81068,0.0,results/chips_pos16par/amazon-data-services-inc-campus-a4b09b88/2024-01-H1.png
a4b09b88-e5a2-4e56-a9cf-3dad3662ea63,amazon-data-services-inc-campus-a4b09b88,Amazon Data Services Inc Campus,PA,174.95,15,positive,2024-07-H2,False,Expansion,2024-01-H2,-12,74,0.0042,0.05728,0.09589,0.0,0.24768,0.65643,0.15769,-0.44254,0.13373,0.0,0.0,results/chips_pos16par/amazon-data-services-inc-campus-a4b09b88/2024-01-H2.png
a4b09b88-e5a2-4e56-a9cf-3dad3662ea63,amazon-data-services-inc-campus-a4b09b88,Amazon Data Services Inc Campus,PA,174.95,15,positive,2024-07-H2,False,Expansion,2024-02-H1,-11,17923,1.0,0.0376,0.10719,0.17935,0.02055,0.69291,0.35326,0.14018,0.24517,5191.16665,31446.49028,results/chips_pos16par/amazon-data-services-inc-campus-a4b09b88/2024-02-H1.png
a4b09b88-e5a2-4e56-a9cf-3dad3662ea63,amazon-data-services-inc-campus-a4b09b88,Amazon Data Services Inc Campus,PA,174.95,15,positive,2024-07-H2,False,Expansion,2024-02-H2,-10,2653,0.1524,0.02192,0.08119,0.22513,0.00749,0.68618,0.25933,0.12316,0.24233,6189.46793,199.66026,results/chips_pos16par/amazon-data-services-inc-campus-a4b09b88/2024-02-H2.png
a4b09b88-e5a2-4e56-a9cf-3dad3662ea63,amazon-data-services-inc-campus-a4b09b88,Amazon Data Services Inc Campus,PA,174.95,15,positive,2024-07-H2,False,Expansion,2024-03-H1,-9,23,0.0013,0.02967,0.08514,0.16091,0.0,0.75395,0.31715,0.1685,0.22422,0.0,0.0,results/chips_pos16par/amazon-data-services-inc-campus-a4b09b88/2024-03-H1.png
a4b09b88-e5a2-4e56-a9cf-3dad3662ea63,amazon-data-services-inc-campus-a4b09b88,Amazon Data Services Inc Campus,PA,174.95,15,positive,2024-07-H2,False,Expansion,2024-03-H2,-8,9157,0.5259,0.0292,0.13219,0.22472,0.00181,0.64128,0.37096,0.11373,0.25891,2695.41345,299.49038,results/chips_pos16par/amazon-data-services-inc-campus-a4b09b88/2024-03-H2.png
a4b09b88-e5a2-4e56-a9cf-3dad3662ea63,amazon-data-services-inc-campus-a4b09b88,Amazon Data Services Inc Campus,PA,174.95,15,positive,2024-07-H2,False,Expansion,2024-04-H1,-7,5276,0.303,0.02914,0.1101,0.17806,0.01746,0.69438,0.34926,0.10339,0.23635,698.8109,8685.22112,results/chips_pos16par/amazon-data-services-inc-campus-a4b09b88/2024-04-H1.png
a4b09b88-e5a2-4e56-a9cf-3dad3662ea63,amazon-data-services-inc-campus-a4b09b88,Amazon Data Services Inc Campus,PA,174.95,15,positive,2024-07-H2,False,Expansion,2024-04-H2,-6,17396,0.9991,0.02457,0.23399,0.17207,0.00943,0.58451,0.50187,-0.00605,0.25794,8485.56087,9583.69227,results/chips_pos16par/amazon-data-services-inc-campus-a4b09b88/2024-04-H2.png
a4b09b88-e5a2-4e56-a9cf-3dad3662ea63,amazon-data-services-inc-campus-a4b09b88,Amazon Data Services Inc Campus,PA,174.95,15,positive,2024-07-H2,False,Expansion,2024-05-H1,-5,1200,0.0689,0.02486,0.22843,0.02789,0.00193,0.74175,0.58677,-0.2247,0.14346,0.0,0.0,results/chips_pos16par/amazon-data-services-inc-campus-a4b09b88/2024-05-H1.png
a4b09b88-e5a2-4e56-a9cf-3dad3662ea63,amazon-data-services-inc-campus-a4b09b88,Amazon Data Services Inc Campus,PA,174.95,15,positive,2024-07-H2,False,Expansion,2024-05-H2,-4,17941,1.0,0.01779,0.4243,0.06279,0.02277,0.49014,0.68837,-0.24136,0.22229,299.49038,32344.96143,results/chips_pos16par/amazon-data-services-inc-campus-a4b09b88/2024-05-H2.png
a4b09b88-e5a2-4e56-a9cf-3dad3662ea63,amazon-data-services-inc-campus-a4b09b88,Amazon Data Services Inc Campus,PA,174.95,15,positive,2024-07-H2,False,Expansion,2024-06-H1,-3,17694,1.0,0.0176,0.4485,0.07519,0.01899,0.45732,0.69804,-0.23289,0.23345,4392.52563,25157.19222,results/chips_pos16par/amazon-data-services-inc-campus-a4b09b88/2024-06-H1.png
a4b09b88-e5a2-4e56-a9cf-3dad3662ea63,amazon-data-services-inc-campus-a4b09b88,Amazon Data Services Inc Campus,PA,174.95,15,positive,2024-07-H2,False,Expansion,2024-06-H2,-2,17897,1.0,0.02154,0.44138,0.05241,0.02257,0.48365,0.71037,-0.23569,0.22573,1796.9423,34241.73386,results/chips_pos16par/amazon-data-services-inc-campus-a4b09b88/2024-06-H2.png
a4b09b88-e5a2-4e56-a9cf-3dad3662ea63,amazon-data-services-inc-campus-a4b09b88,Amazon Data Services Inc Campus,PA,174.95,15,positive,2024-07-H2,False,Expansion,2024-07-H1,-1,15706,0.902,0.01783,0.45278,0.05401,0.00799,0.48522,0.73929,-0.23913,0.22489,2196.26281,6389.12818,results/chips_pos16par/amazon-data-services-inc-campus-a4b09b88/2024-07-H1.png
a4b09b88-e5a2-4e56-a9cf-3dad3662ea63,amazon-data-services-inc-campus-a4b09b88,Amazon Data Services Inc Campus,PA,174.95,15,positive,2024-07-H2,False,Expansion,2024-07-H2,0,17901,1.0,0.02178,0.37744,0.04776,0.01988,0.55491,0.70197,-0.21246,0.21334,5390.8269,30448.189,results/chips_pos16par/amazon-data-services-inc-campus-a4b09b88/2024-07-H2.png
a4b09b88-e5a2-4e56-a9cf-3dad3662ea63,amazon-data-services-inc-campus-a4b09b88,Amazon Data Services Inc Campus,PA,174.95,15,positive,2024-07-H2,False,Expansion,2024-08-H1,1,11378,0.6535,0.01992,0.35674,0.034,0.01074,0.59852,0.68453,-0.22992,0.1924,3893.37499,4692.01601,results/chips_pos16par/amazon-data-services-inc-campus-a4b09b88/2024-08-H1.png
a4b09b88-e5a2-4e56-a9cf-3dad3662ea63,amazon-data-services-inc-campus-a4b09b88,Amazon Data Services Inc Campus,PA,174.95,15,positive,2024-07-H2,False,Expansion,2024-08-H2,2,17783,1.0,0.02347,0.34426,0.0408,0.0198,0.59514,0.69309,-0.19143,0.20825,2795.24358,29050.56721,results/chips_pos16par/amazon-data-services-inc-campus-a4b09b88/2024-08-H2.png
a4b09b88-e5a2-4e56-a9cf-3dad3662ea63,amazon-data-services-inc-campus-a4b09b88,Amazon Data Services Inc Campus,PA,174.95,15,positive,2024-07-H2,False,Expansion,2024-09-H1,3,17861,1.0,0.0246,0.32929,0.03868,0.01909,0.61294,0.69381,-0.19723,0.19992,4292.6955,27852.60567,results/chips_pos16par/amazon-data-services-inc-campus-a4b09b88/2024-09-H1.png
a4b09b88-e5a2-4e56-a9cf-3dad3662ea63,amazon-data-services-inc-campus-a4b09b88,Amazon Data Services Inc Campus,PA,174.95,15,positive,2024-07-H2,False,Expansion,2024-09-H2,4,16452,0.9449,0.02235,0.29644,0.05467,0.02037,0.62852,0.62567,-0.16395,0.20462,8385.73074,27752.77554,results/chips_pos16par/amazon-data-services-inc-campus-a4b09b88/2024-09-H2.png
a4b09b88-e5a2-4e56-a9cf-3dad3662ea63,amazon-data-services-inc-campus-a4b09b88,Amazon Data Services Inc Campus,PA,174.95,15,positive,2024-07-H2,False,Expansion,2024-10-H1,5,17669,1.0,0.03735,0.23142,0.0661,0.01927,0.68321,0.61993,-0.05054,0.21269,1098.13141,27053.96465,results/chips_pos16par/amazon-data-services-inc-campus-a4b09b88/2024-10-H1.png
a4b09b88-e5a2-4e56-a9cf-3dad3662ea63,amazon-data-services-inc-campus-a4b09b88,Amazon Data Services Inc Campus,PA,174.95,15,positive,2024-07-H2,False,Expansion,2024-10-H2,6,17997,1.0,0.03557,0.17799,0.11848,0.0176,0.68593,0.50467,0.03072,0.22918,16372.14097,26355.15375,results/chips_pos16par/amazon-data-services-inc-campus-a4b09b88/2024-10-H2.png
a4b09b88-e5a2-4e56-a9cf-3dad3662ea63,amazon-data-services-inc-campus-a4b09b88,Amazon Data Services Inc Campus,PA,174.95,15,positive,2024-07-H2,False,Expansion,2024-11-H1,7,17985,1.0,0.03943,0.13257,0.14878,0.01664,0.70201,0.39372,0.1316,0.24367,3494.05448,22561.6089,results/chips_pos16par/amazon-data-services-inc-campus-a4b09b88/2024-11-H1.png
a4b09b88-e5a2-4e56-a9cf-3dad3662ea63,amazon-data-services-inc-campus-a4b09b88,Amazon Data Services Inc Campus,PA,174.95,15,positive,2024-07-H2,False,Expansion,2024-11-H2,8,17987,1.0,0.03287,0.12165,0.13712,0.01899,0.72224,0.35504,0.11477,0.23075,4991.50639,24258.72107,results/chips_pos16par/amazon-data-services-inc-campus-a4b09b88/2024-11-H2.png
a4b09b88-e5a2-4e56-a9cf-3dad3662ea63,amazon-data-services-inc-campus-a4b09b88,Amazon Data Services Inc Campus,PA,174.95,15,positive,2024-07-H2,False,Expansion,2024-12-H1,9,4532,0.2603,0.0302,0.1138,0.16713,0.01337,0.70571,0.33998,0.12074,0.23618,0.0,2395.92307,results/chips_pos16par/amazon-data-services-inc-campus-a4b09b88/2024-12-H1.png
a4b09b88-e5a2-4e56-a9cf-3dad3662ea63,amazon-data-services-inc-campus-a4b09b88,Amazon Data Services Inc Campus,PA,174.95,15,positive,2024-07-H2,False,Expansion,2025-01-H1,11,15094,0.8669,0.03571,0.07447,0.10405,0.01003,0.81145,0.30539,0.07866,0.16967,22561.6089,998.30128,results/chips_pos16par/amazon-data-services-inc-campus-a4b09b88/2025-01-H1.png
a4b09b88-e5a2-4e56-a9cf-3dad3662ea63,amazon-data-services-inc-campus-a4b09b88,Amazon Data Services Inc Campus,PA,174.95,15,positive,2024-07-H2,False,Expansion,2025-01-H2,12,148,0.0085,0.04242,0.11288,0.00444,0.13251,0.75017,0.1877,-0.39981,0.11654,0.0,0.0,results/chips_pos16par/amazon-data-services-inc-campus-a4b09b88/2025-01-H2.png
a4b09b88-e5a2-4e56-a9cf-3dad3662ea63,amazon-data-services-inc-campus-a4b09b88,Amazon Data Services Inc Campus,PA,174.95,15,positive,2024-07-H2,False,Expansion,2025-02-H1,13,5112,0.2936,0.02953,0.11572,0.09149,0.01965,0.77314,0.31877,0.04364,0.19319,0.0,4192.86537,results/chips_pos16par/amazon-data-services-inc-campus-a4b09b88/2025-02-H1.png
a4b09b88-e5a2-4e56-a9cf-3dad3662ea63,amazon-data-services-inc-campus-a4b09b88,Amazon Data Services Inc Campus,PA,174.95,15,positive,2024-07-H2,False,Expansion,2025-02-H2,14,15805,0.9077,0.02901,0.10127,0.24395,0.0154,0.63938,0.29092,0.12271,0.26265,24258.72107,5690.31729,results/chips_pos16par/amazon-data-services-inc-campus-a4b09b88/2025-02-H2.png
a4b09b88-e5a2-4e56-a9cf-3dad3662ea63,amazon-data-services-inc-campus-a4b09b88,Amazon Data Services Inc Campus,PA,174.95,15,positive,2024-07-H2,False,Expansion,2025-03-H1,15,17997,1.0,0.03456,0.07417,0.29893,0.02165,0.60525,0.27169,0.18782,0.29279,101527.24003,29050.56721,results/chips_pos16par/amazon-data-services-inc-campus-a4b09b88/2025-03-H1.png
a4b09b88-e5a2-4e56-a9cf-3dad3662ea63,amazon-data-services-inc-campus-a4b09b88,Amazon Data Services Inc Campus,PA,174.95,15,positive,2024-07-H2,False,Expansion,2025-03-H2,16,17848,1.0,0.03261,0.10235,0.32531,0.02676,0.54558,0.28484,0.15372,0.31203,239292.81648,30847.50951,results/chips_pos16par/amazon-data-services-inc-campus-a4b09b88/2025-03-H2.png
a4b09b88-e5a2-4e56-a9cf-3dad3662ea63,amazon-data-services-inc-campus-a4b09b88,Amazon Data Services Inc Campus,PA,174.95,15,positive,2024-07-H2,False,Expansion,2025-04-H1,17,17933,1.0,0.02781,0.1158,0.29566,0.02606,0.56247,0.31676,0.11989,0.29592,120594.79445,31047.16976,results/chips_pos16par/amazon-data-services-inc-campus-a4b09b88/2025-04-H1.png
a4b09b88-e5a2-4e56-a9cf-3dad3662ea63,amazon-data-services-inc-campus-a4b09b88,Amazon Data Services Inc Campus,PA,174.95,15,positive,2024-07-H2,False,Expansion,2025-04-H2,18,17997,1.0,0.02764,0.15153,0.29997,0.03299,0.51551,0.35575,0.09272,0.31187,185983.5282,30348.35887,results/chips_pos16par/amazon-data-services-inc-campus-a4b09b88/2025-04-H2.png
a4b09b88-e5a2-4e56-a9cf-3dad3662ea63,amazon-data-services-inc-campus-a4b09b88,Amazon Data Services Inc Campus,PA,174.95,15,positive,2024-07-H2,False,Expansion,2025-05-H1,19,16838,0.967,0.0183,0.30956,0.11334,0.02809,0.549,0.56249,-0.12309,0.24303,8685.22112,23060.75954,results/chips_pos16par/amazon-data-services-inc-campus-a4b09b88/2025-05-H1.png
a4b09b88-e5a2-4e56-a9cf-3dad3662ea63,amazon-data-services-inc-campus-a4b09b88,Amazon Data Services Inc Campus,PA,174.95,15,positive,2024-07-H2,False,Expansion,2025-05-H2,20,13308,0.7643,0.01891,0.41452,0.14644,0.03977,0.39926,0.63065,-0.17744,0.27516,33043.77232,30847.50951,results/chips_pos16par/amazon-data-services-inc-campus-a4b09b88/2025-05-H2.png
a4b09b88-e5a2-4e56-a9cf-3dad3662ea63,amazon-data-services-inc-campus-a4b09b88,Amazon Data Services Inc Campus,PA,174.95,15,positive,2024-07-H2,False,Expansion,2025-06-H1,21,16995,0.9761,0.01761,0.43937,0.10739,0.02706,0.42619,0.66389,-0.20652,0.25668,35839.0159,31845.81079,results/chips_pos16par/amazon-data-services-inc-campus-a4b09b88/2025-06-H1.png
a4b09b88-e5a2-4e56-a9cf-3dad3662ea63,amazon-data-services-inc-campus-a4b09b88,Amazon Data Services Inc Campus,PA,174.95,15,positive,2024-07-H2,False,Expansion,2025-06-H2,22,466,0.0268,0.02044,0.38492,0.02904,0.00826,0.57779,0.71487,-0.23297,0.19968,0.0,0.0,results/chips_pos16par/amazon-data-services-inc-campus-a4b09b88/2025-06-H2.png
a4b09b88-e5a2-4e56-a9cf-3dad3662ea63,amazon-data-services-inc-campus-a4b09b88,Amazon Data Services Inc Campus,PA,174.95,15,positive,2024-07-H2,False,Expansion,2025-07-H1,23,17492,1.0,0.01901,0.39641,0.08811,0.01859,0.49689,0.67072,-0.18575,0.2388,26754.47427,15274.00956,results/chips_pos16par/amazon-data-services-inc-campus-a4b09b88/2025-07-H1.png
a4b09b88-e5a2-4e56-a9cf-3dad3662ea63,amazon-data-services-inc-campus-a4b09b88,Amazon Data Services Inc Campus,PA,174.95,15,positive,2024-07-H2,False,Expansion,2025-07-H2,24,15980,0.9178,0.01784,0.35438,0.10066,0.03269,0.51226,0.61413,-0.15568,0.24328,1098.13141,35839.0159,results/chips_pos16par/amazon-data-services-inc-campus-a4b09b88/2025-07-H2.png
a4b09b88-e5a2-4e56-a9cf-3dad3662ea63,amazon-data-services-inc-campus-a4b09b88,Amazon Data Services Inc Campus,PA,174.95,15,positive,2024-07-H2,False,Expansion,2025-08-H1,25,17236,0.9899,0.01905,0.31671,0.13372,0.01102,0.53854,0.61945,-0.15683,0.23116,145552.32642,2695.41345,results/chips_pos16par/amazon-data-services-inc-campus-a4b09b88/2025-08-H1.png
a4b09b88-e5a2-4e56-a9cf-3dad3662ea63,amazon-data-services-inc-campus-a4b09b88,Amazon Data Services Inc Campus,PA,174.95,15,positive,2024-07-H2,False,Expansion,2025-08-H2,26,17802,1.0,0.02197,0.30143,0.10615,0.03171,0.56071,0.59429,-0.14162,0.23093,74872.59589,37935.44859,results/chips_pos16par/amazon-data-services-inc-campus-a4b09b88/2025-08-H2.png
a4b09b88-e5a2-4e56-a9cf-3dad3662ea63,amazon-data-services-inc-campus-a4b09b88,Amazon Data Services Inc Campus,PA,174.95,15,positive,2024-07-H2,False,Expansion,2025-09-H1,27,13835,0.7946,0.0225,0.25845,0.14614,0.04224,0.55317,0.54051,-0.11846,0.24258,124388.33931,38734.08961,results/chips_pos16par/amazon-data-services-inc-campus-a4b09b88/2025-09-H1.png
a4b09b88-e5a2-4e56-a9cf-3dad3662ea63,amazon-data-services-inc-campus-a4b09b88,Amazon Data Services Inc Campus,PA,174.95,15,positive,2024-07-H2,False,Expansion,2025-09-H2,28,11734,0.6739,0.02449,0.25712,0.15505,0.01072,0.57712,0.57618,-0.08654,0.23797,111909.57333,299.49038,results/chips_pos16par/amazon-data-services-inc-campus-a4b09b88/2025-09-H2.png
a4b09b88-e5a2-4e56-a9cf-3dad3662ea63,amazon-data-services-inc-campus-a4b09b88,Amazon Data Services Inc Campus,PA,174.95,15,positive,2024-07-H2,False,Expansion,2025-10-H1,29,17995,1.0,0.03023,0.18505,0.08249,0.02677,0.70569,0.52187,-0.04866,0.20092,20365.34608,37236.63769,results/chips_pos16par/amazon-data-services-inc-campus-a4b09b88/2025-10-H1.png
a4b09b88-e5a2-4e56-a9cf-3dad3662ea63,amazon-data-services-inc-campus-a4b09b88,Amazon Data Services Inc Campus,PA,174.95,15,positive,2024-07-H2,False,Expansion,2025-10-H2,30,17886,1.0,0.03308,0.16338,0.04719,0.02576,0.76367,0.4573,-0.00563,0.18972,0.0,36937.14731,results/chips_pos16par/amazon-data-services-inc-campus-a4b09b88/2025-10-H2.png
a4b09b88-e5a2-4e56-a9cf-3dad3662ea63,amazon-data-services-inc-campus-a4b09b88,Amazon Data Services Inc Campus,PA,174.95,15,positive,2024-07-H2,False,Expansion,2025-11-H1,31,17996,1.0,0.03354,0.12004,0.0612,0.02043,0.79834,0.38429,0.07691,0.19122,0.0,31146.99989,results/chips_pos16par/amazon-data-services-inc-campus-a4b09b88/2025-11-H1.png
a4b09b88-e5a2-4e56-a9cf-3dad3662ea63,amazon-data-services-inc-campus-a4b09b88,Amazon Data Services Inc Campus,PA,174.95,15,positive,2024-07-H2,False,Expansion,2025-11-H2,32,17912,1.0,0.03705,0.07187,0.07115,0.02435,0.83263,0.32728,0.11417,0.17269,5490.65703,32744.28194,results/chips_pos16par/amazon-data-services-inc-campus-a4b09b88/2025-11-H2.png
a4b09b88-e5a2-4e56-a9cf-3dad3662ea63,amazon-data-services-inc-campus-a4b09b88,Amazon Data Services Inc Campus,PA,174.95,15,positive,2024-07-H2,False,Expansion,2025-12-H1,33,4157,0.2387,0.03589,0.11449,0.01805,0.16418,0.70328,0.18036,-0.29931,0.15342,1497.45192,6888.27882,results/chips_pos16par/amazon-data-services-inc-campus-a4b09b88/2025-12-H1.png
a4b09b88-e5a2-4e56-a9cf-3dad3662ea63,amazon-data-services-inc-campus-a4b09b88,Amazon Data Services Inc Campus,PA,174.95,15,positive,2024-07-H2,False,Expansion,2025-12-H2,34,5754,0.3305,0.03081,0.10988,0.09362,0.0285,0.768,0.28728,0.01093,0.19112,598.98077,5690.31729,results/chips_pos16par/amazon-data-services-inc-campus-a4b09b88/2025-12-H2.png
a4b09b88-e5a2-4e56-a9cf-3dad3662ea63,amazon-data-services-inc-campus-a4b09b88,Amazon Data Services Inc Campus,PA,174.95,15,positive,2024-07-H2,False,Expansion,2026-01-H1,35,3103,0.1782,0.03133,0.00938,0.01234,0.00527,0.97302,0.13375,0.0671,0.08998,0.0,0.0,results/chips_pos16par/amazon-data-services-inc-campus-a4b09b88/2026-01-H1.png
a4b09b88-e5a2-4e56-a9cf-3dad3662ea63,amazon-data-services-inc-campus-a4b09b88,Amazon Data Services Inc Campus,PA,174.95,15,positive,2024-07-H2,False,Expansion,2026-02-H1,37,307,0.0176,0.02769,0.03469,0.13837,0.24947,0.57747,0.07632,-0.13691,0.24298,0.0,499.15064,results/chips_pos16par/amazon-data-services-inc-campus-a4b09b88/2026-02-H1.png
a4b09b88-e5a2-4e56-a9cf-3dad3662ea63,amazon-data-services-inc-campus-a4b09b88,Amazon Data Services Inc Campus,PA,174.95,15,positive,2024-07-H2,False,Expansion,2026-02-H2,38,9029,0.5186,0.03486,0.07719,0.24699,0.0608,0.61502,0.24744,0.16107,0.29231,33243.43258,46021.68894,results/chips_pos16par/amazon-data-services-inc-campus-a4b09b88/2026-02-H2.png
a4b09b88-e5a2-4e56-a9cf-3dad3662ea63,amazon-data-services-inc-campus-a4b09b88,Amazon Data Services Inc Campus,PA,174.95,15,positive,2024-07-H2,False,Expansion,2026-03-H1,39,16966,0.9744,0.03154,0.06117,0.2212,0.0238,0.69383,0.23128,0.18734,0.25583,12378.93585,35639.35565,results/chips_pos16par/amazon-data-services-inc-campus-a4b09b88/2026-03-H1.png
a4b09b88-e5a2-4e56-a9cf-3dad3662ea63,amazon-data-services-inc-campus-a4b09b88,Amazon Data Services Inc Campus,PA,174.95,15,positive,2024-07-H2,False,Expansion,2026-03-H2,40,15066,0.8653,0.02247,0.06791,0.15915,0.01337,0.75957,0.21868,0.12972,0.21413,6289.29806,8186.07048,results/chips_pos16par/amazon-data-services-inc-campus-a4b09b88/2026-03-H2.png
a4b09b88-e5a2-4e56-a9cf-3dad3662ea63,amazon-data-services-inc-campus-a4b09b88,Amazon Data Services Inc Campus,PA,174.95,15,positive,2024-07-H2,False,Expansion,2026-04-H1,41,17997,1.0,0.02756,0.09387,0.25695,0.03889,0.61029,0.27799,0.12227,0.27673,52211.15687,48517.44214,results/chips_pos16par/amazon-data-services-inc-campus-a4b09b88/2026-04-H1.png
a4b09b88-e5a2-4e56-a9cf-3dad3662ea63,amazon-data-services-inc-campus-a4b09b88,Amazon Data Services Inc Campus,PA,174.95,15,positive,2024-07-H2,False,Expansion,2026-04-H2,42,17929,1.0,0.02551,0.15186,0.19231,0.03739,0.61844,0.37552,0.0457,0.25714,15673.33007,49715.40367,results/chips_pos16par/amazon-data-services-inc-campus-a4b09b88/2026-04-H2.png
a4b09b88-e5a2-4e56-a9cf-3dad3662ea63,amazon-data-services-inc-campus-a4b09b88,Amazon Data Services Inc Campus,PA,174.95,15,positive,2024-07-H2,False,Expansion,2026-05-H1,43,17949,1.0,0.02049,0.18768,0.2025,0.04198,0.56784,0.41173,-0.00647,0.26295,29949.03836,48417.61201,results/chips_pos16par/amazon-data-services-inc-campus-a4b09b88/2026-05-H1.png
a4b09b88-e5a2-4e56-a9cf-3dad3662ea63,amazon-data-services-inc-campus-a4b09b88,Amazon Data Services Inc Campus,PA,174.95,15,positive,2024-07-H2,False,Expansion,2026-05-H2,44,17747,1.0,0.01864,0.2434,0.18587,0.04152,0.52921,0.47238,-0.05326,0.26562,84356.45804,44723.89728,results/chips_pos16par/amazon-data-services-inc-campus-a4b09b88/2026-05-H2.png
a4b09b88-e5a2-4e56-a9cf-3dad3662ea63,amazon-data-services-inc-campus-a4b09b88,Amazon Data Services Inc Campus,PA,174.95,15,positive,2024-07-H2,False,Expansion,2026-06-H1,45,17592,1.0,0.02103,0.31125,0.15,0.04004,0.49871,0.55731,-0.15724,0.24339,125486.47072,49415.91329,results/chips_pos16par/amazon-data-services-inc-campus-a4b09b88/2026-06-H1.png
a4b09b88-e5a2-4e56-a9cf-3dad3662ea63,amazon-data-services-inc-campus-a4b09b88,Amazon Data Services Inc Campus,PA,174.95,15,positive,2024-07-H2,False,Expansion,2026-06-H2,46,14824,0.8514,0.01804,0.33026,0.18067,0.07453,0.41454,0.49928,-0.13085,0.28315,130477.97711,67784.65682,results/chips_pos16par/amazon-data-services-inc-campus-a4b09b88/2026-06-H2.png
a4b09b88-e5a2-4e56-a9cf-3dad3662ea63,amazon-data-services-inc-campus-a4b09b88,Amazon Data Services Inc Campus,PA,174.95,15,positive,2024-07-H2,False,Expansion,2026-07-H1,47,17710,1.0,0.02255,0.29785,0.11918,0.04445,0.53851,0.57042,-0.15916,0.23421,78865.80101,62493.66004,results/chips_pos16par/amazon-data-services-inc-campus-a4b09b88/2026-07-H1.png
a4b09b88-e5a2-4e56-a9cf-3dad3662ea63,amazon-data-services-inc-campus-a4b09b88,Amazon Data Services Inc Campus,PA,174.95,15,positive,2024-07-H2,False,Expansion,2026-07-H2,48,17758,1.0,0.01764,0.34047,0.12344,0.03869,0.4974,0.58626,-0.17934,0.23809,82958.83625,51512.34597,results/chips_pos16par/amazon-data-services-inc-campus-a4b09b88/2026-07-H2.png
a4b09b88-e5a2-4e56-a9cf-3dad3662ea63,amazon-data-services-inc-campus-a4b09b88,Amazon Data Services Inc Campus,PA,174.95,15,positive,2024-07-H2,False,Expansion,2026-08-H1,49,16982,0.9753,0.01481,0.32074,0.08652,0.03036,0.56238,0.57965,-0.17271,0.22146,10282.50317,38734.08961,results/chips_pos16par/amazon-data-services-inc-campus-a4b09b88/2026-08-H1.png
a4b09b88-e5a2-4e56-a9cf-3dad3662ea63,amazon-data-services-inc-campus-a4b09b88,Amazon Data Services Inc Campus,PA,174.95,15,positive,2024-07-H2,False,Expansion,2026-08-H2,50,11649,0.669,0.02354,0.32105,0.06629,0.01775,0.59492,0.61397,-0.17264,0.20549,1397.62179,8984.71151,results/chips_pos16par/amazon-data-services-inc-campus-a4b09b88/2026-08-H2.png
a4b09b88-e5a2-4e56-a9cf-3dad3662ea63,amazon-data-services-inc-campus-a4b09b88,Amazon Data Services Inc Campus,PA,174.95,15,positive,2024-07-H2,False,Expansion,2026-09-H1,51,1275,0.0732,0.01813,0.1782,0.00951,0.08337,0.72893,0.39066,-0.20105,0.17181,0.0,0.0,results/chips_pos16par/amazon-data-services-inc-campus-a4b09b88/2026-09-H1.png
da8d76b0-1be9-11f1-a5d9-0182000628e2,amazon-data-services-inc-campus-da8d76b0,"Amazon Data Services, Inc Campus",OR,42.87,4,positive,2025-04-H1,False,Greenfield,2023-01-H2,-53,4324,1.0,0.02682,0.19812,0.1612,0.0,0.64067,0.49554,0.0201,0.23981,0.0,0.0,results/chips_pos16par/amazon-data-services-inc-campus-da8d76b0/2023-01-H2.png
da8d76b0-1be9-11f1-a5d9-0182000628e2,amazon-data-services-inc-campus-da8d76b0,"Amazon Data Services, Inc Campus",OR,42.87,4,positive,2025-04-H1,False,Greenfield,2023-02-H1,-52,4324,1.0,0.02843,0.21132,0.14861,0.0,0.64007,0.5157,0.00469,0.2366,0.0,0.0,results/chips_pos16par/amazon-data-services-inc-campus-da8d76b0/2023-02-H1.png
da8d76b0-1be9-11f1-a5d9-0182000628e2,amazon-data-services-inc-campus-da8d76b0,"Amazon Data Services, Inc Campus",OR,42.87,4,positive,2025-04-H1,False,Greenfield,2023-03-H1,-50,4324,1.0,0.02236,0.24396,0.20922,0.0,0.54682,0.52787,-0.0206,0.26282,0.0,0.0,results/chips_pos16par/amazon-data-services-inc-campus-da8d76b0/2023-03-H1.png
da8d76b0-1be9-11f1-a5d9-0182000628e2,amazon-data-services-inc-campus-da8d76b0,"Amazon Data Services, Inc Campus",OR,42.87,4,positive,2025-04-H1,False,Greenfield,2023-03-H2,-49,4324,1.0,0.02756,0.2552,0.18149,0.0,0.56331,0.55637,-0.02123,0.25864,0.0,0.0,results/chips_pos16par/amazon-data-services-inc-campus-da8d76b0/2023-03-H2.png
da8d76b0-1be9-11f1-a5d9-0182000628e2,amazon-data-services-inc-campus-da8d76b0,"Amazon Data Services, Inc Campus",OR,42.87,4,positive,2025-04-H1,False,Greenfield,2023-04-H1,-48,4324,1.0,0.02192,0.26258,0.13524,0.0,0.60218,0.56349,-0.06793,0.23219,0.0,0.0,results/chips_pos16par/amazon-data-services-inc-campus-da8d76b0/2023-04-H1.png
da8d76b0-1be9-11f1-a5d9-0182000628e2,amazon-data-services-inc-campus-da8d76b0,"Amazon Data Services, Inc Campus",OR,42.87,4,positive,2025-04-H1,False,Greenfield,2023-05-H1,-46,4324,1.0,0.03531,0.11331,0.22194,0.0,0.66475,0.34779,0.14325,0.25485,0.0,0.0,results/chips_pos16par/amazon-data-services-inc-campus-da8d76b0/2023-05-H1.png
da8d76b0-1be9-11f1-a5d9-0182000628e2,amazon-data-services-inc-campus-da8d76b0,"Amazon Data Services, Inc Campus",OR,42.87,4,positive,2025-04-H1,False,Greenfield,2023-05-H2,-45,4324,1.0,0.03069,0.06871,0.36656,0.0,0.56473,0.23094,0.20156,0.30861,0.0,0.0,results/chips_pos16par/amazon-data-services-inc-campus-da8d76b0/2023-05-H2.png
da8d76b0-1be9-11f1-a5d9-0182000628e2,amazon-data-services-inc-campus-da8d76b0,"Amazon Data Services, Inc Campus",OR,42.87,4,positive,2025-04-H1,False,Greenfield,2023-06-H1,-44,4324,1.0,0.03209,0.06956,0.36522,0.0,0.56521,0.23432,0.19918,0.30675,0.0,0.0,results/chips_pos16par/amazon-data-services-inc-campus-da8d76b0/2023-06-H1.png
da8d76b0-1be9-11f1-a5d9-0182000628e2,amazon-data-services-inc-campus-da8d76b0,"Amazon Data Services, Inc Campus",OR,42.87,4,positive,2025-04-H1,False,Greenfield,2023-06-H2,-43,4324,1.0,0.03312,0.0465,0.38605,0.0,0.56745,0.20439,0.23299,0.31394,0.0,0.0,results/chips_pos16par/amazon-data-services-inc-campus-da8d76b0/2023-06-H2.png
da8d76b0-1be9-11f1-a5d9-0182000628e2,amazon-data-services-inc-campus-da8d76b0,"Amazon Data Services, Inc Campus",OR,42.87,4,positive,2025-04-H1,False,Greenfield,2023-07-H1,-42,4324,1.0,0.03118,0.05863,0.37167,0.0,0.5697,0.20128,0.22092,0.31319,0.0,0.0,results/chips_pos16par/amazon-data-services-inc-campus-da8d76b0/2023-07-H1.png
da8d76b0-1be9-11f1-a5d9-0182000628e2,amazon-data-services-inc-campus-da8d76b0,"Amazon Data Services, Inc Campus",OR,42.87,4,positive,2025-04-H1,False,Greenfield,2023-07-H2,-41,4324,1.0,0.0249,0.06215,0.39578,1e-05,0.54206,0.18445,0.19755,0.31823,0.0,0.0,results/chips_pos16par/amazon-data-services-inc-campus-da8d76b0/2023-07-H2.png
da8d76b0-1be9-11f1-a5d9-0182000628e2,amazon-data-services-inc-campus-da8d76b0,"Amazon Data Services, Inc Campus",OR,42.87,4,positive,2025-04-H1,False,Greenfield,2023-08-H1,-40,4324,1.0,0.03162,0.05649,0.37797,0.0,0.56554,0.18921,0.22556,0.31675,0.0,0.0,results/chips_pos16par/amazon-data-services-inc-campus-da8d76b0/2023-08-H1.png
da8d76b0-1be9-11f1-a5d9-0182000628e2,amazon-data-services-inc-campus-da8d76b0,"Amazon Data Services, Inc Campus",OR,42.87,4,positive,2025-04-H1,False,Greenfield,2023-08-H2,-39,4324,1.0,0.03306,0.0525,0.38664,0.0,0.56086,0.19918,0.23703,0.32188,0.0,0.0,results/chips_pos16par/amazon-data-services-inc-campus-da8d76b0/2023-08-H2.png
da8d76b0-1be9-11f1-a5d9-0182000628e2,amazon-data-services-inc-campus-da8d76b0,"Amazon Data Services, Inc Campus",OR,42.87,4,positive,2025-04-H1,False,Greenfield,2023-09-H1,-38,4324,1.0,0.03352,0.01794,0.36079,0.0,0.62127,0.17611,0.26679,0.29538,0.0,0.0,results/chips_pos16par/amazon-data-services-inc-campus-da8d76b0/2023-09-H1.png
da8d76b0-1be9-11f1-a5d9-0182000628e2,amazon-data-services-inc-campus-da8d76b0,"Amazon Data Services, Inc Campus",OR,42.87,4,positive,2025-04-H1,False,Greenfield,2023-09-H2,-37,4324,1.0,0.03884,0.03369,0.37107,0.0,0.59523,0.18946,0.26476,0.30964,0.0,0.0,results/chips_pos16par/amazon-data-services-inc-campus-da8d76b0/2023-09-H2.png
da8d76b0-1be9-11f1-a5d9-0182000628e2,amazon-data-services-inc-campus-da8d76b0,"Amazon Data Services, Inc Campus",OR,42.87,4,positive,2025-04-H1,False,Greenfield,2023-10-H1,-36,4324,1.0,0.04064,0.01692,0.31535,0.0,0.66773,0.21039,0.29708,0.28266,0.0,0.0,results/chips_pos16par/amazon-data-services-inc-campus-da8d76b0/2023-10-H1.png
da8d76b0-1be9-11f1-a5d9-0182000628e2,amazon-data-services-inc-campus-da8d76b0,"Amazon Data Services, Inc Campus",OR,42.87,4,positive,2025-04-H1,False,Greenfield,2023-10-H2,-35,4324,1.0,0.03524,0.03585,0.25919,0.0,0.70495,0.24478,0.25282,0.25686,0.0,0.0,results/chips_pos16par/amazon-data-services-inc-campus-da8d76b0/2023-10-H2.png
da8d76b0-1be9-11f1-a5d9-0182000628e2,amazon-data-services-inc-campus-da8d76b0,"Amazon Data Services, Inc Campus",OR,42.87,4,positive,2025-04-H1,False,Greenfield,2023-11-H1,-34,4324,1.0,0.03437,0.12502,0.157,0.0,0.71798,0.44114,0.12724,0.23218,0.0,0.0,results/chips_pos16par/amazon-data-services-inc-campus-da8d76b0/2023-11-H1.png
da8d76b0-1be9-11f1-a5d9-0182000628e2,amazon-data-services-inc-campus-da8d76b0,"Amazon Data Services, Inc Campus",OR,42.87,4,positive,2025-04-H1,False,Greenfield,2023-11-H2,-33,4324,1.0,0.03019,0.19277,0.06888,0.0,0.73835,0.5469,0.0182,0.20698,0.0,0.0,results/chips_pos16par/amazon-data-services-inc-campus-da8d76b0/2023-11-H2.png
da8d76b0-1be9-11f1-a5d9-0182000628e2,amazon-data-services-inc-campus-da8d76b0,"Amazon Data Services, Inc Campus",OR,42.87,4,positive,2025-04-H1,False,Greenfield,2023-12-H1,-32,4324,1.0,0.03677,0.1923,0.13823,0.0,0.66948,0.57251,0.0526,0.23771,0.0,0.0,results/chips_pos16par/amazon-data-services-inc-campus-da8d76b0/2023-12-H1.png
da8d76b0-1be9-11f1-a5d9-0182000628e2,amazon-data-services-inc-campus-da8d76b0,"Amazon Data Services, Inc Campus",OR,42.87,4,positive,2025-04-H1,False,Greenfield,2024-01-H1,-30,4324,1.0,0.03723,0.21077,0.12274,0.0,0.66649,0.61471,0.03026,0.23458,0.0,0.0,results/chips_pos16par/amazon-data-services-inc-campus-da8d76b0/2024-01-H1.png
da8d76b0-1be9-11f1-a5d9-0182000628e2,amazon-data-services-inc-campus-da8d76b0,"Amazon Data Services, Inc Campus",OR,42.87,4,positive,2025-04-H1,False,Greenfield,2024-02-H1,-28,4324,1.0,0.03366,0.22756,0.17653,0.0,0.59591,0.59258,0.02676,0.26054,0.0,0.0,results/chips_pos16par/amazon-data-services-inc-campus-da8d76b0/2024-02-H1.png
da8d76b0-1be9-11f1-a5d9-0182000628e2,amazon-data-services-inc-campus-da8d76b0,"Amazon Data Services, Inc Campus",OR,42.87,4,positive,2025-04-H1,False,Greenfield,2024-02-H2,-27,4324,1.0,0.02905,0.23582,0.14186,0.0,0.62232,0.57332,-0.00922,0.24154,0.0,0.0,results/chips_pos16par/amazon-data-services-inc-campus-da8d76b0/2024-02-H2.png
da8d76b0-1be9-11f1-a5d9-0182000628e2,amazon-data-services-inc-campus-da8d76b0,"Amazon Data Services, Inc Campus",OR,42.87,4,positive,2025-04-H1,False,Greenfield,2024-03-H1,-26,4324,1.0,0.0315,0.28564,0.12101,0.0014,0.59195,0.62599,-0.05472,0.24283,0.0,0.0,results/chips_pos16par/amazon-data-services-inc-campus-da8d76b0/2024-03-H1.png
da8d76b0-1be9-11f1-a5d9-0182000628e2,amazon-data-services-inc-campus-da8d76b0,"Amazon Data Services, Inc Campus",OR,42.87,4,positive,2025-04-H1,False,Greenfield,2024-03-H2,-25,4324,1.0,0.02942,0.27619,0.08938,0.0009,0.63353,0.62546,-0.06755,0.22518,0.0,0.0,results/chips_pos16par/amazon-data-services-inc-campus-da8d76b0/2024-03-H2.png
da8d76b0-1be9-11f1-a5d9-0182000628e2,amazon-data-services-inc-campus-da8d76b0,"Amazon Data Services, Inc Campus",OR,42.87,4,positive,2025-04-H1,False,Greenfield,2024-04-H1,-24,4324,1.0,0.02838,0.26576,0.05654,0.00068,0.67703,0.63804,-0.08028,0.20747,0.0,0.0,results/chips_pos16par/amazon-data-services-inc-campus-da8d76b0/2024-04-H1.png
da8d76b0-1be9-11f1-a5d9-0182000628e2,amazon-data-services-inc-campus-da8d76b0,"Amazon Data Services, Inc Campus",OR,42.87,4,positive,2025-04-H1,False,Greenfield,2024-04-H2,-23,4324,1.0,0.02885,0.25975,0.09729,0.00216,0.6408,0.57445,-0.06594,0.22173,0.0,0.0,results/chips_pos16par/amazon-data-services-inc-campus-da8d76b0/2024-04-H2.png
da8d76b0-1be9-11f1-a5d9-0182000628e2,amazon-data-services-inc-campus-da8d76b0,"Amazon Data Services, Inc Campus",OR,42.87,4,positive,2025-04-H1,False,Greenfield,2024-05-H1,-22,4324,1.0,0.03531,0.12234,0.19818,0.00133,0.67816,0.35862,0.12576,0.24654,0.0,0.0,results/chips_pos16par/amazon-data-services-inc-campus-da8d76b0/2024-05-H1.png
da8d76b0-1be9-11f1-a5d9-0182000628e2,amazon-data-services-inc-campus-da8d76b0,"Amazon Data Services, Inc Campus",OR,42.87,4,positive,2025-04-H1,False,Greenfield,2024-05-H2,-21,4324,1.0,0.0322,0.13455,0.23305,0.00308,0.62931,0.30666,0.10448,0.26228,0.0,0.0,results/chips_pos16par/amazon-data-services-inc-campus-da8d76b0/2024-05-H2.png
da8d76b0-1be9-11f1-a5d9-0182000628e2,amazon-data-services-inc-campus-da8d76b0,"Amazon Data Services, Inc Campus",OR,42.87,4,positive,2025-04-H1,False,Greenfield,2024-06-H1,-20,4324,1.0,0.03179,0.063,0.3343,0.00431,0.5984,0.21197,0.19627,0.29197,703.93597,0.0,results/chips_pos16par/amazon-data-services-inc-campus-da8d76b0/2024-06-H1.png
da8d76b0-1be9-11f1-a5d9-0182000628e2,amazon-data-services-inc-campus-da8d76b0,"Amazon Data Services, Inc Campus",OR,42.87,4,positive,2025-04-H1,False,Greenfield,2024-06-H2,-19,4324,1.0,0.0318,0.06569,0.3443,0.0128,0.5772,0.19115,0.19858,0.30571,1709.55878,0.0,results/chips_pos16par/amazon-data-services-inc-campus-da8d76b0/2024-06-H2.png
da8d76b0-1be9-11f1-a5d9-0182000628e2,amazon-data-services-inc-campus-da8d76b0,"Amazon Data Services, Inc Campus",OR,42.87,4,positive,2025-04-H1,False,Greenfield,2024-07-H1,-18,4324,1.0,0.02628,0.07875,0.37615,0.01235,0.53275,0.18078,0.16678,0.3169,1106.18509,0.0,results/chips_pos16par/amazon-data-services-inc-campus-da8d76b0/2024-07-H1.png
da8d76b0-1be9-11f1-a5d9-0182000628e2,amazon-data-services-inc-campus-da8d76b0,"Amazon Data Services, Inc Campus",OR,42.87,4,positive,2025-04-H1,False,Greenfield,2024-07-H2,-17,4324,1.0,0.02469,0.06226,0.41078,0.00833,0.51863,0.1775,0.19271,0.32907,6335.42372,0.0,results/chips_pos16par/amazon-data-services-inc-campus-da8d76b0/2024-07-H2.png
da8d76b0-1be9-11f1-a5d9-0182000628e2,amazon-data-services-inc-campus-da8d76b0,"Amazon Data Services, Inc Campus",OR,42.87,4,positive,2025-04-H1,False,Greenfield,2024-08-H1,-16,4324,1.0,0.03,0.07943,0.39045,0.00564,0.52448,0.18425,0.19116,0.32995,0.0,0.0,results/chips_pos16par/amazon-data-services-inc-campus-da8d76b0/2024-08-H1.png
da8d76b0-1be9-11f1-a5d9-0182000628e2,amazon-data-services-inc-campus-da8d76b0,"Amazon Data Services, Inc Campus",OR,42.87,4,positive,2025-04-H1,False,Greenfield,2024-08-H2,-15,4324,1.0,0.02717,0.07937,0.40117,0.0044,0.51506,0.17577,0.17984,0.32928,0.0,0.0,results/chips_pos16par/amazon-data-services-inc-campus-da8d76b0/2024-08-H2.png
da8d76b0-1be9-11f1-a5d9-0182000628e2,amazon-data-services-inc-campus-da8d76b0,"Amazon Data Services, Inc Campus",OR,42.87,4,positive,2025-04-H1,False,Greenfield,2024-09-H1,-14,4324,1.0,0.02599,0.07887,0.37811,0.00259,0.54043,0.17406,0.17917,0.31938,0.0,0.0,results/chips_pos16par/amazon-data-services-inc-campus-da8d76b0/2024-09-H1.png
da8d76b0-1be9-11f1-a5d9-0182000628e2,amazon-data-services-inc-campus-da8d76b0,"Amazon Data Services, Inc Campus",OR,42.87,4,positive,2025-04-H1,False,Greenfield,2024-09-H2,-13,4324,1.0,0.02716,0.07625,0.38836,0.00229,0.5331,0.17556,0.18037,0.31997,0.0,0.0,results/chips_pos16par/amazon-data-services-inc-campus-da8d76b0/2024-09-H2.png
da8d76b0-1be9-11f1-a5d9-0182000628e2,amazon-data-services-inc-campus-da8d76b0,"Amazon Data Services, Inc Campus",OR,42.87,4,positive,2025-04-H1,False,Greenfield,2024-10-H1,-12,4324,1.0,0.0267,0.09122,0.36431,0.00236,0.54211,0.18066,0.15808,0.31161,0.0,0.0,results/chips_pos16par/amazon-data-services-inc-campus-da8d76b0/2024-10-H1.png
da8d76b0-1be9-11f1-a5d9-0182000628e2,amazon-data-services-inc-campus-da8d76b0,"Amazon Data Services, Inc Campus",OR,42.87,4,positive,2025-04-H1,False,Greenfield,2024-10-H2,-11,4324,1.0,0.03148,0.08401,0.38761,0.0022,0.52618,0.17532,0.18634,0.32711,0.0,0.0,results/chips_pos16par/amazon-data-services-inc-campus-da8d76b0/2024-10-H2.png
da8d76b0-1be9-11f1-a5d9-0182000628e2,amazon-data-services-inc-campus-da8d76b0,"Amazon Data Services, Inc Campus",OR,42.87,4,positive,2025-04-H1,False,Greenfield,2024-11-H1,-10,4324,1.0,0.02244,0.07477,0.34919,0.00182,0.57422,0.18163,0.16315,0.29623,0.0,0.0,results/chips_pos16par/amazon-data-services-inc-campus-da8d76b0/2024-11-H1.png
da8d76b0-1be9-11f1-a5d9-0182000628e2,amazon-data-services-inc-campus-da8d76b0,"Amazon Data Services, Inc Campus",OR,42.87,4,positive,2025-04-H1,False,Greenfield,2024-11-H2,-9,4324,1.0,0.01978,0.10973,0.16203,0.0,0.72824,0.27521,0.09429,0.22108,0.0,0.0,results/chips_pos16par/amazon-data-services-inc-campus-da8d76b0/2024-11-H2.png
da8d76b0-1be9-11f1-a5d9-0182000628e2,amazon-data-services-inc-campus-da8d76b0,"Amazon Data Services, Inc Campus",OR,42.87,4,positive,2025-04-H1,False,Greenfield,2025-01-H1,-6,4324,1.0,0.02763,0.07742,0.16597,0.00324,0.75338,0.25159,0.1147,0.20864,0.0,0.0,results/chips_pos16par/amazon-data-services-inc-campus-da8d76b0/2025-01-H1.png
da8d76b0-1be9-11f1-a5d9-0182000628e2,amazon-data-services-inc-campus-da8d76b0,"Amazon Data Services, Inc Campus",OR,42.87,4,positive,2025-04-H1,False,Greenfield,2025-01-H2,-5,4324,1.0,0.02227,0.06669,0.15692,0.00437,0.77203,0.22177,0.10104,0.19599,2715.1816,0.0,results/chips_pos16par/amazon-data-services-inc-campus-da8d76b0/2025-01-H2.png
da8d76b0-1be9-11f1-a5d9-0182000628e2,amazon-data-services-inc-campus-da8d76b0,"Amazon Data Services, Inc Campus",OR,42.87,4,positive,2025-04-H1,False,Greenfield,2025-02-H1,-4,4324,1.0,0.01669,0.05963,0.23568,0.01587,0.68882,0.18182,0.07026,0.22044,402.24913,0.0,results/chips_pos16par/amazon-data-services-inc-campus-da8d76b0/2025-02-H1.png
da8d76b0-1be9-11f1-a5d9-0182000628e2,amazon-data-services-inc-campus-da8d76b0,"Amazon Data Services, Inc Campus",OR,42.87,4,positive,2025-04-H1,False,Greenfield,2025-02-H2,-3,4324,1.0,0.025,0.05819,0.03212,0.00024,0.90944,0.18308,0.03214,0.13158,0.0,0.0,results/chips_pos16par/amazon-data-services-inc-campus-da8d76b0/2025-02-H2.png
da8d76b0-1be9-11f1-a5d9-0182000628e2,amazon-data-services-inc-campus-da8d76b0,"Amazon Data Services, Inc Campus",OR,42.87,4,positive,2025-04-H1,False,Greenfield,2025-03-H1,-2,4324,1.0,0.01812,0.05165,0.24703,0.02053,0.6808,0.15595,0.0767,0.22486,0.0,0.0,results/chips_pos16par/amazon-data-services-inc-campus-da8d76b0/2025-03-H1.png
da8d76b0-1be9-11f1-a5d9-0182000628e2,amazon-data-services-inc-campus-da8d76b0,"Amazon Data Services, Inc Campus",OR,42.87,4,positive,2025-04-H1,False,Greenfield,2025-03-H2,-1,4324,1.0,0.01562,0.06095,0.24512,0.0437,0.65023,0.1532,0.04414,0.2362,0.0,0.0,results/chips_pos16par/amazon-data-services-inc-campus-da8d76b0/2025-03-H2.png
da8d76b0-1be9-11f1-a5d9-0182000628e2,amazon-data-services-inc-campus-da8d76b0,"Amazon Data Services, Inc Campus",OR,42.87,4,positive,2025-04-H1,False,Greenfield,2025-04-H1,0,4324,1.0,0.01936,0.04499,0.31233,0.08324,0.55944,0.13082,0.0318,0.27038,39822.6634,0.0,results/chips_pos16par/amazon-data-services-inc-campus-da8d76b0/2025-04-H1.png
da8d76b0-1be9-11f1-a5d9-0182000628e2,amazon-data-services-inc-campus-da8d76b0,"Amazon Data Services, Inc Campus",OR,42.87,4,positive,2025-04-H1,False,Greenfield,2025-04-H2,1,4324,1.0,0.01707,0.0476,0.28687,0.06839,0.59714,0.11894,0.02912,0.25303,19710.20714,0.0,results/chips_pos16par/amazon-data-services-inc-campus-da8d76b0/2025-04-H2.png
da8d76b0-1be9-11f1-a5d9-0182000628e2,amazon-data-services-inc-campus-da8d76b0,"Amazon Data Services, Inc Campus",OR,42.87,4,positive,2025-04-H1,False,Greenfield,2025-05-H1,2,4324,1.0,0.01548,0.04829,0.25926,0.06648,0.62597,0.10846,0.0351,0.24608,3821.36669,0.0,results/chips_pos16par/amazon-data-services-inc-campus-da8d76b0/2025-05-H1.png
da8d76b0-1be9-11f1-a5d9-0182000628e2,amazon-data-services-inc-campus-da8d76b0,"Amazon Data Services, Inc Campus",OR,42.87,4,positive,2025-04-H1,False,Greenfield,2025-05-H2,3,4324,1.0,0.01432,0.02997,0.28825,0.08699,0.59479,0.07884,0.04663,0.26341,10156.79041,0.0,results/chips_pos16par/amazon-data-services-inc-campus-da8d76b0/2025-05-H2.png
da8d76b0-1be9-11f1-a5d9-0182000628e2,amazon-data-services-inc-campus-da8d76b0,"Amazon Data Services, Inc Campus",OR,42.87,4,positive,2025-04-H1,False,Greenfield,2025-06-H1,4,4324,1.0,0.01505,0.03529,0.29242,0.06395,0.60835,0.09444,0.04874,0.25299,11665.22463,0.0,results/chips_pos16par/amazon-data-services-inc-campus-da8d76b0/2025-06-H1.png
da8d76b0-1be9-11f1-a5d9-0182000628e2,amazon-data-services-inc-campus-da8d76b0,"Amazon Data Services, Inc Campus",OR,42.87,4,positive,2025-04-H1,False,Greenfield,2025-06-H2,5,4324,1.0,0.01553,0.02274,0.28465,0.08742,0.60518,0.06291,0.05625,0.26093,3217.993,0.0,results/chips_pos16par/amazon-data-services-inc-campus-da8d76b0/2025-06-H2.png
da8d76b0-1be9-11f1-a5d9-0182000628e2,amazon-data-services-inc-campus-da8d76b0,"Amazon Data Services, Inc Campus",OR,42.87,4,positive,2025-04-H1,False,Greenfield,2025-07-H1,6,4324,1.0,0.01497,0.01589,0.2894,0.08117,0.61355,0.05887,0.05845,0.25484,502.81141,0.0,results/chips_pos16par/amazon-data-services-inc-campus-da8d76b0/2025-07-H1.png
da8d76b0-1be9-11f1-a5d9-0182000628e2,amazon-data-services-inc-campus-da8d76b0,"Amazon Data Services, Inc Campus",OR,42.87,4,positive,2025-04-H1,False,Greenfield,2025-07-H2,7,4324,1.0,0.01564,0.01433,0.29133,0.1107,0.58364,0.04954,0.0545,0.27159,7240.48425,804.49825,results/chips_pos16par/amazon-data-services-inc-campus-da8d76b0/2025-07-H2.png
da8d76b0-1be9-11f1-a5d9-0182000628e2,amazon-data-services-inc-campus-da8d76b0,"Amazon Data Services, Inc Campus",OR,42.87,4,positive,2025-04-H1,False,Greenfield,2025-08-H1,8,4324,1.0,0.01542,0.0112,0.31721,0.08444,0.58715,0.0599,0.05955,0.26434,20715.82995,0.0,results/chips_pos16par/amazon-data-services-inc-campus-da8d76b0/2025-08-H1.png
da8d76b0-1be9-11f1-a5d9-0182000628e2,amazon-data-services-inc-campus-da8d76b0,"Amazon Data Services, Inc Campus",OR,42.87,4,positive,2025-04-H1,False,Greenfield,2025-08-H2,9,4324,1.0,0.01493,0.02557,0.27415,0.0631,0.63718,0.06756,0.05866,0.24355,1709.55878,0.0,results/chips_pos16par/amazon-data-services-inc-campus-da8d76b0/2025-08-H2.png
da8d76b0-1be9-11f1-a5d9-0182000628e2,amazon-data-services-inc-campus-da8d76b0,"Amazon Data Services, Inc Campus",OR,42.87,4,positive,2025-04-H1,False,Greenfield,2025-09-H1,10,4324,1.0,0.01466,0.01728,0.26064,0.07127,0.65081,0.05091,0.07479,0.24405,3620.24213,5430.36319,results/chips_pos16par/amazon-data-services-inc-campus-da8d76b0/2025-09-H1.png
da8d76b0-1be9-11f1-a5d9-0182000628e2,amazon-data-services-inc-campus-da8d76b0,"Amazon Data Services, Inc Campus",OR,42.87,4,positive,2025-04-H1,False,Greenfield,2025-09-H2,11,4073,0.9593,0.01436,0.0168,0.2851,0.06754,0.63056,0.05637,0.0713,0.24969,7441.60882,603.37369,results/chips_pos16par/amazon-data-services-inc-campus-da8d76b0/2025-09-H2.png
da8d76b0-1be9-11f1-a5d9-0182000628e2,amazon-data-services-inc-campus-da8d76b0,"Amazon Data Services, Inc Campus",OR,42.87,4,positive,2025-04-H1,False,Greenfield,2025-10-H1,12,4324,1.0,0.01469,0.02246,0.23851,0.06836,0.67067,0.06191,0.07111,0.23605,3016.86844,12670.84745,results/chips_pos16par/amazon-data-services-inc-campus-da8d76b0/2025-10-H1.png
da8d76b0-1be9-11f1-a5d9-0182000628e2,amazon-data-services-inc-campus-da8d76b0,"Amazon Data Services, Inc Campus",OR,42.87,4,positive,2025-04-H1,False,Greenfield,2025-10-H2,13,4324,1.0,0.01598,0.03256,0.17606,0.06947,0.7219,0.06634,0.04327,0.21164,603.37369,15486.59132,results/chips_pos16par/amazon-data-services-inc-campus-da8d76b0/2025-10-H2.png
da8d76b0-1be9-11f1-a5d9-0182000628e2,amazon-data-services-inc-campus-da8d76b0,"Amazon Data Services, Inc Campus",OR,42.87,4,positive,2025-04-H1,False,Greenfield,2025-11-H1,14,4324,1.0,0.01638,0.03064,0.20935,0.08199,0.67801,0.07808,0.04295,0.22842,1709.55878,18302.3352,results/chips_pos16par/amazon-data-services-inc-campus-da8d76b0/2025-11-H1.png
da8d76b0-1be9-11f1-a5d9-0182000628e2,amazon-data-services-inc-campus-da8d76b0,"Amazon Data Services, Inc Campus",OR,42.87,4,positive,2025-04-H1,False,Greenfield,2025-11-H2,15,4324,1.0,0.01508,0.02348,0.11326,0.06736,0.79591,0.06452,0.03535,0.17617,0.0,20011.89398,results/chips_pos16par/amazon-data-services-inc-campus-da8d76b0/2025-11-H2.png
da8d76b0-1be9-11f1-a5d9-0182000628e2,amazon-data-services-inc-campus-da8d76b0,"Amazon Data Services, Inc Campus",OR,42.87,4,positive,2025-04-H1,False,Greenfield,2025-12-H2,17,4069,0.9583,0.02741,0.02616,0.02363,0.04064,0.90957,0.04828,0.0346,0.1216,0.0,10156.79041,results/chips_pos16par/amazon-data-services-inc-campus-da8d76b0/2025-12-H2.png
da8d76b0-1be9-11f1-a5d9-0182000628e2,amazon-data-services-inc-campus-da8d76b0,"Amazon Data Services, Inc Campus",OR,42.87,4,positive,2025-04-H1,False,Greenfield,2026-01-H1,18,670,0.1578,0.04002,0.00156,0.03571,0.0102,0.95252,-0.00802,0.06509,0.08103,1106.18509,0.0,results/chips_pos16par/amazon-data-services-inc-campus-da8d76b0/2026-01-H1.png
da8d76b0-1be9-11f1-a5d9-0182000628e2,amazon-data-services-inc-campus-da8d76b0,"Amazon Data Services, Inc Campus",OR,42.87,4,positive,2025-04-H1,False,Greenfield,2026-01-H2,19,3515,0.8278,0.02218,0.03247,0.03401,0.07054,0.86297,0.07767,-0.01051,0.14061,0.0,20816.39223,results/chips_pos16par/amazon-data-services-inc-campus-da8d76b0/2026-01-H2.png
da8d76b0-1be9-11f1-a5d9-0182000628e2,amazon-data-services-inc-campus-da8d76b0,"Amazon Data Services, Inc Campus",OR,42.87,4,positive,2025-04-H1,False,Greenfield,2026-02-H2,21,4324,1.0,0.02754,0.03709,0.01563,0.0894,0.85789,0.07483,-0.03256,0.14801,201.12456,34291.73793,results/chips_pos16par/amazon-data-services-inc-campus-da8d76b0/2026-02-H2.png
da8d76b0-1be9-11f1-a5d9-0182000628e2,amazon-data-services-inc-campus-da8d76b0,"Amazon Data Services, Inc Campus",OR,42.87,4,positive,2025-04-H1,False,Greenfield,2026-03-H1,22,4324,1.0,0.01699,0.02974,0.12321,0.10918,0.73788,0.06864,0.0182,0.20557,804.49825,34995.6739,results/chips_pos16par/amazon-data-services-inc-campus-da8d76b0/2026-03-H1.png
da8d76b0-1be9-11f1-a5d9-0182000628e2,amazon-data-services-inc-campus-da8d76b0,"Amazon Data Services, Inc Campus",OR,42.87,4,positive,2025-04-H1,False,Greenfield,2026-03-H2,23,4324,1.0,0.01831,0.0443,0.13387,0.15326,0.66856,0.09016,-0.01244,0.23838,905.06053,44146.8415,results/chips_pos16par/amazon-data-services-inc-campus-da8d76b0/2026-03-H2.png
da8d76b0-1be9-11f1-a5d9-0182000628e2,amazon-data-services-inc-campus-da8d76b0,"Amazon Data Services, Inc Campus",OR,42.87,4,positive,2025-04-H1,False,Greenfield,2026-04-H1,24,4324,1.0,0.01805,0.02466,0.15199,0.15719,0.66615,0.05713,0.02061,0.24699,2111.80791,44448.52834,results/chips_pos16par/amazon-data-services-inc-campus-da8d76b0/2026-04-H1.png
da8d76b0-1be9-11f1-a5d9-0182000628e2,amazon-data-services-inc-campus-da8d76b0,"Amazon Data Services, Inc Campus",OR,42.87,4,positive,2025-04-H1,False,Greenfield,2026-04-H2,25,4324,1.0,0.0226,0.02968,0.13516,0.19279,0.64237,0.05825,-0.00972,0.25373,1005.62281,48269.89503,results/chips_pos16par/amazon-data-services-inc-campus-da8d76b0/2026-04-H2.png
da8d76b0-1be9-11f1-a5d9-0182000628e2,amazon-data-services-inc-campus-da8d76b0,"Amazon Data Services, Inc Campus",OR,42.87,4,positive,2025-04-H1,False,Greenfield,2026-05-H1,26,4324,1.0,0.02082,0.01794,0.17713,0.20574,0.59918,0.04252,0.01094,0.27654,2312.93247,47867.6459,results/chips_pos16par/amazon-data-services-inc-campus-da8d76b0/2026-05-H1.png
da8d76b0-1be9-11f1-a5d9-0182000628e2,amazon-data-services-inc-campus-da8d76b0,"Amazon Data Services, Inc Campus",OR,42.87,4,positive,2025-04-H1,False,Greenfield,2026-05-H2,27,4324,1.0,0.02549,0.01317,0.18689,0.1985,0.60143,0.02462,0.03496,0.2731,5229.23863,49778.32925,results/chips_pos16par/amazon-data-services-inc-campus-da8d76b0/2026-05-H2.png
da8d76b0-1be9-11f1-a5d9-0182000628e2,amazon-data-services-inc-campus-da8d76b0,"Amazon Data Services, Inc Campus",OR,42.87,4,positive,2025-04-H1,False,Greenfield,2026-06-H1,28,4324,1.0,0.02005,0.01727,0.17851,0.21127,0.59295,0.03566,0.02201,0.27811,2212.37019,52594.07313,results/chips_pos16par/amazon-data-services-inc-campus-da8d76b0/2026-06-H1.png
da8d76b0-1be9-11f1-a5d9-0182000628e2,amazon-data-services-inc-campus-da8d76b0,"Amazon Data Services, Inc Campus",OR,42.87,4,positive,2025-04-H1,False,Greenfield,2026-06-H2,29,4324,1.0,0.02224,0.01223,0.17349,0.22337,0.59091,0.0292,0.01172,0.27851,4123.05353,57320.50035,results/chips_pos16par/amazon-data-services-inc-campus-da8d76b0/2026-06-H2.png
da8d76b0-1be9-11f1-a5d9-0182000628e2,amazon-data-services-inc-campus-da8d76b0,"Amazon Data Services, Inc Campus",OR,42.87,4,positive,2025-04-H1,False,Greenfield,2026-07-H1,30,4069,0.9583,0.01957,0.01449,0.20633,0.17539,0.6038,0.04228,0.02259,0.26894,8346.66935,43644.03009,results/chips_pos16par/amazon-data-services-inc-campus-da8d76b0/2026-07-H1.png
da8d76b0-1be9-11f1-a5d9-0182000628e2,amazon-data-services-inc-campus-da8d76b0,"Amazon Data Services, Inc Campus",OR,42.87,4,positive,2025-04-H1,False,Greenfield,2026-07-H2,31,4324,1.0,0.02723,0.0113,0.16192,0.25078,0.576,0.0296,-0.00034,0.28909,2715.1816,68080.66445,results/chips_pos16par/amazon-data-services-inc-campus-da8d76b0/2026-07-H2.png
da8d76b0-1be9-11f1-a5d9-0182000628e2,amazon-data-services-inc-campus-da8d76b0,"Amazon Data Services, Inc Campus",OR,42.87,4,positive,2025-04-H1,False,Greenfield,2026-08-H1,32,4119,0.9701,0.01808,0.03147,0.14482,0.26916,0.55455,0.053,-0.03329,0.30206,3016.86844,61544.11616,results/chips_pos16par/amazon-data-services-inc-campus-da8d76b0/2026-08-H1.png
da8d76b0-1be9-11f1-a5d9-0182000628e2,amazon-data-services-inc-campus-da8d76b0,"Amazon Data Services, Inc Campus",OR,42.87,4,positive,2025-04-H1,False,Greenfield,2026-08-H2,33,4324,1.0,0.01597,0.01679,0.14899,0.23089,0.60333,0.034,0.00713,0.27697,1106.18509,66471.66795,results/chips_pos16par/amazon-data-services-inc-campus-da8d76b0/2026-08-H2.png
bda06ff0-29d0-11f0-82cd-25e7d375563e,digital-wl-2834-llc-digital-wl-5459-llc-campus-bda06ff0,Digital Wl 2834 Llc & Digital Wl 5459 Llc Campus,VA,181.15,11,positive,2025-06-H1,False,Expansion,2023-01-H1,-58,18419,1.0,0.03641,0.11708,0.10586,0.01663,0.76043,0.34938,0.08322,0.20696,0.0,21576.38091,results/chips_pos16par/digital-wl-2834-llc-digital-wl-5459-llc-campus-bda06ff0/2023-01-H1.png
bda06ff0-29d0-11f0-82cd-25e7d375563e,digital-wl-2834-llc-digital-wl-5459-llc-campus-bda06ff0,Digital Wl 2834 Llc & Digital Wl 5459 Llc Campus,VA,181.15,11,positive,2025-06-H1,False,Expansion,2023-02-H1,-56,18402,1.0,0.0356,0.10614,0.1378,0.01911,0.73696,0.3249,0.10315,0.21989,696.01229,21576.38091,results/chips_pos16par/digital-wl-2834-llc-digital-wl-5459-llc-campus-bda06ff0/2023-02-H1.png
bda06ff0-29d0-11f0-82cd-25e7d375563e,digital-wl-2834-llc-digital-wl-5459-llc-campus-bda06ff0,Digital Wl 2834 Llc & Digital Wl 5459 Llc Campus,VA,181.15,11,positive,2025-06-H1,False,Expansion,2023-02-H2,-55,17723,0.9783,0.03449,0.11304,0.17521,0.01,0.70175,0.32913,0.11158,0.23645,5965.81961,0.0,results/chips_pos16par/digital-wl-2834-llc-digital-wl-5459-llc-campus-bda06ff0/2023-02-H2.png
bda06ff0-29d0-11f0-82cd-25e7d375563e,digital-wl-2834-llc-digital-wl-5459-llc-campus-bda06ff0,Digital Wl 2834 Llc & Digital Wl 5459 Llc Campus,VA,181.15,11,positive,2025-06-H1,False,Expansion,2023-03-H1,-54,18434,1.0,0.03638,0.10688,0.16586,0.02381,0.70345,0.31784,0.11323,0.23748,2088.03686,28536.50379,results/chips_pos16par/digital-wl-2834-llc-digital-wl-5459-llc-campus-bda06ff0/2023-03-H1.png
bda06ff0-29d0-11f0-82cd-25e7d375563e,digital-wl-2834-llc-digital-wl-5459-llc-campus-bda06ff0,Digital Wl 2834 Llc & Digital Wl 5459 Llc Campus,VA,181.15,11,positive,2025-06-H1,False,Expansion,2023-03-H2,-53,18398,1.0,0.03554,0.10589,0.20691,0.02819,0.65901,0.31212,0.1182,0.25693,12925.94248,31320.55294,results/chips_pos16par/digital-wl-2834-llc-digital-wl-5459-llc-campus-bda06ff0/2023-03-H2.png
bda06ff0-29d0-11f0-82cd-25e7d375563e,digital-wl-2834-llc-digital-wl-5459-llc-campus-bda06ff0,Digital Wl 2834 Llc & Digital Wl 5459 Llc Campus,VA,181.15,11,positive,2025-06-H1,False,Expansion,2023-04-H1,-52,18131,1.0,0.03082,0.14721,0.20051,0.02267,0.62961,0.38667,0.05567,0.25508,48124.27817,20283.78667,results/chips_pos16par/digital-wl-2834-llc-digital-wl-5459-llc-campus-bda06ff0/2023-04-H1.png
bda06ff0-29d0-11f0-82cd-25e7d375563e,digital-wl-2834-llc-digital-wl-5459-llc-campus-bda06ff0,Digital Wl 2834 Llc & Digital Wl 5459 Llc Campus,VA,181.15,11,positive,2025-06-H1,False,Expansion,2023-04-H2,-51,18131,1.0,0.02057,0.22874,0.18301,0.02677,0.56149,0.46059,-0.05222,0.25458,62243.38457,20184.35634,results/chips_pos16par/digital-wl-2834-llc-digital-wl-5459-llc-campus-bda06ff0/2023-04-H2.png
bda06ff0-29d0-11f0-82cd-25e7d375563e,digital-wl-2834-llc-digital-wl-5459-llc-campus-bda06ff0,Digital Wl 2834 Llc & Digital Wl 5459 Llc Campus,VA,181.15,11,positive,2025-06-H1,False,Expansion,2023-05-H1,-50,6518,0.3598,0.01879,0.31979,0.15553,0.04555,0.47912,0.48411,-0.14914,0.2541,16604.86457,20780.9383,results/chips_pos16par/digital-wl-2834-llc-digital-wl-5459-llc-campus-bda06ff0/2023-05-H1.png
bda06ff0-29d0-11f0-82cd-25e7d375563e,digital-wl-2834-llc-digital-wl-5459-llc-campus-bda06ff0,Digital Wl 2834 Llc & Digital Wl 5459 Llc Campus,VA,181.15,11,positive,2025-06-H1,False,Expansion,2023-05-H2,-49,18378,1.0,0.02345,0.41276,0.13057,0.04227,0.4144,0.59137,-0.20237,0.2527,33110.29882,37982.38483,results/chips_pos16par/digital-wl-2834-llc-digital-wl-5459-llc-campus-bda06ff0/2023-05-H2.png
bda06ff0-29d0-11f0-82cd-25e7d375563e,digital-wl-2834-llc-digital-wl-5459-llc-campus-bda06ff0,Digital Wl 2834 Llc & Digital Wl 5459 Llc Campus,VA,181.15,11,positive,2025-06-H1,False,Expansion,2023-06-H1,-48,18111,0.9997,0.02169,0.34212,0.13744,0.02297,0.49747,0.57894,-0.1868,0.23243,115935.76104,19388.91372,results/chips_pos16par/digital-wl-2834-llc-digital-wl-5459-llc-campus-bda06ff0/2023-06-H1.png
bda06ff0-29d0-11f0-82cd-25e7d375563e,digital-wl-2834-llc-digital-wl-5459-llc-campus-bda06ff0,Digital Wl 2834 Llc & Digital Wl 5459 Llc Campus,VA,181.15,11,positive,2025-06-H1,False,Expansion,2023-06-H2,-47,4434,0.2448,0.02321,0.29806,0.27026,0.07551,0.35617,0.42677,-0.09475,0.31754,101816.65463,15411.70065,results/chips_pos16par/digital-wl-2834-llc-digital-wl-5459-llc-campus-bda06ff0/2023-06-H2.png
bda06ff0-29d0-11f0-82cd-25e7d375563e,digital-wl-2834-llc-digital-wl-5459-llc-campus-bda06ff0,Digital Wl 2834 Llc & Digital Wl 5459 Llc Campus,VA,181.15,11,positive,2025-06-H1,False,Expansion,2023-07-H1,-46,12684,0.7002,0.02144,0.29554,0.25319,0.0341,0.41717,0.49997,-0.0935,0.29522,219343.3009,15511.13098,results/chips_pos16par/digital-wl-2834-llc-digital-wl-5459-llc-campus-bda06ff0/2023-07-H1.png
bda06ff0-29d0-11f0-82cd-25e7d375563e,digital-wl-2834-llc-digital-wl-5459-llc-campus-bda06ff0,Digital Wl 2834 Llc & Digital Wl 5459 Llc Campus,VA,181.15,11,positive,2025-06-H1,False,Expansion,2023-07-H2,-45,17360,0.9583,0.02095,0.35365,0.06431,0.01859,0.56345,0.59489,-0.18479,0.21277,596.58196,14019.67608,results/chips_pos16par/digital-wl-2834-llc-digital-wl-5459-llc-campus-bda06ff0/2023-07-H2.png
bda06ff0-29d0-11f0-82cd-25e7d375563e,digital-wl-2834-llc-digital-wl-5459-llc-campus-bda06ff0,Digital Wl 2834 Llc & Digital Wl 5459 Llc Campus,VA,181.15,11,positive,2025-06-H1,False,Expansion,2023-08-H1,-44,7502,0.4141,0.01915,0.29102,0.09768,0.0697,0.5416,0.44932,-0.22263,0.21859,18991.19242,99.43033,results/chips_pos16par/digital-wl-2834-llc-digital-wl-5459-llc-campus-bda06ff0/2023-08-H1.png
bda06ff0-29d0-11f0-82cd-25e7d375563e,digital-wl-2834-llc-digital-wl-5459-llc-campus-bda06ff0,Digital Wl 2834 Llc & Digital Wl 5459 Llc Campus,VA,181.15,11,positive,2025-06-H1,False,Expansion,2023-08-H2,-43,18410,1.0,0.02713,0.30851,0.08832,0.03092,0.57225,0.61801,-0.19057,0.21192,10937.33595,35596.05699,results/chips_pos16par/digital-wl-2834-llc-digital-wl-5459-llc-campus-bda06ff0/2023-08-H2.png
bda06ff0-29d0-11f0-82cd-25e7d375563e,digital-wl-2834-llc-digital-wl-5459-llc-campus-bda06ff0,Digital Wl 2834 Llc & Digital Wl 5459 Llc Campus,VA,181.15,11,positive,2025-06-H1,False,Expansion,2023-09-H1,-42,18406,1.0,0.02756,0.27742,0.05698,0.02888,0.63672,0.59021,-0.15823,0.20053,1093.73359,36192.63895,results/chips_pos16par/digital-wl-2834-llc-digital-wl-5459-llc-campus-bda06ff0/2023-09-H1.png
bda06ff0-29d0-11f0-82cd-25e7d375563e,digital-wl-2834-llc-digital-wl-5459-llc-campus-bda06ff0,Digital Wl 2834 Llc & Digital Wl 5459 Llc Campus,VA,181.15,11,positive,2025-06-H1,False,Expansion,2023-09-H2,-41,17368,0.9587,0.01773,0.29168,0.03422,0.02837,0.64573,0.55704,-0.18722,0.19135,0.0,21974.10222,results/chips_pos16par/digital-wl-2834-llc-digital-wl-5459-llc-campus-bda06ff0/2023-09-H2.png
bda06ff0-29d0-11f0-82cd-25e7d375563e,digital-wl-2834-llc-digital-wl-5459-llc-campus-bda06ff0,Digital Wl 2834 Llc & Digital Wl 5459 Llc Campus,VA,181.15,11,positive,2025-06-H1,False,Expansion,2023-10-H1,-40,18434,1.0,0.02631,0.24277,0.07223,0.02606,0.65894,0.53902,-0.11457,0.20395,1392.02458,32613.14719,results/chips_pos16par/digital-wl-2834-llc-digital-wl-5459-llc-campus-bda06ff0/2023-10-H1.png
bda06ff0-29d0-11f0-82cd-25e7d375563e,digital-wl-2834-llc-digital-wl-5459-llc-campus-bda06ff0,Digital Wl 2834 Llc & Digital Wl 5459 Llc Campus,VA,181.15,11,positive,2025-06-H1,False,Expansion,2023-10-H2,-39,17883,0.9871,0.03305,0.205,0.08606,0.02484,0.68409,0.48404,-0.05671,0.20835,497.15163,34005.17176,results/chips_pos16par/digital-wl-2834-llc-digital-wl-5459-llc-campus-bda06ff0/2023-10-H2.png
bda06ff0-29d0-11f0-82cd-25e7d375563e,digital-wl-2834-llc-digital-wl-5459-llc-campus-bda06ff0,Digital Wl 2834 Llc & Digital Wl 5459 Llc Campus,VA,181.15,11,positive,2025-06-H1,False,Expansion,2023-11-H1,-38,18434,1.0,0.02918,0.18634,0.04073,0.02127,0.75166,0.41305,-0.07191,0.18044,0.0,31419.98327,results/chips_pos16par/digital-wl-2834-llc-digital-wl-5459-llc-campus-bda06ff0/2023-11-H1.png
bda06ff0-29d0-11f0-82cd-25e7d375563e,digital-wl-2834-llc-digital-wl-5459-llc-campus-bda06ff0,Digital Wl 2834 Llc & Digital Wl 5459 Llc Campus,VA,181.15,11,positive,2025-06-H1,False,Expansion,2023-11-H2,-37,18434,1.0,0.03495,0.14657,0.13611,0.02667,0.69065,0.39167,0.05438,0.23066,2784.04915,31121.69229,results/chips_pos16par/digital-wl-2834-llc-digital-wl-5459-llc-campus-bda06ff0/2023-11-H2.png
bda06ff0-29d0-11f0-82cd-25e7d375563e,digital-wl-2834-llc-digital-wl-5459-llc-campus-bda06ff0,Digital Wl 2834 Llc & Digital Wl 5459 Llc Campus,VA,181.15,11,positive,2025-06-H1,False,Expansion,2023-12-H1,-36,18434,1.0,0.03118,0.10186,0.09746,0.02418,0.7765,0.3306,0.07104,0.19721,0.0,29133.08575,results/chips_pos16par/digital-wl-2834-llc-digital-wl-5459-llc-campus-bda06ff0/2023-12-H1.png
bda06ff0-29d0-11f0-82cd-25e7d375563e,digital-wl-2834-llc-digital-wl-5459-llc-campus-bda06ff0,Digital Wl 2834 Llc & Digital Wl 5459 Llc Campus,VA,181.15,11,positive,2025-06-H1,False,Expansion,2023-12-H2,-35,3161,0.1745,0.00935,0.0641,0.06974,0.01517,0.85099,0.18754,0.0099,0.15385,0.0,0.0,results/chips_pos16par/digital-wl-2834-llc-digital-wl-5459-llc-campus-bda06ff0/2023-12-H2.png
bda06ff0-29d0-11f0-82cd-25e7d375563e,digital-wl-2834-llc-digital-wl-5459-llc-campus-bda06ff0,Digital Wl 2834 Llc & Digital Wl 5459 Llc Campus,VA,181.15,11,positive,2025-06-H1,False,Expansion,2024-01-H1,-34,18408,1.0,0.03137,0.1177,0.13926,0.02736,0.71567,0.33431,0.06415,0.22084,397.72131,32115.99555,results/chips_pos16par/digital-wl-2834-llc-digital-wl-5459-llc-campus-bda06ff0/2024-01-H1.png
bda06ff0-29d0-11f0-82cd-25e7d375563e,digital-wl-2834-llc-digital-wl-5459-llc-campus-bda06ff0,Digital Wl 2834 Llc & Digital Wl 5459 Llc Campus,VA,181.15,11,positive,2025-06-H1,False,Expansion,2024-02-H1,-32,18434,1.0,0.03375,0.10347,0.15739,0.02622,0.71291,0.32124,0.09723,0.22896,5269.80732,34104.60209,results/chips_pos16par/digital-wl-2834-llc-digital-wl-5459-llc-campus-bda06ff0/2024-02-H1.png
bda06ff0-29d0-11f0-82cd-25e7d375563e,digital-wl-2834-llc-digital-wl-5459-llc-campus-bda06ff0,Digital Wl 2834 Llc & Digital Wl 5459 Llc Campus,VA,181.15,11,positive,2025-06-H1,False,Expansion,2024-02-H2,-31,17060,0.9417,0.0315,0.11288,0.18013,0.0104,0.69659,0.32091,0.10642,0.23654,4076.6434,0.0,results/chips_pos16par/digital-wl-2834-llc-digital-wl-5459-llc-campus-bda06ff0/2024-02-H2.png
bda06ff0-29d0-11f0-82cd-25e7d375563e,digital-wl-2834-llc-digital-wl-5459-llc-campus-bda06ff0,Digital Wl 2834 Llc & Digital Wl 5459 Llc Campus,VA,181.15,11,positive,2025-06-H1,False,Expansion,2024-03-H2,-29,18386,1.0,0.02913,0.11935,0.21415,0.03025,0.63625,0.32254,0.08628,0.25779,49516.30274,36590.36026,results/chips_pos16par/digital-wl-2834-llc-digital-wl-5459-llc-campus-bda06ff0/2024-03-H2.png
bda06ff0-29d0-11f0-82cd-25e7d375563e,digital-wl-2834-llc-digital-wl-5459-llc-campus-bda06ff0,Digital Wl 2834 Llc & Digital Wl 5459 Llc Campus,VA,181.15,11,positive,2025-06-H1,False,Expansion,2024-04-H1,-28,18387,1.0,0.02779,0.1294,0.25992,0.03144,0.57924,0.35247,0.08556,0.28052,132341.76496,37385.80287,results/chips_pos16par/digital-wl-2834-llc-digital-wl-5459-llc-campus-bda06ff0/2024-04-H1.png
bda06ff0-29d0-11f0-82cd-25e7d375563e,digital-wl-2834-llc-digital-wl-5459-llc-campus-bda06ff0,Digital Wl 2834 Llc & Digital Wl 5459 Llc Campus,VA,181.15,11,positive,2025-06-H1,False,Expansion,2024-04-H2,-27,18379,1.0,0.02496,0.1922,0.18371,0.02932,0.59477,0.43516,-0.00465,0.25556,36292.06928,36391.49961,results/chips_pos16par/digital-wl-2834-llc-digital-wl-5459-llc-campus-bda06ff0/2024-04-H2.png
bda06ff0-29d0-11f0-82cd-25e7d375563e,digital-wl-2834-llc-digital-wl-5459-llc-campus-bda06ff0,Digital Wl 2834 Llc & Digital Wl 5459 Llc Campus,VA,181.15,11,positive,2025-06-H1,False,Expansion,2024-05-H2,-25,18402,1.0,0.0219,0.33264,0.11167,0.02856,0.52712,0.58557,-0.16248,0.23069,19488.34405,36093.20863,results/chips_pos16par/digital-wl-2834-llc-digital-wl-5459-llc-campus-bda06ff0/2024-05-H2.png
bda06ff0-29d0-11f0-82cd-25e7d375563e,digital-wl-2834-llc-digital-wl-5459-llc-campus-bda06ff0,Digital Wl 2834 Llc & Digital Wl 5459 Llc Campus,VA,181.15,11,positive,2025-06-H1,False,Expansion,2024-06-H1,-24,18123,1.0,0.02176,0.4336,0.12181,0.02644,0.41815,0.62797,-0.18684,0.25331,47229.40523,20582.07765,results/chips_pos16par/digital-wl-2834-llc-digital-wl-5459-llc-campus-bda06ff0/2024-06-H1.png
bda06ff0-29d0-11f0-82cd-25e7d375563e,digital-wl-2834-llc-digital-wl-5459-llc-campus-bda06ff0,Digital Wl 2834 Llc & Digital Wl 5459 Llc Campus,VA,181.15,11,positive,2025-06-H1,False,Expansion,2024-06-H2,-23,17791,0.9821,0.01735,0.32561,0.1669,0.03349,0.474,0.52286,-0.12797,0.26118,98137.73254,33110.29882,results/chips_pos16par/digital-wl-2834-llc-digital-wl-5459-llc-campus-bda06ff0/2024-06-H2.png
bda06ff0-29d0-11f0-82cd-25e7d375563e,digital-wl-2834-llc-digital-wl-5459-llc-campus-bda06ff0,Digital Wl 2834 Llc & Digital Wl 5459 Llc Campus,VA,181.15,11,positive,2025-06-H1,False,Expansion,2024-07-H1,-22,17525,0.9674,0.0176,0.3341,0.21096,0.02812,0.42682,0.53395,-0.10111,0.28421,170721.8711,20084.92601,results/chips_pos16par/digital-wl-2834-llc-digital-wl-5459-llc-campus-bda06ff0/2024-07-H1.png
bda06ff0-29d0-11f0-82cd-25e7d375563e,digital-wl-2834-llc-digital-wl-5459-llc-campus-bda06ff0,Digital Wl 2834 Llc & Digital Wl 5459 Llc Campus,VA,181.15,11,positive,2025-06-H1,False,Expansion,2024-07-H2,-21,18430,1.0,0.02148,0.25283,0.16045,0.02278,0.56393,0.52737,-0.07982,0.24347,78351.09751,29829.09804,results/chips_pos16par/digital-wl-2834-llc-digital-wl-5459-llc-campus-bda06ff0/2024-07-H2.png
bda06ff0-29d0-11f0-82cd-25e7d375563e,digital-wl-2834-llc-digital-wl-5459-llc-campus-bda06ff0,Digital Wl 2834 Llc & Digital Wl 5459 Llc Campus,VA,181.15,11,positive,2025-06-H1,False,Expansion,2024-08-H1,-20,18410,1.0,0.02131,0.24024,0.14559,0.02257,0.5916,0.5209,-0.09195,0.23232,49218.01176,26746.75791,results/chips_pos16par/digital-wl-2834-llc-digital-wl-5459-llc-campus-bda06ff0/2024-08-H1.png
bda06ff0-29d0-11f0-82cd-25e7d375563e,digital-wl-2834-llc-digital-wl-5459-llc-campus-bda06ff0,Digital Wl 2834 Llc & Digital Wl 5459 Llc Campus,VA,181.15,11,positive,2025-06-H1,False,Expansion,2024-08-H2,-19,18430,1.0,0.01895,0.24429,0.13358,0.02457,0.59756,0.51871,-0.10971,0.22677,26349.0366,26448.46693,results/chips_pos16par/digital-wl-2834-llc-digital-wl-5459-llc-campus-bda06ff0/2024-08-H2.png
bda06ff0-29d0-11f0-82cd-25e7d375563e,digital-wl-2834-llc-digital-wl-5459-llc-campus-bda06ff0,Digital Wl 2834 Llc & Digital Wl 5459 Llc Campus,VA,181.15,11,positive,2025-06-H1,False,Expansion,2024-09-H1,-18,18430,1.0,0.02779,0.2617,0.09218,0.02778,0.61834,0.572,-0.13333,0.21273,2585.1885,33309.15948,results/chips_pos16par/digital-wl-2834-llc-digital-wl-5459-llc-campus-bda06ff0/2024-09-H1.png
bda06ff0-29d0-11f0-82cd-25e7d375563e,digital-wl-2834-llc-digital-wl-5459-llc-campus-bda06ff0,Digital Wl 2834 Llc & Digital Wl 5459 Llc Campus,VA,181.15,11,positive,2025-06-H1,False,Expansion,2024-09-H2,-17,1960,0.1082,0.01657,0.33638,0.18866,0.01019,0.46478,0.58042,-0.11128,0.27435,20482.64732,0.0,results/chips_pos16par/digital-wl-2834-llc-digital-wl-5459-llc-campus-bda06ff0/2024-09-H2.png
bda06ff0-29d0-11f0-82cd-25e7d375563e,digital-wl-2834-llc-digital-wl-5459-llc-campus-bda06ff0,Digital Wl 2834 Llc & Digital Wl 5459 Llc Campus,VA,181.15,11,positive,2025-06-H1,False,Expansion,2024-10-H1,-16,18434,1.0,0.02856,0.22119,0.10231,0.03051,0.646,0.53543,-0.09699,0.21086,25454.16366,30624.54065,results/chips_pos16par/digital-wl-2834-llc-digital-wl-5459-llc-campus-bda06ff0/2024-10-H1.png
bda06ff0-29d0-11f0-82cd-25e7d375563e,digital-wl-2834-llc-digital-wl-5459-llc-campus-bda06ff0,Digital Wl 2834 Llc & Digital Wl 5459 Llc Campus,VA,181.15,11,positive,2025-06-H1,False,Expansion,2024-10-H2,-15,18434,1.0,0.02867,0.20324,0.11248,0.03004,0.65424,0.48957,-0.06389,0.21626,14218.53673,30027.95869,results/chips_pos16par/digital-wl-2834-llc-digital-wl-5459-llc-campus-bda06ff0/2024-10-H2.png
bda06ff0-29d0-11f0-82cd-25e7d375563e,digital-wl-2834-llc-digital-wl-5459-llc-campus-bda06ff0,Digital Wl 2834 Llc & Digital Wl 5459 Llc Campus,VA,181.15,11,positive,2025-06-H1,False,Expansion,2024-11-H1,-14,18318,1.0,0.03629,0.13778,0.13704,0.02701,0.69817,0.38117,0.07801,0.234,6164.68026,27840.4915,results/chips_pos16par/digital-wl-2834-llc-digital-wl-5459-llc-campus-bda06ff0/2024-11-H1.png
bda06ff0-29d0-11f0-82cd-25e7d375563e,digital-wl-2834-llc-digital-wl-5459-llc-campus-bda06ff0,Digital Wl 2834 Llc & Digital Wl 5459 Llc Campus,VA,181.15,11,positive,2025-06-H1,False,Expansion,2024-11-H2,-13,18433,1.0,0.03322,0.12155,0.12263,0.02355,0.73227,0.35166,0.08735,0.22133,696.01229,27542.20052,results/chips_pos16par/digital-wl-2834-llc-digital-wl-5459-llc-campus-bda06ff0/2024-11-H2.png
bda06ff0-29d0-11f0-82cd-25e7d375563e,digital-wl-2834-llc-digital-wl-5459-llc-campus-bda06ff0,Digital Wl 2834 Llc & Digital Wl 5459 Llc Campus,VA,181.15,11,positive,2025-06-H1,False,Expansion,2024-12-H1,-12,18434,1.0,0.03158,0.10922,0.12292,0.02409,0.74377,0.3417,0.08733,0.2151,894.87294,27144.47921,results/chips_pos16par/digital-wl-2834-llc-digital-wl-5459-llc-campus-bda06ff0/2024-12-H1.png
bda06ff0-29d0-11f0-82cd-25e7d375563e,digital-wl-2834-llc-digital-wl-5459-llc-campus-bda06ff0,Digital Wl 2834 Llc & Digital Wl 5459 Llc Campus,VA,181.15,11,positive,2025-06-H1,False,Expansion,2024-12-H2,-11,18434,1.0,0.03337,0.09499,0.08649,0.02114,0.79738,0.32603,0.09167,0.19338,0.0,26448.46693,results/chips_pos16par/digital-wl-2834-llc-digital-wl-5459-llc-campus-bda06ff0/2024-12-H2.png
bda06ff0-29d0-11f0-82cd-25e7d375563e,digital-wl-2834-llc-digital-wl-5459-llc-campus-bda06ff0,Digital Wl 2834 Llc & Digital Wl 5459 Llc Campus,VA,181.15,11,positive,2025-06-H1,False,Expansion,2025-01-H1,-10,240,0.0132,0.02494,0.17267,0.12152,0.01876,0.68706,0.3164,-0.09061,0.19839,0.0,0.0,results/chips_pos16par/digital-wl-2834-llc-digital-wl-5459-llc-campus-bda06ff0/2025-01-H1.png
bda06ff0-29d0-11f0-82cd-25e7d375563e,digital-wl-2834-llc-digital-wl-5459-llc-campus-bda06ff0,Digital Wl 2834 Llc & Digital Wl 5459 Llc Campus,VA,181.15,11,positive,2025-06-H1,False,Expansion,2025-01-H2,-9,16333,0.9016,0.02432,0.09936,0.10447,0.03247,0.7637,0.25241,0.01442,0.19174,1392.02458,29630.23738,results/chips_pos16par/digital-wl-2834-llc-digital-wl-5459-llc-campus-bda06ff0/2025-01-H2.png
bda06ff0-29d0-11f0-82cd-25e7d375563e,digital-wl-2834-llc-digital-wl-5459-llc-campus-bda06ff0,Digital Wl 2834 Llc & Digital Wl 5459 Llc Campus,VA,181.15,11,positive,2025-06-H1,False,Expansion,2025-02-H1,-8,17731,0.9787,0.0274,0.10174,0.065,0.02449,0.80877,0.28374,0.03675,0.17938,298.29098,29829.09804,results/chips_pos16par/digital-wl-2834-llc-digital-wl-5459-llc-campus-bda06ff0/2025-02-H1.png
bda06ff0-29d0-11f0-82cd-25e7d375563e,digital-wl-2834-llc-digital-wl-5459-llc-campus-bda06ff0,Digital Wl 2834 Llc & Digital Wl 5459 Llc Campus,VA,181.15,11,positive,2025-06-H1,False,Expansion,2025-02-H2,-7,18131,1.0,0.03419,0.09383,0.19825,0.03322,0.6747,0.26718,0.11492,0.24774,26746.75791,34502.3234,results/chips_pos16par/digital-wl-2834-llc-digital-wl-5459-llc-campus-bda06ff0/2025-02-H2.png
bda06ff0-29d0-11f0-82cd-25e7d375563e,digital-wl-2834-llc-digital-wl-5459-llc-campus-bda06ff0,Digital Wl 2834 Llc & Digital Wl 5459 Llc Campus,VA,181.15,11,positive,2025-06-H1,False,Expansion,2025-03-H1,-6,17907,0.9885,0.0328,0.08407,0.24948,0.03198,0.63446,0.25955,0.12323,0.2638,66916.60993,32712.57751,results/chips_pos16par/digital-wl-2834-llc-digital-wl-5459-llc-campus-bda06ff0/2025-03-H1.png
bda06ff0-29d0-11f0-82cd-25e7d375563e,digital-wl-2834-llc-digital-wl-5459-llc-campus-bda06ff0,Digital Wl 2834 Llc & Digital Wl 5459 Llc Campus,VA,181.15,11,positive,2025-06-H1,False,Expansion,2025-03-H2,-5,17842,0.9849,0.03211,0.08725,0.23205,0.02967,0.65104,0.25743,0.1263,0.25937,61746.23294,30723.97098,results/chips_pos16par/digital-wl-2834-llc-digital-wl-5459-llc-campus-bda06ff0/2025-03-H2.png
bda06ff0-29d0-11f0-82cd-25e7d375563e,digital-wl-2834-llc-digital-wl-5459-llc-campus-bda06ff0,Digital Wl 2834 Llc & Digital Wl 5459 Llc Campus,VA,181.15,11,positive,2025-06-H1,False,Expansion,2025-04-H1,-4,17088,0.9433,0.0267,0.13029,0.22411,0.02383,0.62177,0.32475,0.05351,0.25306,20383.21699,11434.48758,results/chips_pos16par/digital-wl-2834-llc-digital-wl-5459-llc-campus-bda06ff0/2025-04-H1.png
bda06ff0-29d0-11f0-82cd-25e7d375563e,digital-wl-2834-llc-digital-wl-5459-llc-campus-bda06ff0,Digital Wl 2834 Llc & Digital Wl 5459 Llc Campus,VA,181.15,11,positive,2025-06-H1,False,Expansion,2025-04-H2,-3,17737,0.9791,0.02738,0.14068,0.20262,0.03404,0.62266,0.33783,0.04255,0.25363,39374.40941,31320.55294,results/chips_pos16par/digital-wl-2834-llc-digital-wl-5459-llc-campus-bda06ff0/2025-04-H2.png
bda06ff0-29d0-11f0-82cd-25e7d375563e,digital-wl-2834-llc-digital-wl-5459-llc-campus-bda06ff0,Digital Wl 2834 Llc & Digital Wl 5459 Llc Campus,VA,181.15,11,positive,2025-06-H1,False,Expansion,2025-05-H1,-2,5278,0.2913,0.01635,0.14589,0.23038,0.06976,0.55397,0.25918,-0.04639,0.25429,39672.70039,9048.15974,results/chips_pos16par/digital-wl-2834-llc-digital-wl-5459-llc-campus-bda06ff0/2025-05-H1.png
bda06ff0-29d0-11f0-82cd-25e7d375563e,digital-wl-2834-llc-digital-wl-5459-llc-campus-bda06ff0,Digital Wl 2834 Llc & Digital Wl 5459 Llc Campus,VA,181.15,11,positive,2025-06-H1,False,Expansion,2025-05-H2,-1,18109,0.9996,0.02407,0.2875,0.09205,0.04208,0.57838,0.51474,-0.16786,0.21124,16704.2949,49914.02405,results/chips_pos16par/digital-wl-2834-llc-digital-wl-5459-llc-campus-bda06ff0/2025-05-H2.png
bda06ff0-29d0-11f0-82cd-25e7d375563e,digital-wl-2834-llc-digital-wl-5459-llc-campus-bda06ff0,Digital Wl 2834 Llc & Digital Wl 5459 Llc Campus,VA,181.15,11,positive,2025-06-H1,False,Expansion,2025-06-H1,0,16689,0.9212,0.01864,0.37334,0.11692,0.0476,0.46213,0.52777,-0.19108,0.2428,57470.72889,53294.65516,results/chips_pos16par/digital-wl-2834-llc-digital-wl-5459-llc-campus-bda06ff0/2025-06-H1.png
bda06ff0-29d0-11f0-82cd-25e7d375563e,digital-wl-2834-llc-digital-wl-5459-llc-campus-bda06ff0,Digital Wl 2834 Llc & Digital Wl 5459 Llc Campus,VA,181.15,11,positive,2025-06-H1,False,Expansion,2025-06-H2,1,17598,0.9714,0.02132,0.26674,0.10555,0.0316,0.59612,0.50943,-0.1333,0.21704,26050.74562,28337.64314,results/chips_pos16par/digital-wl-2834-llc-digital-wl-5459-llc-campus-bda06ff0/2025-06-H2.png
bda06ff0-29d0-11f0-82cd-25e7d375563e,digital-wl-2834-llc-digital-wl-5459-llc-campus-bda06ff0,Digital Wl 2834 Llc & Digital Wl 5459 Llc Campus,VA,181.15,11,positive,2025-06-H1,False,Expansion,2025-07-H1,2,16846,0.9299,0.0161,0.33504,0.09974,0.03175,0.53348,0.53784,-0.17034,0.22727,12329.36052,10639.04497,results/chips_pos16par/digital-wl-2834-llc-digital-wl-5459-llc-campus-bda06ff0/2025-07-H1.png
bda06ff0-29d0-11f0-82cd-25e7d375563e,digital-wl-2834-llc-digital-wl-5459-llc-campus-bda06ff0,Digital Wl 2834 Llc & Digital Wl 5459 Llc Campus,VA,181.15,11,positive,2025-06-H1,False,Expansion,2025-07-H2,3,2651,0.1463,0.01356,0.16851,0.05425,0.09137,0.68587,0.31483,-0.12477,0.19894,0.0,13820.81542,results/chips_pos16par/digital-wl-2834-llc-digital-wl-5459-llc-campus-bda06ff0/2025-07-H2.png
bda06ff0-29d0-11f0-82cd-25e7d375563e,digital-wl-2834-llc-digital-wl-5459-llc-campus-bda06ff0,Digital Wl 2834 Llc & Digital Wl 5459 Llc Campus,VA,181.15,11,positive,2025-06-H1,False,Expansion,2025-08-H1,4,18125,1.0,0.02277,0.25737,0.09808,0.04068,0.60387,0.52532,-0.16104,0.20797,20880.36863,39374.40941,results/chips_pos16par/digital-wl-2834-llc-digital-wl-5459-llc-campus-bda06ff0/2025-08-H1.png
bda06ff0-29d0-11f0-82cd-25e7d375563e,digital-wl-2834-llc-digital-wl-5459-llc-campus-bda06ff0,Digital Wl 2834 Llc & Digital Wl 5459 Llc Campus,VA,181.15,11,positive,2025-06-H1,False,Expansion,2025-08-H2,5,18127,1.0,0.0267,0.22101,0.09848,0.0494,0.6311,0.50561,-0.13435,0.20871,6661.8319,54388.38875,results/chips_pos16par/digital-wl-2834-llc-digital-wl-5459-llc-campus-bda06ff0/2025-08-H2.png
bda06ff0-29d0-11f0-82cd-25e7d375563e,digital-wl-2834-llc-digital-wl-5459-llc-campus-bda06ff0,Digital Wl 2834 Llc & Digital Wl 5459 Llc Campus,VA,181.15,11,positive,2025-06-H1,False,Expansion,2025-09-H1,6,18410,1.0,0.02226,0.22079,0.11359,0.05182,0.6138,0.45843,-0.09953,0.2254,4573.79503,52896.93385,results/chips_pos16par/digital-wl-2834-llc-digital-wl-5459-llc-campus-bda06ff0/2025-09-H1.png
bda06ff0-29d0-11f0-82cd-25e7d375563e,digital-wl-2834-llc-digital-wl-5459-llc-campus-bda06ff0,Digital Wl 2834 Llc & Digital Wl 5459 Llc Campus,VA,181.15,11,positive,2025-06-H1,False,Expansion,2025-09-H2,7,17915,0.9889,0.02623,0.16766,0.07108,0.0342,0.72707,0.44403,-0.04546,0.19627,2784.04915,44644.21673,results/chips_pos16par/digital-wl-2834-llc-digital-wl-5459-llc-campus-bda06ff0/2025-09-H2.png
bda06ff0-29d0-11f0-82cd-25e7d375563e,digital-wl-2834-llc-digital-wl-5459-llc-campus-bda06ff0,Digital Wl 2834 Llc & Digital Wl 5459 Llc Campus,VA,181.15,11,positive,2025-06-H1,False,Expansion,2025-10-H1,8,18434,1.0,0.02944,0.15875,0.09614,0.04012,0.705,0.43776,-0.02228,0.20992,3181.77046,46533.39294,results/chips_pos16par/digital-wl-2834-llc-digital-wl-5459-llc-campus-bda06ff0/2025-10-H1.png
bda06ff0-29d0-11f0-82cd-25e7d375563e,digital-wl-2834-llc-digital-wl-5459-llc-campus-bda06ff0,Digital Wl 2834 Llc & Digital Wl 5459 Llc Campus,VA,181.15,11,positive,2025-06-H1,False,Expansion,2025-10-H2,9,18434,1.0,0.02873,0.15711,0.08026,0.03654,0.72609,0.39304,-0.01078,0.20485,497.15163,43649.91346,results/chips_pos16par/digital-wl-2834-llc-digital-wl-5459-llc-campus-bda06ff0/2025-10-H2.png
bda06ff0-29d0-11f0-82cd-25e7d375563e,digital-wl-2834-llc-digital-wl-5459-llc-campus-bda06ff0,Digital Wl 2834 Llc & Digital Wl 5459 Llc Campus,VA,181.15,11,positive,2025-06-H1,False,Expansion,2025-11-H1,10,13103,0.7233,0.03017,0.13874,0.14734,0.03244,0.68148,0.34322,0.04492,0.23335,13025.37281,18494.04078,results/chips_pos16par/digital-wl-2834-llc-digital-wl-5459-llc-campus-bda06ff0/2025-11-H1.png
bda06ff0-29d0-11f0-82cd-25e7d375563e,digital-wl-2834-llc-digital-wl-5459-llc-campus-bda06ff0,Digital Wl 2834 Llc & Digital Wl 5459 Llc Campus,VA,181.15,11,positive,2025-06-H1,False,Expansion,2025-11-H2,11,16741,0.9241,0.03358,0.09829,0.0475,0.02362,0.83058,0.31974,0.06865,0.17665,298.29098,22471.25385,results/chips_pos16par/digital-wl-2834-llc-digital-wl-5459-llc-campus-bda06ff0/2025-11-H2.png
bda06ff0-29d0-11f0-82cd-25e7d375563e,digital-wl-2834-llc-digital-wl-5459-llc-campus-bda06ff0,Digital Wl 2834 Llc & Digital Wl 5459 Llc Campus,VA,181.15,11,positive,2025-06-H1,False,Expansion,2025-12-H1,12,18430,1.0,0.02943,0.10568,0.08594,0.03298,0.77539,0.29539,0.06067,0.19983,596.58196,36590.36026,results/chips_pos16par/digital-wl-2834-llc-digital-wl-5459-llc-campus-bda06ff0/2025-12-H1.png
bda06ff0-29d0-11f0-82cd-25e7d375563e,digital-wl-2834-llc-digital-wl-5459-llc-campus-bda06ff0,Digital Wl 2834 Llc & Digital Wl 5459 Llc Campus,VA,181.15,11,positive,2025-06-H1,False,Expansion,2025-12-H2,13,16841,0.9296,0.03085,0.10223,0.08478,0.03691,0.77608,0.29417,0.06798,0.20076,198.86065,34601.75372,results/chips_pos16par/digital-wl-2834-llc-digital-wl-5459-llc-campus-bda06ff0/2025-12-H2.png
bda06ff0-29d0-11f0-82cd-25e7d375563e,digital-wl-2834-llc-digital-wl-5459-llc-campus-bda06ff0,Digital Wl 2834 Llc & Digital Wl 5459 Llc Campus,VA,181.15,11,positive,2025-06-H1,False,Expansion,2026-01-H1,14,18118,1.0,0.03439,0.08641,0.0808,0.03246,0.80033,0.28161,0.1,0.19585,99.43033,39772.13072,results/chips_pos16par/digital-wl-2834-llc-digital-wl-5459-llc-campus-bda06ff0/2026-01-H1.png
bda06ff0-29d0-11f0-82cd-25e7d375563e,digital-wl-2834-llc-digital-wl-5459-llc-campus-bda06ff0,Digital Wl 2834 Llc & Digital Wl 5459 Llc Campus,VA,181.15,11,positive,2025-06-H1,False,Expansion,2026-01-H2,15,18111,0.9997,0.03328,0.08027,0.0999,0.03022,0.78961,0.26459,0.1165,0.20143,198.86065,32016.56523,results/chips_pos16par/digital-wl-2834-llc-digital-wl-5459-llc-campus-bda06ff0/2026-01-H2.png
bda06ff0-29d0-11f0-82cd-25e7d375563e,digital-wl-2834-llc-digital-wl-5459-llc-campus-bda06ff0,Digital Wl 2834 Llc & Digital Wl 5459 Llc Campus,VA,181.15,11,positive,2025-06-H1,False,Expansion,2026-02-H1,16,933,0.0515,0.02512,0.11437,0.08133,0.06372,0.74057,0.15358,-0.14844,0.16667,0.0,0.0,results/chips_pos16par/digital-wl-2834-llc-digital-wl-5459-llc-campus-bda06ff0/2026-02-H1.png
bda06ff0-29d0-11f0-82cd-25e7d375563e,digital-wl-2834-llc-digital-wl-5459-llc-campus-bda06ff0,Digital Wl 2834 Llc & Digital Wl 5459 Llc Campus,VA,181.15,11,positive,2025-06-H1,False,Expansion,2026-02-H2,17,17915,0.9889,0.0297,0.08208,0.15784,0.03728,0.7228,0.23443,0.1137,0.23046,497.15163,46732.25359,results/chips_pos16par/digital-wl-2834-llc-digital-wl-5459-llc-campus-bda06ff0/2026-02-H2.png
bda06ff0-29d0-11f0-82cd-25e7d375563e,digital-wl-2834-llc-digital-wl-5459-llc-campus-bda06ff0,Digital Wl 2834 Llc & Digital Wl 5459 Llc Campus,VA,181.15,11,positive,2025-06-H1,False,Expansion,2026-03-H1,18,17907,0.9885,0.0329,0.0725,0.16962,0.03909,0.71879,0.23544,0.14307,0.23801,1491.4549,54885.54039,results/chips_pos16par/digital-wl-2834-llc-digital-wl-5459-llc-campus-bda06ff0/2026-03-H1.png
bda06ff0-29d0-11f0-82cd-25e7d375563e,digital-wl-2834-llc-digital-wl-5459-llc-campus-bda06ff0,Digital Wl 2834 Llc & Digital Wl 5459 Llc Campus,VA,181.15,11,positive,2025-06-H1,False,Expansion,2026-03-H2,19,17823,0.9838,0.02663,0.10184,0.13643,0.0409,0.72084,0.27682,0.06242,0.22006,2187.46719,58166.74117,results/chips_pos16par/digital-wl-2834-llc-digital-wl-5459-llc-campus-bda06ff0/2026-03-H2.png
bda06ff0-29d0-11f0-82cd-25e7d375563e,digital-wl-2834-llc-digital-wl-5459-llc-campus-bda06ff0,Digital Wl 2834 Llc & Digital Wl 5459 Llc Campus,VA,181.15,11,positive,2025-06-H1,False,Expansion,2026-04-H1,20,17066,0.942,0.02901,0.09136,0.21104,0.03219,0.66541,0.28091,0.11444,0.25144,8451.57778,31221.12261,results/chips_pos16par/digital-wl-2834-llc-digital-wl-5459-llc-campus-bda06ff0/2026-04-H1.png
bda06ff0-29d0-11f0-82cd-25e7d375563e,digital-wl-2834-llc-digital-wl-5459-llc-campus-bda06ff0,Digital Wl 2834 Llc & Digital Wl 5459 Llc Campus,VA,181.15,11,positive,2025-06-H1,False,Expansion,2026-04-H2,21,17867,0.9863,0.02027,0.2084,0.12706,0.05113,0.61341,0.41766,-0.06828,0.23318,10440.18431,59061.61411,results/chips_pos16par/digital-wl-2834-llc-digital-wl-5459-llc-campus-bda06ff0/2026-04-H2.png
bda06ff0-29d0-11f0-82cd-25e7d375563e,digital-wl-2834-llc-digital-wl-5459-llc-campus-bda06ff0,Digital Wl 2834 Llc & Digital Wl 5459 Llc Campus,VA,181.15,11,positive,2025-06-H1,False,Expansion,2026-05-H1,22,17876,0.9868,0.01821,0.26529,0.12664,0.05893,0.54914,0.45459,-0.13031,0.23518,17599.16784,65325.7247,results/chips_pos16par/digital-wl-2834-llc-digital-wl-5459-llc-campus-bda06ff0/2026-05-H1.png
bda06ff0-29d0-11f0-82cd-25e7d375563e,digital-wl-2834-llc-digital-wl-5459-llc-campus-bda06ff0,Digital Wl 2834 Llc & Digital Wl 5459 Llc Campus,VA,181.15,11,positive,2025-06-H1,False,Expansion,2026-05-H2,23,18370,1.0,0.02089,0.31539,0.09909,0.0764,0.50912,0.48788,-0.16005,0.2406,14417.39738,94259.9498,results/chips_pos16par/digital-wl-2834-llc-digital-wl-5459-llc-campus-bda06ff0/2026-05-H2.png
bda06ff0-29d0-11f0-82cd-25e7d375563e,digital-wl-2834-llc-digital-wl-5459-llc-campus-bda06ff0,Digital Wl 2834 Llc & Digital Wl 5459 Llc Campus,VA,181.15,11,positive,2025-06-H1,False,Expansion,2026-06-H1,24,18378,1.0,0.02331,0.26764,0.10155,0.0671,0.56371,0.4853,-0.14815,0.22741,19090.62274,87697.54823,results/chips_pos16par/digital-wl-2834-llc-digital-wl-5459-llc-campus-bda06ff0/2026-06-H1.png
bda06ff0-29d0-11f0-82cd-25e7d375563e,digital-wl-2834-llc-digital-wl-5459-llc-campus-bda06ff0,Digital Wl 2834 Llc & Digital Wl 5459 Llc Campus,VA,181.15,11,positive,2025-06-H1,False,Expansion,2026-06-H2,25,18124,1.0,0.02264,0.28637,0.10371,0.06022,0.5497,0.50576,-0.17132,0.22249,30922.83163,74075.59346,results/chips_pos16par/digital-wl-2834-llc-digital-wl-5459-llc-campus-bda06ff0/2026-06-H2.png
bda06ff0-29d0-11f0-82cd-25e7d375563e,digital-wl-2834-llc-digital-wl-5459-llc-campus-bda06ff0,Digital Wl 2834 Llc & Digital Wl 5459 Llc Campus,VA,181.15,11,positive,2025-06-H1,False,Expansion,2026-07-H1,26,17096,0.9437,0.0151,0.32103,0.08725,0.04249,0.54924,0.52155,-0.16964,0.22372,14516.82771,31917.1349,results/chips_pos16par/digital-wl-2834-llc-digital-wl-5459-llc-campus-bda06ff0/2026-07-H1.png
bda06ff0-29d0-11f0-82cd-25e7d375563e,digital-wl-2834-llc-digital-wl-5459-llc-campus-bda06ff0,Digital Wl 2834 Llc & Digital Wl 5459 Llc Campus,VA,181.15,11,positive,2025-06-H1,False,Expansion,2026-07-H2,27,17610,0.9721,0.01758,0.33163,0.07221,0.0508,0.54536,0.53377,-0.19247,0.2181,13522.52444,52598.64287,results/chips_pos16par/digital-wl-2834-llc-digital-wl-5459-llc-campus-bda06ff0/2026-07-H2.png
bda06ff0-29d0-11f0-82cd-25e7d375563e,digital-wl-2834-llc-digital-wl-5459-llc-campus-bda06ff0,Digital Wl 2834 Llc & Digital Wl 5459 Llc Campus,VA,181.15,11,positive,2025-06-H1,False,Expansion,2026-08-H1,28,15375,0.8487,0.01656,0.24548,0.09813,0.05701,0.59937,0.46427,-0.1328,0.22072,16207.14327,53493.51581,results/chips_pos16par/digital-wl-2834-llc-digital-wl-5459-llc-campus-bda06ff0/2026-08-H1.png
bda06ff0-29d0-11f0-82cd-25e7d375563e,digital-wl-2834-llc-digital-wl-5459-llc-campus-bda06ff0,Digital Wl 2834 Llc & Digital Wl 5459 Llc Campus,VA,181.15,11,positive,2025-06-H1,False,Expansion,2026-08-H2,29,18379,1.0,0.01769,0.27314,0.07033,0.05734,0.59919,0.49815,-0.15965,0.21484,8252.71712,64430.85176,results/chips_pos16par/digital-wl-2834-llc-digital-wl-5459-llc-campus-bda06ff0/2026-08-H2.png
bda06ff0-29d0-11f0-82cd-25e7d375563e,digital-wl-2834-llc-digital-wl-5459-llc-campus-bda06ff0,Digital Wl 2834 Llc & Digital Wl 5459 Llc Campus,VA,181.15,11,positive,2025-06-H1,False,Expansion,2026-09-H1,30,17897,0.9879,0.02272,0.28043,0.04481,0.04987,0.62489,0.52571,-0.17719,0.19826,1690.31556,67712.05255,results/chips_pos16par/digital-wl-2834-llc-digital-wl-5459-llc-campus-bda06ff0/2026-09-H1.png
6e36a680-6bea-11f0-bd27-b1d39a0cf4bc,guy-family-ranches-lp-campus-6e36a680,Guy Family Ranches Lp Campus,TX,524.63,10,positive,2025-10-H1,False,Greenfield,2023-01-H1,-66,52651,1.0,0.03292,0.04255,0.41398,0.0034,0.54007,0.23989,0.24292,0.328,335004.6116,500.90402,results/chips_pos16par/guy-family-ranches-lp-campus-6e36a680/2023-01-H1.png
6e36a680-6bea-11f0-bd27-b1d39a0cf4bc,guy-family-ranches-lp-campus-6e36a680,Guy Family Ranches Lp Campus,TX,524.63,10,positive,2025-10-H1,False,Greenfield,2023-01-H2,-65,52651,1.0,0.0308,0.05179,0.41748,0.00348,0.52725,0.24772,0.22816,0.3306,340414.37507,300.54241,results/chips_pos16par/guy-family-ranches-lp-campus-6e36a680/2023-01-H2.png
6e36a680-6bea-11f0-bd27-b1d39a0cf4bc,guy-family-ranches-lp-campus-6e36a680,Guy Family Ranches Lp Campus,TX,524.63,10,positive,2025-10-H1,False,Greenfield,2023-02-H1,-64,52651,1.0,0.02402,0.09999,0.23676,0.00219,0.66106,0.28704,0.14358,0.25787,0.0,0.0,results/chips_pos16par/guy-family-ranches-lp-campus-6e36a680/2023-02-H1.png
6e36a680-6bea-11f0-bd27-b1d39a0cf4bc,guy-family-ranches-lp-campus-6e36a680,Guy Family Ranches Lp Campus,TX,524.63,10,positive,2025-10-H1,False,Greenfield,2023-02-H2,-63,52651,1.0,0.02377,0.07456,0.48936,0.00352,0.43256,0.28381,0.18246,0.35551,1957933.65108,100.1808,results/chips_pos16par/guy-family-ranches-lp-campus-6e36a680/2023-02-H2.png
6e36a680-6bea-11f0-bd27-b1d39a0cf4bc,guy-family-ranches-lp-campus-6e36a680,Guy Family Ranches Lp Campus,TX,524.63,10,positive,2025-10-H1,False,Greenfield,2023-03-H1,-62,52651,1.0,0.02723,0.12064,0.29265,0.00205,0.58466,0.33456,0.14214,0.28957,1402.53127,0.0,results/chips_pos16par/guy-family-ranches-lp-campus-6e36a680/2023-03-H1.png
6e36a680-6bea-11f0-bd27-b1d39a0cf4bc,guy-family-ranches-lp-campus-6e36a680,Guy Family Ranches Lp Campus,TX,524.63,10,positive,2025-10-H1,False,Greenfield,2023-03-H2,-61,52651,1.0,0.01922,0.19918,0.39559,0.00388,0.40135,0.43534,0.05347,0.33399,519838.19666,0.0,results/chips_pos16par/guy-family-ranches-lp-campus-6e36a680/2023-03-H2.png
6e36a680-6bea-11f0-bd27-b1d39a0cf4bc,guy-family-ranches-lp-campus-6e36a680,Guy Family Ranches Lp Campus,TX,524.63,10,positive,2025-10-H1,False,Greenfield,2023-04-H1,-60,52651,1.0,0.02585,0.17652,0.32804,0.00368,0.49176,0.42841,0.08495,0.31245,171509.538,300.54241,results/chips_pos16par/guy-family-ranches-lp-campus-6e36a680/2023-04-H1.png
6e36a680-6bea-11f0-bd27-b1d39a0cf4bc,guy-family-ranches-lp-campus-6e36a680,Guy Family Ranches Lp Campus,TX,524.63,10,positive,2025-10-H1,False,Greenfield,2023-04-H2,-59,52651,1.0,0.02178,0.17028,0.435,0.00493,0.38979,0.39195,0.0925,0.35202,691948.81948,701.26563,results/chips_pos16par/guy-family-ranches-lp-campus-6e36a680/2023-04-H2.png
6e36a680-6bea-11f0-bd27-b1d39a0cf4bc,guy-family-ranches-lp-campus-6e36a680,Guy Family Ranches Lp Campus,TX,524.63,10,positive,2025-10-H1,False,Greenfield,2023-05-H1,-58,43826,0.8404,0.03058,0.11376,0.44067,0.00804,0.43753,0.33786,0.16846,0.35832,776100.6956,1202.16966,results/chips_pos16par/guy-family-ranches-lp-campus-6e36a680/2023-05-H1.png
6e36a680-6bea-11f0-bd27-b1d39a0cf4bc,guy-family-ranches-lp-campus-6e36a680,Guy Family Ranches Lp Campus,TX,524.63,10,positive,2025-10-H1,False,Greenfield,2023-05-H2,-57,45972,0.8815,0.0286,0.1101,0.39052,0.00569,0.49369,0.36984,0.14829,0.32498,405531.89826,100.1808,results/chips_pos16par/guy-family-ranches-lp-campus-6e36a680/2023-05-H2.png
6e36a680-6bea-11f0-bd27-b1d39a0cf4bc,guy-family-ranches-lp-campus-6e36a680,Guy Family Ranches Lp Campus,TX,524.63,10,positive,2025-10-H1,False,Greenfield,2023-06-H1,-56,52651,1.0,0.02633,0.21552,0.20278,0.00352,0.57818,0.52166,0.02324,0.26628,62112.09904,300.54241,results/chips_pos16par/guy-family-ranches-lp-campus-6e36a680/2023-06-H1.png
6e36a680-6bea-11f0-bd27-b1d39a0cf4bc,guy-family-ranches-lp-campus-6e36a680,Guy Family Ranches Lp Campus,TX,524.63,10,positive,2025-10-H1,False,Greenfield,2023-06-H2,-55,52651,1.0,0.02283,0.23415,0.29127,0.00361,0.47097,0.51533,0.02206,0.3046,159387.6606,0.0,results/chips_pos16par/guy-family-ranches-lp-campus-6e36a680/2023-06-H2.png
6e36a680-6bea-11f0-bd27-b1d39a0cf4bc,guy-family-ranches-lp-campus-6e36a680,Guy Family Ranches Lp Campus,TX,524.63,10,positive,2025-10-H1,False,Greenfield,2023-07-H1,-54,52651,1.0,0.02353,0.20525,0.3449,0.00427,0.44559,0.46974,0.05866,0.32396,310961.21843,500.90402,results/chips_pos16par/guy-family-ranches-lp-campus-6e36a680/2023-07-H1.png
6e36a680-6bea-11f0-bd27-b1d39a0cf4bc,guy-family-ranches-lp-campus-6e36a680,Guy Family Ranches Lp Campus,TX,524.63,10,positive,2025-10-H1,False,Greenfield,2023-07-H2,-53,52651,1.0,0.02178,0.13926,0.4618,0.00562,0.39333,0.33148,0.13129,0.36614,1169109.99325,2304.15851,results/chips_pos16par/guy-family-ranches-lp-campus-6e36a680/2023-07-H2.png
6e36a680-6bea-11f0-bd27-b1d39a0cf4bc,guy-family-ranches-lp-campus-6e36a680,Guy Family Ranches Lp Campus,TX,524.63,10,positive,2025-10-H1,False,Greenfield,2023-08-H1,-52,52651,1.0,0.02323,0.11279,0.52966,0.00489,0.35266,0.27565,0.16141,0.39137,3440108.65966,1001.80805,results/chips_pos16par/guy-family-ranches-lp-campus-6e36a680/2023-08-H1.png
6e36a680-6bea-11f0-bd27-b1d39a0cf4bc,guy-family-ranches-lp-campus-6e36a680,Guy Family Ranches Lp Campus,TX,524.63,10,positive,2025-10-H1,False,Greenfield,2023-08-H2,-51,52651,1.0,0.02512,0.10035,0.47384,0.0045,0.42131,0.2385,0.17037,0.3666,1493795.98195,601.08483,results/chips_pos16par/guy-family-ranches-lp-campus-6e36a680/2023-08-H2.png
6e36a680-6bea-11f0-bd27-b1d39a0cf4bc,guy-family-ranches-lp-campus-6e36a680,Guy Family Ranches Lp Campus,TX,524.63,10,positive,2025-10-H1,False,Greenfield,2023-09-H1,-50,52651,1.0,0.02631,0.09686,0.47095,0.00384,0.42835,0.23928,0.17625,0.36472,1397422.04763,100.1808,results/chips_pos16par/guy-family-ranches-lp-campus-6e36a680/2023-09-H1.png
6e36a680-6bea-11f0-bd27-b1d39a0cf4bc,guy-family-ranches-lp-campus-6e36a680,Guy Family Ranches Lp Campus,TX,524.63,10,positive,2025-10-H1,False,Greenfield,2023-09-H2,-49,52651,1.0,0.03214,0.08441,0.37863,0.00323,0.53374,0.2882,0.20509,0.32835,350632.81717,200.36161,results/chips_pos16par/guy-family-ranches-lp-campus-6e36a680/2023-09-H2.png
6e36a680-6bea-11f0-bd27-b1d39a0cf4bc,guy-family-ranches-lp-campus-6e36a680,Guy Family Ranches Lp Campus,TX,524.63,10,positive,2025-10-H1,False,Greenfield,2023-10-H1,-48,52478,1.0,0.04455,0.09324,0.06743,0.00047,0.83885,0.35594,0.17384,0.18897,801.44644,0.0,results/chips_pos16par/guy-family-ranches-lp-campus-6e36a680/2023-10-H1.png
6e36a680-6bea-11f0-bd27-b1d39a0cf4bc,guy-family-ranches-lp-campus-6e36a680,Guy Family Ranches Lp Campus,TX,524.63,10,positive,2025-10-H1,False,Greenfield,2023-10-H2,-47,52651,1.0,0.03172,0.09965,0.24567,0.00235,0.65233,0.32284,0.17341,0.27058,1703.07368,0.0,results/chips_pos16par/guy-family-ranches-lp-campus-6e36a680/2023-10-H2.png
6e36a680-6bea-11f0-bd27-b1d39a0cf4bc,guy-family-ranches-lp-campus-6e36a680,Guy Family Ranches Lp Campus,TX,524.63,10,positive,2025-10-H1,False,Greenfield,2023-11-H1,-46,52651,1.0,0.03548,0.07334,0.31693,0.00265,0.60708,0.29878,0.22415,0.3007,128832.51511,100.1808,results/chips_pos16par/guy-family-ranches-lp-campus-6e36a680/2023-11-H1.png
6e36a680-6bea-11f0-bd27-b1d39a0cf4bc,guy-family-ranches-lp-campus-6e36a680,Guy Family Ranches Lp Campus,TX,524.63,10,positive,2025-10-H1,False,Greenfield,2023-11-H2,-45,52651,1.0,0.03819,0.08328,0.26707,0.00241,0.64725,0.33849,0.21521,0.2809,66319.69285,100.1808,results/chips_pos16par/guy-family-ranches-lp-campus-6e36a680/2023-11-H2.png
6e36a680-6bea-11f0-bd27-b1d39a0cf4bc,guy-family-ranches-lp-campus-6e36a680,Guy Family Ranches Lp Campus,TX,524.63,10,positive,2025-10-H1,False,Greenfield,2023-12-H1,-44,52651,1.0,0.03905,0.08963,0.28153,0.00267,0.62617,0.32834,0.21314,0.29091,77539.943,300.54241,results/chips_pos16par/guy-family-ranches-lp-campus-6e36a680/2023-12-H1.png
6e36a680-6bea-11f0-bd27-b1d39a0cf4bc,guy-family-ranches-lp-campus-6e36a680,Guy Family Ranches Lp Campus,TX,524.63,10,positive,2025-10-H1,False,Greenfield,2023-12-H2,-43,52651,1.0,0.03656,0.09272,0.25782,0.00245,0.64701,0.34214,0.19725,0.27645,17932.36408,100.1808,results/chips_pos16par/guy-family-ranches-lp-campus-6e36a680/2023-12-H2.png
6e36a680-6bea-11f0-bd27-b1d39a0cf4bc,guy-family-ranches-lp-campus-6e36a680,Guy Family Ranches Lp Campus,TX,524.63,10,positive,2025-10-H1,False,Greenfield,2024-01-H1,-42,52651,1.0,0.03752,0.09162,0.22795,0.00187,0.67857,0.34016,0.20172,0.26454,6010.84829,0.0,results/chips_pos16par/guy-family-ranches-lp-campus-6e36a680/2024-01-H1.png
6e36a680-6bea-11f0-bd27-b1d39a0cf4bc,guy-family-ranches-lp-campus-6e36a680,Guy Family Ranches Lp Campus,TX,524.63,10,positive,2025-10-H1,False,Greenfield,2024-01-H2,-41,52651,1.0,0.03699,0.09013,0.19481,0.00176,0.71329,0.34046,0.19801,0.24833,300.54241,0.0,results/chips_pos16par/guy-family-ranches-lp-campus-6e36a680/2024-01-H2.png
6e36a680-6bea-11f0-bd27-b1d39a0cf4bc,guy-family-ranches-lp-campus-6e36a680,Guy Family Ranches Lp Campus,TX,524.63,10,positive,2025-10-H1,False,Greenfield,2024-02-H1,-40,52651,1.0,0.03314,0.10976,0.30204,0.00256,0.58564,0.36496,0.17095,0.29521,37066.89782,0.0,results/chips_pos16par/guy-family-ranches-lp-campus-6e36a680/2024-02-H1.png
6e36a680-6bea-11f0-bd27-b1d39a0cf4bc,guy-family-ranches-lp-campus-6e36a680,Guy Family Ranches Lp Campus,TX,524.63,10,positive,2025-10-H1,False,Greenfield,2024-02-H2,-39,52651,1.0,0.03462,0.1113,0.31176,0.0029,0.57404,0.38138,0.16677,0.2972,141455.29653,400.72322,results/chips_pos16par/guy-family-ranches-lp-campus-6e36a680/2024-02-H2.png
6e36a680-6bea-11f0-bd27-b1d39a0cf4bc,guy-family-ranches-lp-campus-6e36a680,Guy Family Ranches Lp Campus,TX,524.63,10,positive,2025-10-H1,False,Greenfield,2024-03-H1,-38,52651,1.0,0.0281,0.18608,0.25047,0.00301,0.56044,0.4789,0.07141,0.28212,22640.86191,200.36161,results/chips_pos16par/guy-family-ranches-lp-campus-6e36a680/2024-03-H1.png
6e36a680-6bea-11f0-bd27-b1d39a0cf4bc,guy-family-ranches-lp-campus-6e36a680,Guy Family Ranches Lp Campus,TX,524.63,10,positive,2025-10-H1,False,Greenfield,2024-03-H2,-37,52651,1.0,0.0285,0.2172,0.24942,0.00394,0.52944,0.52783,0.04212,0.28705,85754.769,1402.53127,results/chips_pos16par/guy-family-ranches-lp-campus-6e36a680/2024-03-H2.png
6e36a680-6bea-11f0-bd27-b1d39a0cf4bc,guy-family-ranches-lp-campus-6e36a680,Guy Family Ranches Lp Campus,TX,524.63,10,positive,2025-10-H1,False,Greenfield,2024-04-H1,-36,52651,1.0,0.02745,0.21356,0.19235,0.00282,0.59127,0.52921,0.02164,0.25964,36766.3554,100.1808,results/chips_pos16par/guy-family-ranches-lp-campus-6e36a680/2024-04-H1.png
6e36a680-6bea-11f0-bd27-b1d39a0cf4bc,guy-family-ranches-lp-campus-6e36a680,Guy Family Ranches Lp Campus,TX,524.63,10,positive,2025-10-H1,False,Greenfield,2024-04-H2,-35,52651,1.0,0.02401,0.22998,0.17925,0.00316,0.5876,0.52723,-0.00513,0.25557,25846.64767,0.0,results/chips_pos16par/guy-family-ranches-lp-campus-6e36a680/2024-04-H2.png
6e36a680-6bea-11f0-bd27-b1d39a0cf4bc,guy-family-ranches-lp-campus-6e36a680,Guy Family Ranches Lp Campus,TX,524.63,10,positive,2025-10-H1,False,Greenfield,2024-05-H1,-34,52651,1.0,0.02114,0.27248,0.20423,0.00448,0.5188,0.56992,-0.04597,0.26859,94670.86064,400.72322,results/chips_pos16par/guy-family-ranches-lp-campus-6e36a680/2024-05-H1.png
6e36a680-6bea-11f0-bd27-b1d39a0cf4bc,guy-family-ranches-lp-campus-6e36a680,Guy Family Ranches Lp Campus,TX,524.63,10,positive,2025-10-H1,False,Greenfield,2024-05-H2,-33,52651,1.0,0.02146,0.27481,0.16909,0.00411,0.552,0.58221,-0.05395,0.25625,55299.80431,601.08483,results/chips_pos16par/guy-family-ranches-lp-campus-6e36a680/2024-05-H2.png
6e36a680-6bea-11f0-bd27-b1d39a0cf4bc,guy-family-ranches-lp-campus-6e36a680,Guy Family Ranches Lp Campus,TX,524.63,10,positive,2025-10-H1,False,Greenfield,2024-06-H1,-32,52651,1.0,0.02564,0.19944,0.30742,0.00415,0.48899,0.47998,0.06075,0.30862,268985.46117,901.62724,results/chips_pos16par/guy-family-ranches-lp-campus-6e36a680/2024-06-H1.png
6e36a680-6bea-11f0-bd27-b1d39a0cf4bc,guy-family-ranches-lp-campus-6e36a680,Guy Family Ranches Lp Campus,TX,524.63,10,positive,2025-10-H1,False,Greenfield,2024-06-H2,-31,47131,0.9037,0.03462,0.13963,0.29696,0.00429,0.55912,0.40421,0.14939,0.30681,149269.39931,1402.53127,results/chips_pos16par/guy-family-ranches-lp-campus-6e36a680/2024-06-H2.png
6e36a680-6bea-11f0-bd27-b1d39a0cf4bc,guy-family-ranches-lp-campus-6e36a680,Guy Family Ranches Lp Campus,TX,524.63,10,positive,2025-10-H1,False,Greenfield,2024-07-H1,-30,52651,1.0,0.02822,0.1271,0.44174,0.00584,0.42532,0.32951,0.15715,0.3619,898321.27759,4307.77461,results/chips_pos16par/guy-family-ranches-lp-campus-6e36a680/2024-07-H1.png
6e36a680-6bea-11f0-bd27-b1d39a0cf4bc,guy-family-ranches-lp-campus-6e36a680,Guy Family Ranches Lp Campus,TX,524.63,10,positive,2025-10-H1,False,Greenfield,2024-07-H2,-29,24683,0.4733,0.04312,0.09236,0.4766,0.01231,0.41873,0.30177,0.23526,0.39431,813668.49744,14626.39752,results/chips_pos16par/guy-family-ranches-lp-campus-6e36a680/2024-07-H2.png
6e36a680-6bea-11f0-bd27-b1d39a0cf4bc,guy-family-ranches-lp-campus-6e36a680,Guy Family Ranches Lp Campus,TX,524.63,10,positive,2025-10-H1,False,Greenfield,2024-08-H1,-28,52651,1.0,0.03075,0.07201,0.50207,0.00461,0.4213,0.25745,0.21944,0.37992,2311070.98837,1803.25449,results/chips_pos16par/guy-family-ranches-lp-campus-6e36a680/2024-08-H1.png
6e36a680-6bea-11f0-bd27-b1d39a0cf4bc,guy-family-ranches-lp-campus-6e36a680,Guy Family Ranches Lp Campus,TX,524.63,10,positive,2025-10-H1,False,Greenfield,2024-08-H2,-27,52651,1.0,0.03746,0.05839,0.44149,0.00302,0.49709,0.21831,0.2572,0.36188,830398.69186,0.0,results/chips_pos16par/guy-family-ranches-lp-campus-6e36a680/2024-08-H2.png
6e36a680-6bea-11f0-bd27-b1d39a0cf4bc,guy-family-ranches-lp-campus-6e36a680,Guy Family Ranches Lp Campus,TX,524.63,10,positive,2025-10-H1,False,Greenfield,2024-09-H1,-26,52651,1.0,0.04637,0.015,0.37171,0.00302,0.61028,0.23767,0.33172,0.3185,296935.90574,300.54241,results/chips_pos16par/guy-family-ranches-lp-campus-6e36a680/2024-09-H1.png
6e36a680-6bea-11f0-bd27-b1d39a0cf4bc,guy-family-ranches-lp-campus-6e36a680,Guy Family Ranches Lp Campus,TX,524.63,10,positive,2025-10-H1,False,Greenfield,2024-09-H2,-25,52651,1.0,0.04277,0.03426,0.39107,0.00311,0.57155,0.28441,0.28619,0.3257,324485.62709,200.36161,results/chips_pos16par/guy-family-ranches-lp-campus-6e36a680/2024-09-H2.png
6e36a680-6bea-11f0-bd27-b1d39a0cf4bc,guy-family-ranches-lp-campus-6e36a680,Guy Family Ranches Lp Campus,TX,524.63,10,positive,2025-10-H1,False,Greenfield,2024-10-H1,-24,52651,1.0,0.03588,0.04458,0.40455,0.00297,0.54789,0.28385,0.25083,0.32695,402726.83572,400.72322,results/chips_pos16par/guy-family-ranches-lp-campus-6e36a680/2024-10-H1.png
6e36a680-6bea-11f0-bd27-b1d39a0cf4bc,guy-family-ranches-lp-campus-6e36a680,Guy Family Ranches Lp Campus,TX,524.63,10,positive,2025-10-H1,False,Greenfield,2024-10-H2,-23,52651,1.0,0.03628,0.05231,0.40029,0.00353,0.54386,0.28634,0.24575,0.32921,388200.61901,1502.71207,results/chips_pos16par/guy-family-ranches-lp-campus-6e36a680/2024-10-H2.png
6e36a680-6bea-11f0-bd27-b1d39a0cf4bc,guy-family-ranches-lp-campus-6e36a680,Guy Family Ranches Lp Campus,TX,524.63,10,positive,2025-10-H1,False,Greenfield,2024-11-H1,-22,52651,1.0,0.03698,0.10279,0.30712,0.00302,0.58707,0.37816,0.18618,0.29823,158085.31014,100.1808,results/chips_pos16par/guy-family-ranches-lp-campus-6e36a680/2024-11-H1.png
6e36a680-6bea-11f0-bd27-b1d39a0cf4bc,guy-family-ranches-lp-campus-6e36a680,Guy Family Ranches Lp Campus,TX,524.63,10,positive,2025-10-H1,False,Greenfield,2024-11-H2,-21,52651,1.0,0.03707,0.12275,0.24487,0.00263,0.62975,0.40653,0.16421,0.27797,18032.54488,0.0,results/chips_pos16par/guy-family-ranches-lp-campus-6e36a680/2024-11-H2.png
6e36a680-6bea-11f0-bd27-b1d39a0cf4bc,guy-family-ranches-lp-campus-6e36a680,Guy Family Ranches Lp Campus,TX,524.63,10,positive,2025-10-H1,False,Greenfield,2024-12-H1,-20,52651,1.0,0.03227,0.14023,0.27245,0.00284,0.58447,0.40841,0.13063,0.28729,87758.3851,0.0,results/chips_pos16par/guy-family-ranches-lp-campus-6e36a680/2024-12-H1.png
6e36a680-6bea-11f0-bd27-b1d39a0cf4bc,guy-family-ranches-lp-campus-6e36a680,Guy Family Ranches Lp Campus,TX,524.63,10,positive,2025-10-H1,False,Greenfield,2024-12-H2,-19,52651,1.0,0.03489,0.12742,0.28468,0.00296,0.58493,0.39515,0.1562,0.29404,93067.96776,100.1808,results/chips_pos16par/guy-family-ranches-lp-campus-6e36a680/2024-12-H2.png
6e36a680-6bea-11f0-bd27-b1d39a0cf4bc,guy-family-ranches-lp-campus-6e36a680,Guy Family Ranches Lp Campus,TX,524.63,10,positive,2025-10-H1,False,Greenfield,2025-01-H1,-18,52651,1.0,0.03773,0.11778,0.25867,0.00239,0.62116,0.41222,0.16245,0.27799,80645.54795,100.1808,results/chips_pos16par/guy-family-ranches-lp-campus-6e36a680/2025-01-H1.png
6e36a680-6bea-11f0-bd27-b1d39a0cf4bc,guy-family-ranches-lp-campus-6e36a680,Guy Family Ranches Lp Campus,TX,524.63,10,positive,2025-10-H1,False,Greenfield,2025-01-H2,-17,52651,1.0,0.03819,0.12115,0.28641,0.00226,0.59018,0.39134,0.17172,0.29542,87658.20429,100.1808,results/chips_pos16par/guy-family-ranches-lp-campus-6e36a680/2025-01-H2.png
6e36a680-6bea-11f0-bd27-b1d39a0cf4bc,guy-family-ranches-lp-campus-6e36a680,Guy Family Ranches Lp Campus,TX,524.63,10,positive,2025-10-H1,False,Greenfield,2025-02-H1,-16,52651,1.0,0.03713,0.09777,0.30198,0.00219,0.59806,0.37606,0.1864,0.29202,106892.91883,0.0,results/chips_pos16par/guy-family-ranches-lp-campus-6e36a680/2025-02-H1.png
6e36a680-6bea-11f0-bd27-b1d39a0cf4bc,guy-family-ranches-lp-campus-6e36a680,Guy Family Ranches Lp Campus,TX,524.63,10,positive,2025-10-H1,False,Greenfield,2025-02-H2,-15,52651,1.0,0.03493,0.09541,0.33031,0.00251,0.57177,0.35683,0.18531,0.30262,155580.79002,100.1808,results/chips_pos16par/guy-family-ranches-lp-campus-6e36a680/2025-02-H2.png
6e36a680-6bea-11f0-bd27-b1d39a0cf4bc,guy-family-ranches-lp-campus-6e36a680,Guy Family Ranches Lp Campus,TX,524.63,10,positive,2025-10-H1,False,Greenfield,2025-03-H1,-14,52651,1.0,0.03038,0.11774,0.35747,0.00237,0.52241,0.36593,0.15389,0.31597,238430.31568,0.0,results/chips_pos16par/guy-family-ranches-lp-campus-6e36a680/2025-03-H1.png
6e36a680-6bea-11f0-bd27-b1d39a0cf4bc,guy-family-ranches-lp-campus-6e36a680,Guy Family Ranches Lp Campus,TX,524.63,10,positive,2025-10-H1,False,Greenfield,2025-03-H2,-13,52651,1.0,0.02761,0.1366,0.39696,0.00424,0.4622,0.36441,0.13477,0.33648,376880.18806,1202.16966,results/chips_pos16par/guy-family-ranches-lp-campus-6e36a680/2025-03-H2.png
6e36a680-6bea-11f0-bd27-b1d39a0cf4bc,guy-family-ranches-lp-campus-6e36a680,Guy Family Ranches Lp Campus,TX,524.63,10,positive,2025-10-H1,False,Greenfield,2025-04-H1,-12,52651,1.0,0.03109,0.14096,0.31754,0.00299,0.53851,0.41074,0.13392,0.30761,155580.79002,0.0,results/chips_pos16par/guy-family-ranches-lp-campus-6e36a680/2025-04-H1.png
6e36a680-6bea-11f0-bd27-b1d39a0cf4bc,guy-family-ranches-lp-campus-6e36a680,Guy Family Ranches Lp Campus,TX,524.63,10,positive,2025-10-H1,False,Greenfield,2025-04-H2,-11,52651,1.0,0.03101,0.19171,0.21374,0.00326,0.59129,0.49123,0.06613,0.27295,27249.17893,0.0,results/chips_pos16par/guy-family-ranches-lp-campus-6e36a680/2025-04-H2.png
6e36a680-6bea-11f0-bd27-b1d39a0cf4bc,guy-family-ranches-lp-campus-6e36a680,Guy Family Ranches Lp Campus,TX,524.63,10,positive,2025-10-H1,False,Greenfield,2025-05-H1,-10,52651,1.0,0.02094,0.28112,0.1947,0.00428,0.5199,0.57839,-0.05202,0.26727,42977.5653,300.54241,results/chips_pos16par/guy-family-ranches-lp-campus-6e36a680/2025-05-H1.png
6e36a680-6bea-11f0-bd27-b1d39a0cf4bc,guy-family-ranches-lp-campus-6e36a680,Guy Family Ranches Lp Campus,TX,524.63,10,positive,2025-10-H1,False,Greenfield,2025-05-H2,-9,52651,1.0,0.02135,0.25141,0.2797,0.00461,0.46428,0.51445,0.00038,0.30126,194450.94232,300.54241,results/chips_pos16par/guy-family-ranches-lp-campus-6e36a680/2025-05-H2.png
6e36a680-6bea-11f0-bd27-b1d39a0cf4bc,guy-family-ranches-lp-campus-6e36a680,Guy Family Ranches Lp Campus,TX,524.63,10,positive,2025-10-H1,False,Greenfield,2025-06-H1,-8,52651,1.0,0.02442,0.18997,0.33106,0.00413,0.47484,0.44926,0.07062,0.3159,262674.07046,100.1808,results/chips_pos16par/guy-family-ranches-lp-campus-6e36a680/2025-06-H1.png
6e36a680-6bea-11f0-bd27-b1d39a0cf4bc,guy-family-ranches-lp-campus-6e36a680,Guy Family Ranches Lp Campus,TX,524.63,10,positive,2025-10-H1,False,Greenfield,2025-06-H2,-7,52651,1.0,0.02627,0.18219,0.37725,0.00654,0.43403,0.40802,0.09606,0.34163,382590.49393,6912.47554,results/chips_pos16par/guy-family-ranches-lp-campus-6e36a680/2025-06-H2.png
6e36a680-6bea-11f0-bd27-b1d39a0cf4bc,guy-family-ranches-lp-campus-6e36a680,Guy Family Ranches Lp Campus,TX,524.63,10,positive,2025-10-H1,False,Greenfield,2025-07-H1,-6,45303,0.8687,0.03253,0.17422,0.23542,0.00412,0.58624,0.48269,0.09488,0.28227,89762.0012,0.0,results/chips_pos16par/guy-family-ranches-lp-campus-6e36a680/2025-07-H1.png
6e36a680-6bea-11f0-bd27-b1d39a0cf4bc,guy-family-ranches-lp-campus-6e36a680,Guy Family Ranches Lp Campus,TX,524.63,10,positive,2025-10-H1,False,Greenfield,2025-07-H2,-5,52651,1.0,0.03163,0.13308,0.33817,0.00445,0.5243,0.35766,0.15039,0.32026,234222.72187,1602.89288,results/chips_pos16par/guy-family-ranches-lp-campus-6e36a680/2025-07-H2.png
6e36a680-6bea-11f0-bd27-b1d39a0cf4bc,guy-family-ranches-lp-campus-6e36a680,Guy Family Ranches Lp Campus,TX,524.63,10,positive,2025-10-H1,False,Greenfield,2025-08-H1,-4,52651,1.0,0.02597,0.1603,0.38701,0.00492,0.44777,0.37784,0.11687,0.34221,413947.08587,3606.50898,results/chips_pos16par/guy-family-ranches-lp-campus-6e36a680/2025-08-H1.png
6e36a680-6bea-11f0-bd27-b1d39a0cf4bc,guy-family-ranches-lp-campus-6e36a680,Guy Family Ranches Lp Campus,TX,524.63,10,positive,2025-10-H1,False,Greenfield,2025-08-H2,-3,52651,1.0,0.03316,0.09267,0.44703,0.00701,0.45329,0.29828,0.20037,0.36076,1253462.23098,13424.22786,results/chips_pos16par/guy-family-ranches-lp-campus-6e36a680/2025-08-H2.png
6e36a680-6bea-11f0-bd27-b1d39a0cf4bc,guy-family-ranches-lp-campus-6e36a680,Guy Family Ranches Lp Campus,TX,524.63,10,positive,2025-10-H1,False,Greenfield,2025-09-H1,-2,52139,0.9998,0.03185,0.05996,0.48855,0.00723,0.44425,0.26662,0.22007,0.36454,1968252.27398,15828.56718,results/chips_pos16par/guy-family-ranches-lp-campus-6e36a680/2025-09-H1.png
6e36a680-6bea-11f0-bd27-b1d39a0cf4bc,guy-family-ranches-lp-campus-6e36a680,Guy Family Ranches Lp Campus,TX,524.63,10,positive,2025-10-H1,False,Greenfield,2025-09-H2,-1,52139,0.9998,0.03002,0.07587,0.45794,0.01337,0.45282,0.26331,0.19335,0.35722,1887807.08764,2604.70093,results/chips_pos16par/guy-family-ranches-lp-campus-6e36a680/2025-09-H2.png
6e36a680-6bea-11f0-bd27-b1d39a0cf4bc,guy-family-ranches-lp-campus-6e36a680,Guy Family Ranches Lp Campus,TX,524.63,10,positive,2025-10-H1,False,Greenfield,2025-10-H1,0,52139,0.9998,0.02857,0.05351,0.57774,0.02543,0.34332,0.20547,0.2052,0.4079,3725523.77283,12322.239,results/chips_pos16par/guy-family-ranches-lp-campus-6e36a680/2025-10-H1.png
6e36a680-6bea-11f0-bd27-b1d39a0cf4bc,guy-family-ranches-lp-campus-6e36a680,Guy Family Ranches Lp Campus,TX,524.63,10,positive,2025-10-H1,False,Greenfield,2025-10-H2,1,52651,1.0,0.03128,0.05831,0.43353,0.02478,0.48338,0.24309,0.19236,0.33993,1389407.58324,5610.12507,results/chips_pos16par/guy-family-ranches-lp-campus-6e36a680/2025-10-H2.png
6e36a680-6bea-11f0-bd27-b1d39a0cf4bc,guy-family-ranches-lp-campus-6e36a680,Guy Family Ranches Lp Campus,TX,524.63,10,positive,2025-10-H1,False,Greenfield,2025-11-H1,2,52651,1.0,0.02766,0.05962,0.53324,0.03887,0.36827,0.21711,0.18158,0.38969,2597087.18637,46083.17026,results/chips_pos16par/guy-family-ranches-lp-campus-6e36a680/2025-11-H1.png
6e36a680-6bea-11f0-bd27-b1d39a0cf4bc,guy-family-ranches-lp-campus-6e36a680,Guy Family Ranches Lp Campus,TX,524.63,10,positive,2025-10-H1,False,Greenfield,2025-11-H2,3,52395,1.0,0.03103,0.05115,0.50844,0.03381,0.40661,0.2091,0.20104,0.37656,2070637.0566,23943.21237,results/chips_pos16par/guy-family-ranches-lp-campus-6e36a680/2025-11-H2.png
6e36a680-6bea-11f0-bd27-b1d39a0cf4bc,guy-family-ranches-lp-campus-6e36a680,Guy Family Ranches Lp Campus,TX,524.63,10,positive,2025-10-H1,False,Greenfield,2025-12-H1,4,52395,1.0,0.02737,0.04557,0.53503,0.05767,0.36173,0.20089,0.17298,0.389,2538982.31953,49589.49843,results/chips_pos16par/guy-family-ranches-lp-campus-6e36a680/2025-12-H1.png
6e36a680-6bea-11f0-bd27-b1d39a0cf4bc,guy-family-ranches-lp-campus-6e36a680,Guy Family Ranches Lp Campus,TX,524.63,10,positive,2025-10-H1,False,Greenfield,2025-12-H2,5,49646,0.9519,0.03223,0.02542,0.55903,0.05548,0.36007,0.17459,0.2073,0.39487,2686949.36837,43779.01174,results/chips_pos16par/guy-family-ranches-lp-campus-6e36a680/2025-12-H2.png
6e36a680-6bea-11f0-bd27-b1d39a0cf4bc,guy-family-ranches-lp-campus-6e36a680,Guy Family Ranches Lp Campus,TX,524.63,10,positive,2025-10-H1,False,Greenfield,2026-01-H1,6,49363,0.9465,0.02898,0.02579,0.58547,0.06022,0.32851,0.16818,0.19342,0.40618,3042991.94901,43278.10772,results/chips_pos16par/guy-family-ranches-lp-campus-6e36a680/2026-01-H1.png
6e36a680-6bea-11f0-bd27-b1d39a0cf4bc,guy-family-ranches-lp-campus-6e36a680,Guy Family Ranches Lp Campus,TX,524.63,10,positive,2025-10-H1,False,Greenfield,2026-01-H2,7,45511,0.8727,0.02887,0.0304,0.51299,0.03923,0.41738,0.18556,0.1765,0.35492,2124634.51044,10318.62291,results/chips_pos16par/guy-family-ranches-lp-campus-6e36a680/2026-01-H2.png
6e36a680-6bea-11f0-bd27-b1d39a0cf4bc,guy-family-ranches-lp-campus-6e36a680,Guy Family Ranches Lp Campus,TX,524.63,10,positive,2025-10-H1,False,Greenfield,2026-02-H1,8,52651,1.0,0.02602,0.04615,0.32475,0.04358,0.58552,0.17936,0.17167,0.29431,502707.27902,19334.89535,results/chips_pos16par/guy-family-ranches-lp-campus-6e36a680/2026-02-H1.png
6e36a680-6bea-11f0-bd27-b1d39a0cf4bc,guy-family-ranches-lp-campus-6e36a680,Guy Family Ranches Lp Campus,TX,524.63,10,positive,2025-10-H1,False,Greenfield,2026-02-H2,9,52651,1.0,0.03304,0.01188,0.64771,0.11657,0.22384,0.13772,0.15846,0.44441,4310279.13107,113605.03276,results/chips_pos16par/guy-family-ranches-lp-campus-6e36a680/2026-02-H2.png
6e36a680-6bea-11f0-bd27-b1d39a0cf4bc,guy-family-ranches-lp-campus-6e36a680,Guy Family Ranches Lp Campus,TX,524.63,10,positive,2025-10-H1,False,Greenfield,2026-03-H1,10,52651,1.0,0.02443,0.02861,0.53545,0.07431,0.36163,0.15911,0.13623,0.37088,3134056.30067,22340.31949,results/chips_pos16par/guy-family-ranches-lp-campus-6e36a680/2026-03-H1.png
6e36a680-6bea-11f0-bd27-b1d39a0cf4bc,guy-family-ranches-lp-campus-6e36a680,Guy Family Ranches Lp Campus,TX,524.63,10,positive,2025-10-H1,False,Greenfield,2026-03-H2,11,51122,0.9803,0.03065,0.01486,0.66684,0.14925,0.16905,0.11534,0.14417,0.47168,4326408.24066,162994.16958,results/chips_pos16par/guy-family-ranches-lp-campus-6e36a680/2026-03-H2.png
6e36a680-6bea-11f0-bd27-b1d39a0cf4bc,guy-family-ranches-lp-campus-6e36a680,Guy Family Ranches Lp Campus,TX,524.63,10,positive,2025-10-H1,False,Greenfield,2026-04-H1,12,52651,1.0,0.03369,0.01899,0.6464,0.14779,0.18682,0.1292,0.13765,0.45966,4288038.99238,135644.80984,results/chips_pos16par/guy-family-ranches-lp-campus-6e36a680/2026-04-H1.png
6e36a680-6bea-11f0-bd27-b1d39a0cf4bc,guy-family-ranches-lp-campus-6e36a680,Guy Family Ranches Lp Campus,TX,524.63,10,positive,2025-10-H1,False,Greenfield,2026-04-H2,13,52071,0.9984,0.02082,0.02669,0.54303,0.0932,0.33708,0.13546,0.13748,0.38925,3220712.69691,36365.63218,results/chips_pos16par/guy-family-ranches-lp-campus-6e36a680/2026-04-H2.png
6e36a680-6bea-11f0-bd27-b1d39a0cf4bc,guy-family-ranches-lp-campus-6e36a680,Guy Family Ranches Lp Campus,TX,524.63,10,positive,2025-10-H1,False,Greenfield,2026-05-H1,14,51033,0.9785,0.03988,0.01648,0.64935,0.20364,0.13053,0.10702,0.1281,0.50507,4105108.84262,336607.50448,results/chips_pos16par/guy-family-ranches-lp-campus-6e36a680/2026-05-H1.png
6e36a680-6bea-11f0-bd27-b1d39a0cf4bc,guy-family-ranches-lp-campus-6e36a680,Guy Family Ranches Lp Campus,TX,524.63,10,positive,2025-10-H1,False,Greenfield,2026-05-H2,15,51183,0.9814,0.03536,0.01404,0.64339,0.15933,0.18324,0.10429,0.13511,0.46041,4080464.36461,145562.70953,results/chips_pos16par/guy-family-ranches-lp-campus-6e36a680/2026-05-H2.png
6e36a680-6bea-11f0-bd27-b1d39a0cf4bc,guy-family-ranches-lp-campus-6e36a680,Guy Family Ranches Lp Campus,TX,524.63,10,positive,2025-10-H1,False,Greenfield,2026-06-H1,16,48695,0.9337,0.03079,0.01498,0.63062,0.14811,0.20629,0.09373,0.13542,0.44623,3779020.32265,80845.90956,results/chips_pos16par/guy-family-ranches-lp-campus-6e36a680/2026-06-H1.png
6e36a680-6bea-11f0-bd27-b1d39a0cf4bc,guy-family-ranches-lp-campus-6e36a680,Guy Family Ranches Lp Campus,TX,524.63,10,positive,2025-10-H1,False,Greenfield,2026-06-H2,17,49555,0.9502,0.0502,0.01855,0.6322,0.24862,0.10062,0.09382,0.11694,0.52303,3881805.82848,428573.48339,results/chips_pos16par/guy-family-ranches-lp-campus-6e36a680/2026-06-H2.png
6e36a680-6bea-11f0-bd27-b1d39a0cf4bc,guy-family-ranches-lp-campus-6e36a680,Guy Family Ranches Lp Campus,TX,524.63,10,positive,2025-10-H1,False,Greenfield,2026-07-H1,18,50009,0.9589,0.03414,0.01826,0.67137,0.15142,0.15895,0.1055,0.1299,0.46855,4086575.39371,122821.66681,results/chips_pos16par/guy-family-ranches-lp-campus-6e36a680/2026-07-H1.png
6e36a680-6bea-11f0-bd27-b1d39a0cf4bc,guy-family-ranches-lp-campus-6e36a680,Guy Family Ranches Lp Campus,TX,524.63,10,positive,2025-10-H1,False,Greenfield,2026-07-H2,19,48696,0.9337,0.04174,0.0185,0.64672,0.22164,0.11313,0.09739,0.11184,0.50227,3955238.35848,220497.9516,results/chips_pos16par/guy-family-ranches-lp-campus-6e36a680/2026-07-H2.png
6e36a680-6bea-11f0-bd27-b1d39a0cf4bc,guy-family-ranches-lp-campus-6e36a680,Guy Family Ranches Lp Campus,TX,524.63,10,positive,2025-10-H1,False,Greenfield,2026-08-H1,20,49295,0.9452,0.02552,0.01881,0.73313,0.0849,0.16316,0.14742,0.14587,0.47054,4092686.42281,84051.69532,results/chips_pos16par/guy-family-ranches-lp-campus-6e36a680/2026-08-H1.png
6e36a680-6bea-11f0-bd27-b1d39a0cf4bc,guy-family-ranches-lp-campus-6e36a680,Guy Family Ranches Lp Campus,TX,524.63,10,positive,2025-10-H1,False,Greenfield,2026-08-H2,21,48762,0.935,0.04637,0.0122,0.66096,0.23134,0.0955,0.07448,0.12534,0.51575,4105509.56584,227009.70392,results/chips_pos16par/guy-family-ranches-lp-campus-6e36a680/2026-08-H2.png
6e36a680-6bea-11f0-bd27-b1d39a0cf4bc,guy-family-ranches-lp-campus-6e36a680,Guy Family Ranches Lp Campus,TX,524.63,10,positive,2025-10-H1,False,Greenfield,2026-09-H1,22,49497,0.9491,0.02805,0.0119,0.64752,0.15438,0.1862,0.07152,0.14463,0.46028,3829511.44832,140954.3925,results/chips_pos16par/guy-family-ranches-lp-campus-6e36a680/2026-09-H1.png
4cb83142-d4eb-4146-b09f-2350a2d60b17,hatchworks-llc-campus-4cb83142,Hatchworks Llc Campus,IN,235.67,12,positive,2025-03-H1,False,Expansion,2023-02-H2,-49,23693,1.0,0.02566,0.11235,0.23112,0.00019,0.65633,0.31277,0.117,0.24977,36479.16256,0.0,results/chips_pos16par/hatchworks-llc-campus-4cb83142/2023-02-H2.png
4cb83142-d4eb-4146-b09f-2350a2d60b17,hatchworks-llc-campus-4cb83142,Hatchworks Llc Campus,IN,235.67,12,positive,2025-03-H1,False,Expansion,2023-03-H1,-48,23693,1.0,0.01745,0.11573,0.30527,0.00336,0.57564,0.28762,0.09344,0.27471,218774.7579,0.0,results/chips_pos16par/hatchworks-llc-campus-4cb83142/2023-03-H1.png
4cb83142-d4eb-4146-b09f-2350a2d60b17,hatchworks-llc-campus-4cb83142,Hatchworks Llc Campus,IN,235.67,12,positive,2025-03-H1,False,Expansion,2023-04-H1,-46,23693,1.0,0.02279,0.09539,0.47112,0.00562,0.42788,0.30702,0.13758,0.34169,1176352.7752,0.0,results/chips_pos16par/hatchworks-llc-campus-4cb83142/2023-04-H1.png
4cb83142-d4eb-4146-b09f-2350a2d60b17,hatchworks-llc-campus-4cb83142,Hatchworks Llc Campus,IN,235.67,12,positive,2025-03-H1,False,Expansion,2023-04-H2,-45,903,0.0386,0.01193,0.10724,0.32587,0.07389,0.49301,0.24275,0.04722,0.30941,23350.67274,0.0,results/chips_pos16par/hatchworks-llc-campus-4cb83142/2023-04-H2.png
4cb83142-d4eb-4146-b09f-2350a2d60b17,hatchworks-llc-campus-4cb83142,Hatchworks Llc Campus,IN,235.67,12,positive,2025-03-H1,False,Expansion,2023-05-H1,-44,23460,1.0,0.02274,0.21167,0.10159,0.00223,0.68451,0.47391,-0.09469,0.19335,0.0,0.0,results/chips_pos16par/hatchworks-llc-campus-4cb83142/2023-05-H1.png
4cb83142-d4eb-4146-b09f-2350a2d60b17,hatchworks-llc-campus-4cb83142,Hatchworks Llc Campus,IN,235.67,12,positive,2025-03-H1,False,Expansion,2023-05-H2,-43,23443,1.0,0.01576,0.24126,0.36378,0.00638,0.38857,0.45819,-0.11203,0.29385,1058897.88915,0.0,results/chips_pos16par/hatchworks-llc-campus-4cb83142/2023-05-H2.png
4cb83142-d4eb-4146-b09f-2350a2d60b17,hatchworks-llc-campus-4cb83142,Hatchworks Llc Campus,IN,235.67,12,positive,2025-03-H1,False,Expansion,2023-06-H1,-42,8074,0.3456,0.01526,0.35796,0.28113,0.02514,0.33578,0.56074,-0.17839,0.29055,249040.43673,0.0,results/chips_pos16par/hatchworks-llc-campus-4cb83142/2023-06-H1.png
4cb83142-d4eb-4146-b09f-2350a2d60b17,hatchworks-llc-campus-4cb83142,Hatchworks Llc Campus,IN,235.67,12,positive,2025-03-H1,False,Expansion,2023-06-H2,-41,23437,1.0,0.01686,0.23695,0.37674,0.00652,0.37978,0.46313,-0.06516,0.30655,1123037.07607,0.0,results/chips_pos16par/hatchworks-llc-campus-4cb83142/2023-06-H2.png
4cb83142-d4eb-4146-b09f-2350a2d60b17,hatchworks-llc-campus-4cb83142,Hatchworks Llc Campus,IN,235.67,12,positive,2025-03-H1,False,Expansion,2023-07-H1,-40,23693,1.0,0.02066,0.31931,0.24274,0.00041,0.43754,0.57778,-0.08763,0.28054,386438.60123,0.0,results/chips_pos16par/hatchworks-llc-campus-4cb83142/2023-07-H1.png
4cb83142-d4eb-4146-b09f-2350a2d60b17,hatchworks-llc-campus-4cb83142,Hatchworks Llc Campus,IN,235.67,12,positive,2025-03-H1,False,Expansion,2023-07-H2,-39,23693,1.0,0.02255,0.49496,0.11597,0.00019,0.38889,0.7458,-0.25961,0.24014,250643.91641,0.0,results/chips_pos16par/hatchworks-llc-campus-4cb83142/2023-07-H2.png
4cb83142-d4eb-4146-b09f-2350a2d60b17,hatchworks-llc-campus-4cb83142,Hatchworks Llc Campus,IN,235.67,12,positive,2025-03-H1,False,Expansion,2023-08-H1,-38,6920,0.2962,0.01717,0.72689,0.01114,0.0207,0.24128,0.83883,-0.39284,0.24118,701.52236,0.0,results/chips_pos16par/hatchworks-llc-campus-4cb83142/2023-08-H1.png
4cb83142-d4eb-4146-b09f-2350a2d60b17,hatchworks-llc-campus-4cb83142,Hatchworks Llc Campus,IN,235.67,12,positive,2025-03-H1,False,Expansion,2023-08-H2,-37,23693,1.0,0.02853,0.53749,0.08047,0.00027,0.38177,0.80185,-0.32048,0.21768,110940.74989,0.0,results/chips_pos16par/hatchworks-llc-campus-4cb83142/2023-08-H2.png
4cb83142-d4eb-4146-b09f-2350a2d60b17,hatchworks-llc-campus-4cb83142,Hatchworks Llc Campus,IN,235.67,12,positive,2025-03-H1,False,Expansion,2023-09-H1,-36,1009,0.0432,0.01095,0.67711,0.03414,0.004,0.28476,0.81135,-0.35098,0.23974,0.0,0.0,results/chips_pos16par/hatchworks-llc-campus-4cb83142/2023-09-H1.png
4cb83142-d4eb-4146-b09f-2350a2d60b17,hatchworks-llc-campus-4cb83142,Hatchworks Llc Campus,IN,235.67,12,positive,2025-03-H1,False,Expansion,2023-09-H2,-35,23693,1.0,0.02543,0.37385,0.09,0.00527,0.53087,0.64876,-0.19196,0.22444,48405.04263,0.0,results/chips_pos16par/hatchworks-llc-campus-4cb83142/2023-09-H2.png
4cb83142-d4eb-4146-b09f-2350a2d60b17,hatchworks-llc-campus-4cb83142,Hatchworks Llc Campus,IN,235.67,12,positive,2025-03-H1,False,Expansion,2023-10-H1,-34,742,0.0318,0.02412,0.04971,0.10455,0.06715,0.77859,0.17906,-0.0079,0.1781,601.30488,0.0,results/chips_pos16par/hatchworks-llc-campus-4cb83142/2023-10-H1.png
4cb83142-d4eb-4146-b09f-2350a2d60b17,hatchworks-llc-campus-4cb83142,Hatchworks Llc Campus,IN,235.67,12,positive,2025-03-H1,False,Expansion,2023-10-H2,-33,23693,1.0,0.03176,0.13125,0.16415,7e-05,0.70452,0.38612,0.09423,0.22743,44195.90849,0.0,results/chips_pos16par/hatchworks-llc-campus-4cb83142/2023-10-H2.png
4cb83142-d4eb-4146-b09f-2350a2d60b17,hatchworks-llc-campus-4cb83142,Hatchworks Llc Campus,IN,235.67,12,positive,2025-03-H1,False,Expansion,2023-11-H1,-32,23682,1.0,0.02735,0.12369,0.26688,0.00268,0.60675,0.32304,0.10716,0.26775,70452.88814,0.0,results/chips_pos16par/hatchworks-llc-campus-4cb83142/2023-11-H1.png
4cb83142-d4eb-4146-b09f-2350a2d60b17,hatchworks-llc-campus-4cb83142,Hatchworks Llc Campus,IN,235.67,12,positive,2025-03-H1,False,Expansion,2023-11-H2,-31,23693,1.0,0.02841,0.1142,0.20098,0.00307,0.68174,0.31033,0.11641,0.23963,91999.64625,0.0,results/chips_pos16par/hatchworks-llc-campus-4cb83142/2023-11-H2.png
4cb83142-d4eb-4146-b09f-2350a2d60b17,hatchworks-llc-campus-4cb83142,Hatchworks Llc Campus,IN,235.67,12,positive,2025-03-H1,False,Expansion,2023-12-H1,-30,23691,1.0,0.02726,0.10529,0.21073,0.00208,0.6819,0.30477,0.11997,0.23841,23350.67274,0.0,results/chips_pos16par/hatchworks-llc-campus-4cb83142/2023-12-H1.png
4cb83142-d4eb-4146-b09f-2350a2d60b17,hatchworks-llc-campus-4cb83142,Hatchworks Llc Campus,IN,235.67,12,positive,2025-03-H1,False,Expansion,2024-02-H1,-26,23693,1.0,0.02751,0.0752,0.2576,0.00052,0.66667,0.2669,0.17168,0.2555,105829.65843,0.0,results/chips_pos16par/hatchworks-llc-campus-4cb83142/2024-02-H1.png
4cb83142-d4eb-4146-b09f-2350a2d60b17,hatchworks-llc-campus-4cb83142,Hatchworks Llc Campus,IN,235.67,12,positive,2025-03-H1,False,Expansion,2024-02-H2,-25,23693,1.0,0.02203,0.08042,0.22219,0.00469,0.6927,0.23984,0.13557,0.23896,124470.10963,0.0,results/chips_pos16par/hatchworks-llc-campus-4cb83142/2024-02-H2.png
4cb83142-d4eb-4146-b09f-2350a2d60b17,hatchworks-llc-campus-4cb83142,Hatchworks Llc Campus,IN,235.67,12,positive,2025-03-H1,False,Expansion,2024-03-H1,-24,5638,0.2413,0.01826,0.04124,0.48512,0.05353,0.42012,0.17813,0.15317,0.35895,280709.16028,1703.69715,results/chips_pos16par/hatchworks-llc-campus-4cb83142/2024-03-H1.png
4cb83142-d4eb-4146-b09f-2350a2d60b17,hatchworks-llc-campus-4cb83142,Hatchworks Llc Campus,IN,235.67,12,positive,2025-03-H1,False,Expansion,2024-03-H2,-23,13799,0.5906,0.01659,0.05162,0.56385,0.05952,0.32502,0.1838,0.13399,0.39044,906968.19012,2405.21951,results/chips_pos16par/hatchworks-llc-campus-4cb83142/2024-03-H2.png
4cb83142-d4eb-4146-b09f-2350a2d60b17,hatchworks-llc-campus-4cb83142,Hatchworks Llc Campus,IN,235.67,12,positive,2025-03-H1,False,Expansion,2024-04-H1,-22,23693,1.0,0.02069,0.09689,0.26542,0.03263,0.60507,0.24424,0.07655,0.2636,178687.76608,0.0,results/chips_pos16par/hatchworks-llc-campus-4cb83142/2024-04-H1.png
4cb83142-d4eb-4146-b09f-2350a2d60b17,hatchworks-llc-campus-4cb83142,Hatchworks Llc Campus,IN,235.67,12,positive,2025-03-H1,False,Expansion,2024-04-H2,-21,11884,0.5086,0.02007,0.12573,0.33801,0.05097,0.48529,0.30435,0.04442,0.30734,306164.40009,400.86992,results/chips_pos16par/hatchworks-llc-campus-4cb83142/2024-04-H2.png
4cb83142-d4eb-4146-b09f-2350a2d60b17,hatchworks-llc-campus-4cb83142,Hatchworks Llc Campus,IN,235.67,12,positive,2025-03-H1,False,Expansion,2024-05-H1,-20,12143,0.5197,0.01664,0.1923,0.17362,0.02895,0.60513,0.41317,-0.04429,0.23968,49707.86987,6714.57113,results/chips_pos16par/hatchworks-llc-campus-4cb83142/2024-05-H1.png
4cb83142-d4eb-4146-b09f-2350a2d60b17,hatchworks-llc-campus-4cb83142,Hatchworks Llc Campus,IN,235.67,12,positive,2025-03-H1,False,Expansion,2024-05-H2,-19,20255,0.8669,0.01703,0.16844,0.30147,0.04474,0.48535,0.32025,-0.01049,0.28271,375514.89595,200.43496,results/chips_pos16par/hatchworks-llc-campus-4cb83142/2024-05-H2.png
4cb83142-d4eb-4146-b09f-2350a2d60b17,hatchworks-llc-campus-4cb83142,Hatchworks Llc Campus,IN,235.67,12,positive,2025-03-H1,False,Expansion,2024-06-H1,-18,23438,1.0,0.02207,0.17717,0.38544,0.06451,0.37289,0.33897,-0.00356,0.32775,886323.38933,2204.78455,results/chips_pos16par/hatchworks-llc-campus-4cb83142/2024-06-H1.png
4cb83142-d4eb-4146-b09f-2350a2d60b17,hatchworks-llc-campus-4cb83142,Hatchworks Llc Campus,IN,235.67,12,positive,2025-03-H1,False,Expansion,2024-06-H2,-17,23421,1.0,0.02107,0.22055,0.1882,0.05255,0.5387,0.39243,-0.07272,0.25144,92500.73364,6614.35365,results/chips_pos16par/hatchworks-llc-campus-4cb83142/2024-06-H2.png
4cb83142-d4eb-4146-b09f-2350a2d60b17,hatchworks-llc-campus-4cb83142,Hatchworks Llc Campus,IN,235.67,12,positive,2025-03-H1,False,Expansion,2024-07-H1,-16,20525,0.8785,0.01288,0.22529,0.1514,0.04157,0.58174,0.39594,-0.08623,0.23843,34675.24793,11825.66259,results/chips_pos16par/hatchworks-llc-campus-4cb83142/2024-07-H1.png
4cb83142-d4eb-4146-b09f-2350a2d60b17,hatchworks-llc-campus-4cb83142,Hatchworks Llc Campus,IN,235.67,12,positive,2025-03-H1,False,Expansion,2024-07-H2,-15,11365,0.4864,0.01697,0.24418,0.31774,0.07829,0.35979,0.40449,-0.06626,0.32339,304160.0505,1703.69715,results/chips_pos16par/hatchworks-llc-campus-4cb83142/2024-07-H2.png
4cb83142-d4eb-4146-b09f-2350a2d60b17,hatchworks-llc-campus-4cb83142,Hatchworks Llc Campus,IN,235.67,12,positive,2025-03-H1,False,Expansion,2024-08-H1,-14,23693,1.0,0.02177,0.21273,0.19898,0.05034,0.53795,0.42693,-0.0729,0.25498,203641.91849,21646.97559,results/chips_pos16par/hatchworks-llc-campus-4cb83142/2024-08-H1.png
4cb83142-d4eb-4146-b09f-2350a2d60b17,hatchworks-llc-campus-4cb83142,Hatchworks Llc Campus,IN,235.67,12,positive,2025-03-H1,False,Expansion,2024-08-H2,-13,16703,0.7149,0.01805,0.20096,0.26591,0.04772,0.48541,0.41268,-0.05423,0.281,383933.16424,12827.83739,results/chips_pos16par/hatchworks-llc-campus-4cb83142/2024-08-H2.png
4cb83142-d4eb-4146-b09f-2350a2d60b17,hatchworks-llc-campus-4cb83142,Hatchworks Llc Campus,IN,235.67,12,positive,2025-03-H1,False,Expansion,2024-09-H2,-11,23693,1.0,0.02407,0.13167,0.31178,0.04202,0.51453,0.32092,0.03718,0.28939,582363.77379,6013.04877,results/chips_pos16par/hatchworks-llc-campus-4cb83142/2024-09-H2.png
4cb83142-d4eb-4146-b09f-2350a2d60b17,hatchworks-llc-campus-4cb83142,Hatchworks Llc Campus,IN,235.67,12,positive,2025-03-H1,False,Expansion,2024-10-H1,-10,23693,1.0,0.02694,0.12064,0.26685,0.03648,0.57603,0.34503,0.05196,0.26613,326608.76592,3607.82926,results/chips_pos16par/hatchworks-llc-campus-4cb83142/2024-10-H1.png
4cb83142-d4eb-4146-b09f-2350a2d60b17,hatchworks-llc-campus-4cb83142,Hatchworks Llc Campus,IN,235.67,12,positive,2025-03-H1,False,Expansion,2024-10-H2,-9,23693,1.0,0.02297,0.11746,0.29524,0.03849,0.54882,0.30282,0.05565,0.28154,406983.18454,2906.30691,results/chips_pos16par/hatchworks-llc-campus-4cb83142/2024-10-H2.png
4cb83142-d4eb-4146-b09f-2350a2d60b17,hatchworks-llc-campus-4cb83142,Hatchworks Llc Campus,IN,235.67,12,positive,2025-03-H1,False,Expansion,2024-11-H1,-8,23618,1.0,0.02285,0.10406,0.2977,0.04141,0.55683,0.26041,0.08139,0.28349,289728.73344,4309.35162,results/chips_pos16par/hatchworks-llc-campus-4cb83142/2024-11-H1.png
4cb83142-d4eb-4146-b09f-2350a2d60b17,hatchworks-llc-campus-4cb83142,Hatchworks Llc Campus,IN,235.67,12,positive,2025-03-H1,False,Expansion,2024-12-H1,-6,3766,0.1612,0.01749,0.05858,0.18719,0.01527,0.73897,0.20264,0.10381,0.21094,0.0,0.0,results/chips_pos16par/hatchworks-llc-campus-4cb83142/2024-12-H1.png
4cb83142-d4eb-4146-b09f-2350a2d60b17,hatchworks-llc-campus-4cb83142,Hatchworks Llc Campus,IN,235.67,12,positive,2025-03-H1,False,Expansion,2024-12-H2,-5,19673,0.842,0.0256,0.08818,0.10246,0.03067,0.77869,0.22762,0.03893,0.18605,27860.45932,3407.39431,results/chips_pos16par/hatchworks-llc-campus-4cb83142/2024-12-H2.png
4cb83142-d4eb-4146-b09f-2350a2d60b17,hatchworks-llc-campus-4cb83142,Hatchworks Llc Campus,IN,235.67,12,positive,2025-03-H1,False,Expansion,2025-02-H1,-2,16565,0.709,0.03142,0.09743,0.00412,0.03185,0.8666,0.25215,-0.26347,0.10335,200.43496,13228.7073,results/chips_pos16par/hatchworks-llc-campus-4cb83142/2025-02-H1.png
4cb83142-d4eb-4146-b09f-2350a2d60b17,hatchworks-llc-campus-4cb83142,Hatchworks Llc Campus,IN,235.67,12,positive,2025-03-H1,False,Expansion,2025-02-H2,-1,23570,1.0,0.02908,0.08562,0.08461,0.02305,0.80673,0.21128,0.07134,0.18536,26357.19713,8518.48576,results/chips_pos16par/hatchworks-llc-campus-4cb83142/2025-02-H2.png
4cb83142-d4eb-4146-b09f-2350a2d60b17,hatchworks-llc-campus-4cb83142,Hatchworks Llc Campus,IN,235.67,12,positive,2025-03-H1,False,Expansion,2025-03-H1,0,23485,1.0,0.02396,0.04186,0.28777,0.03633,0.63405,0.17007,0.15386,0.26232,132487.50799,8718.92072,results/chips_pos16par/hatchworks-llc-campus-4cb83142/2025-03-H1.png
4cb83142-d4eb-4146-b09f-2350a2d60b17,hatchworks-llc-campus-4cb83142,Hatchworks Llc Campus,IN,235.67,12,positive,2025-03-H1,False,Expansion,2025-03-H2,1,23677,1.0,0.02295,0.08708,0.12374,0.03796,0.75122,0.20331,0.05603,0.20421,36679.59752,9821.313,results/chips_pos16par/hatchworks-llc-campus-4cb83142/2025-03-H2.png
4cb83142-d4eb-4146-b09f-2350a2d60b17,hatchworks-llc-campus-4cb83142,Hatchworks Llc Campus,IN,235.67,12,positive,2025-03-H1,False,Expansion,2025-04-H1,2,23693,1.0,0.02094,0.08392,0.22655,0.04665,0.64288,0.20981,0.06603,0.24691,69049.84342,11424.79267,results/chips_pos16par/hatchworks-llc-campus-4cb83142/2025-04-H1.png
4cb83142-d4eb-4146-b09f-2350a2d60b17,hatchworks-llc-campus-4cb83142,Hatchworks Llc Campus,IN,235.67,12,positive,2025-03-H1,False,Expansion,2025-04-H2,3,23677,1.0,0.02197,0.06937,0.35956,0.06269,0.50839,0.20269,0.10583,0.30841,560516.36324,18740.66868,results/chips_pos16par/hatchworks-llc-campus-4cb83142/2025-04-H2.png
4cb83142-d4eb-4146-b09f-2350a2d60b17,hatchworks-llc-campus-4cb83142,Hatchworks Llc Campus,IN,235.67,12,positive,2025-03-H1,False,Expansion,2025-05-H1,4,23584,1.0,0.01877,0.13967,0.34414,0.07186,0.44432,0.29876,-0.00186,0.30445,645801.43836,14631.75202,results/chips_pos16par/hatchworks-llc-campus-4cb83142/2025-05-H1.png
4cb83142-d4eb-4146-b09f-2350a2d60b17,hatchworks-llc-campus-4cb83142,Hatchworks Llc Campus,IN,235.67,12,positive,2025-03-H1,False,Expansion,2025-05-H2,5,18910,0.8093,0.01744,0.17429,0.26195,0.06196,0.50181,0.34685,-0.02564,0.28037,246835.65218,21446.54063,results/chips_pos16par/hatchworks-llc-campus-4cb83142/2025-05-H2.png
4cb83142-d4eb-4146-b09f-2350a2d60b17,hatchworks-llc-campus-4cb83142,Hatchworks Llc Campus,IN,235.67,12,positive,2025-03-H1,False,Expansion,2025-06-H1,6,20556,0.8798,0.01438,0.19487,0.24082,0.05139,0.51291,0.36293,-0.06663,0.26364,222081.93473,4008.69918,results/chips_pos16par/hatchworks-llc-campus-4cb83142/2025-06-H1.png
4cb83142-d4eb-4146-b09f-2350a2d60b17,hatchworks-llc-campus-4cb83142,Hatchworks Llc Campus,IN,235.67,12,positive,2025-03-H1,False,Expansion,2025-06-H2,7,22057,0.944,0.02107,0.22463,0.23895,0.06829,0.46813,0.3985,-0.03992,0.28638,238417.3839,43995.47353,results/chips_pos16par/hatchworks-llc-campus-4cb83142/2025-06-H2.png
4cb83142-d4eb-4146-b09f-2350a2d60b17,hatchworks-llc-campus-4cb83142,Hatchworks Llc Campus,IN,235.67,12,positive,2025-03-H1,False,Expansion,2025-07-H1,8,23439,1.0,0.02069,0.19939,0.25727,0.05258,0.49076,0.38712,-0.02449,0.28158,372708.80652,16435.66665,results/chips_pos16par/hatchworks-llc-campus-4cb83142/2025-07-H1.png
4cb83142-d4eb-4146-b09f-2350a2d60b17,hatchworks-llc-campus-4cb83142,Hatchworks Llc Campus,IN,235.67,12,positive,2025-03-H1,False,Expansion,2025-07-H2,9,149,0.0064,0.01537,0.07628,0.24133,0.08728,0.59511,0.17414,0.06779,0.28108,2204.78455,0.0,results/chips_pos16par/hatchworks-llc-campus-4cb83142/2025-07-H2.png
4cb83142-d4eb-4146-b09f-2350a2d60b17,hatchworks-llc-campus-4cb83142,Hatchworks Llc Campus,IN,235.67,12,positive,2025-03-H1,False,Expansion,2025-08-H1,10,23438,1.0,0.02032,0.1708,0.26519,0.05863,0.50537,0.36442,-0.02403,0.27864,392050.78008,18139.3638,results/chips_pos16par/hatchworks-llc-campus-4cb83142/2025-08-H1.png
4cb83142-d4eb-4146-b09f-2350a2d60b17,hatchworks-llc-campus-4cb83142,Hatchworks Llc Campus,IN,235.67,12,positive,2025-03-H1,False,Expansion,2025-08-H2,11,611,0.0262,0.01776,0.49063,0.11917,0.01527,0.37493,0.71784,-0.28498,0.24104,8318.0508,0.0,results/chips_pos16par/hatchworks-llc-campus-4cb83142/2025-08-H2.png
4cb83142-d4eb-4146-b09f-2350a2d60b17,hatchworks-llc-campus-4cb83142,Hatchworks Llc Campus,IN,235.67,12,positive,2025-03-H1,False,Expansion,2025-09-H1,12,23693,1.0,0.0222,0.15234,0.29462,0.06193,0.49111,0.33601,-0.02495,0.28087,454185.61742,25154.58737,results/chips_pos16par/hatchworks-llc-campus-4cb83142/2025-09-H1.png
4cb83142-d4eb-4146-b09f-2350a2d60b17,hatchworks-llc-campus-4cb83142,Hatchworks Llc Campus,IN,235.67,12,positive,2025-03-H1,False,Expansion,2025-09-H2,13,23440,1.0,0.02448,0.08432,0.32217,0.05511,0.53841,0.25629,0.07573,0.28431,500385.8755,16034.79673,results/chips_pos16par/hatchworks-llc-campus-4cb83142/2025-09-H2.png
4cb83142-d4eb-4146-b09f-2350a2d60b17,hatchworks-llc-campus-4cb83142,Hatchworks Llc Campus,IN,235.67,12,positive,2025-03-H1,False,Expansion,2025-10-H1,14,23693,1.0,0.02233,0.08026,0.32506,0.05381,0.54087,0.24077,0.08416,0.28938,485453.47104,12627.40243,results/chips_pos16par/hatchworks-llc-campus-4cb83142/2025-10-H1.png
4cb83142-d4eb-4146-b09f-2350a2d60b17,hatchworks-llc-campus-4cb83142,Hatchworks Llc Campus,IN,235.67,12,positive,2025-03-H1,False,Expansion,2025-10-H2,15,23434,1.0,0.02383,0.08247,0.30187,0.0717,0.54397,0.22974,0.05965,0.28143,385636.86139,20845.23575,results/chips_pos16par/hatchworks-llc-campus-4cb83142/2025-10-H2.png
4cb83142-d4eb-4146-b09f-2350a2d60b17,hatchworks-llc-campus-4cb83142,Hatchworks Llc Campus,IN,235.67,12,positive,2025-03-H1,False,Expansion,2025-11-H1,16,20825,0.8913,0.02131,0.09141,0.17367,0.05507,0.67986,0.21296,0.04746,0.23082,26156.76217,40487.86175,results/chips_pos16par/hatchworks-llc-campus-4cb83142/2025-11-H1.png
4cb83142-d4eb-4146-b09f-2350a2d60b17,hatchworks-llc-campus-4cb83142,Hatchworks Llc Campus,IN,235.67,12,positive,2025-03-H1,False,Expansion,2025-11-H2,17,23184,0.9923,0.02446,0.07066,0.25395,0.05614,0.61926,0.20009,0.09412,0.25737,102021.3942,17638.2764,results/chips_pos16par/hatchworks-llc-campus-4cb83142/2025-11-H2.png
4cb83142-d4eb-4146-b09f-2350a2d60b17,hatchworks-llc-campus-4cb83142,Hatchworks Llc Campus,IN,235.67,12,positive,2025-03-H1,False,Expansion,2026-02-H2,23,22173,0.949,0.02107,0.06406,0.12187,0.06833,0.74574,0.15109,0.02978,0.20077,67747.01619,29864.80891,results/chips_pos16par/hatchworks-llc-campus-4cb83142/2026-02-H2.png
4cb83142-d4eb-4146-b09f-2350a2d60b17,hatchworks-llc-campus-4cb83142,Hatchworks Llc Campus,IN,235.67,12,positive,2025-03-H1,False,Expansion,2026-03-H1,24,23437,1.0,0.02231,0.04274,0.27831,0.08113,0.59782,0.145,0.1052,0.27369,121162.9328,32871.3333,results/chips_pos16par/hatchworks-llc-campus-4cb83142/2026-03-H1.png
4cb83142-d4eb-4146-b09f-2350a2d60b17,hatchworks-llc-campus-4cb83142,Hatchworks Llc Campus,IN,235.67,12,positive,2025-03-H1,False,Expansion,2026-04-H2,27,23594,1.0,0.01965,0.0776,0.27887,0.1029,0.54063,0.19705,0.04831,0.28787,202840.17865,42893.08126,results/chips_pos16par/hatchworks-llc-campus-4cb83142/2026-04-H2.png
4cb83142-d4eb-4146-b09f-2350a2d60b17,hatchworks-llc-campus-4cb83142,Hatchworks Llc Campus,IN,235.67,12,positive,2025-03-H1,False,Expansion,2026-05-H1,28,9894,0.4235,0.01562,0.20025,0.27721,0.08915,0.43339,0.33701,-0.03846,0.3016,108134.66046,13529.35974,results/chips_pos16par/hatchworks-llc-campus-4cb83142/2026-05-H1.png
4cb83142-d4eb-4146-b09f-2350a2d60b17,hatchworks-llc-campus-4cb83142,Hatchworks Llc Campus,IN,235.67,12,positive,2025-03-H1,False,Expansion,2026-05-H2,29,21910,0.9377,0.01741,0.14525,0.23684,0.10012,0.51779,0.27377,-0.03991,0.27181,77067.24179,35476.98777,results/chips_pos16par/hatchworks-llc-campus-4cb83142/2026-05-H2.png
4cb83142-d4eb-4146-b09f-2350a2d60b17,hatchworks-llc-campus-4cb83142,Hatchworks Llc Campus,IN,235.67,12,positive,2025-03-H1,False,Expansion,2026-06-H1,30,23693,1.0,0.02259,0.14025,0.28229,0.13499,0.44247,0.24988,-0.0281,0.30515,229297.59326,94204.4308,results/chips_pos16par/hatchworks-llc-campus-4cb83142/2026-06-H1.png
4cb83142-d4eb-4146-b09f-2350a2d60b17,hatchworks-llc-campus-4cb83142,Hatchworks Llc Campus,IN,235.67,12,positive,2025-03-H1,False,Expansion,2026-06-H2,31,2599,0.1112,0.01752,0.31271,0.2229,0.0709,0.39349,0.49201,-0.14549,0.28517,19742.84348,0.0,results/chips_pos16par/hatchworks-llc-campus-4cb83142/2026-06-H2.png
4cb83142-d4eb-4146-b09f-2350a2d60b17,hatchworks-llc-campus-4cb83142,Hatchworks Llc Campus,IN,235.67,12,positive,2025-03-H1,False,Expansion,2026-07-H1,32,19250,0.8239,0.01948,0.13611,0.30374,0.10855,0.4516,0.26083,-0.00808,0.30747,280709.16028,32470.46338,results/chips_pos16par/hatchworks-llc-campus-4cb83142/2026-07-H1.png
4cb83142-d4eb-4146-b09f-2350a2d60b17,hatchworks-llc-campus-4cb83142,Hatchworks Llc Campus,IN,235.67,12,positive,2025-03-H1,False,Expansion,2026-07-H2,33,23442,1.0,0.01993,0.1228,0.29577,0.09593,0.4855,0.25744,0.00328,0.29618,295841.99969,39084.81703,results/chips_pos16par/hatchworks-llc-campus-4cb83142/2026-07-H2.png
4cb83142-d4eb-4146-b09f-2350a2d60b17,hatchworks-llc-campus-4cb83142,Hatchworks Llc Campus,IN,235.67,12,positive,2025-03-H1,False,Expansion,2026-08-H1,34,20906,0.8948,0.02179,0.11842,0.29052,0.10509,0.48597,0.24994,-0.00845,0.29067,206848.87783,44195.90849,results/chips_pos16par/hatchworks-llc-campus-4cb83142/2026-08-H1.png
4cb83142-d4eb-4146-b09f-2350a2d60b17,hatchworks-llc-campus-4cb83142,Hatchworks Llc Campus,IN,235.67,12,positive,2025-03-H1,False,Expansion,2026-08-H2,35,13132,0.562,0.02048,0.16509,0.23425,0.09942,0.50125,0.34693,-0.0701,0.27142,105729.44095,31267.85363,results/chips_pos16par/hatchworks-llc-campus-4cb83142/2026-08-H2.png
4cb83142-d4eb-4146-b09f-2350a2d60b17,hatchworks-llc-campus-4cb83142,Hatchworks Llc Campus,IN,235.67,12,positive,2025-03-H1,False,Expansion,2026-09-H1,36,23693,1.0,0.02169,0.10286,0.29333,0.08058,0.52323,0.24818,0.02614,0.28159,355070.53012,23150.23778,results/chips_pos16par/hatchworks-llc-campus-4cb83142/2026-09-H1.png
bb8d6a30-89d2-11f0-939a-dddb2b101045,peanut-llc-campus-bb8d6a30,Peanut Llc Campus,VA,124.0,3,positive,2026-02-H1,False,Greenfield,2023-01-H1,-74,12600,1.0,0.04404,0.1386,0.00695,0.0,0.85445,0.6236,0.0144,0.15453,0.0,0.0,results/chips_pos16par/peanut-llc-campus-bb8d6a30/2023-01-H1.png
bb8d6a30-89d2-11f0-939a-dddb2b101045,peanut-llc-campus-bb8d6a30,Peanut Llc Campus,VA,124.0,3,positive,2026-02-H1,False,Greenfield,2023-01-H2,-73,12610,1.0,0.04039,0.14245,0.01327,0.0,0.84428,0.59931,0.0223,0.16142,0.0,0.0,results/chips_pos16par/peanut-llc-campus-bb8d6a30/2023-01-H2.png
bb8d6a30-89d2-11f0-939a-dddb2b101045,peanut-llc-campus-bb8d6a30,Peanut Llc Campus,VA,124.0,3,positive,2026-02-H1,False,Greenfield,2023-02-H1,-72,12610,1.0,0.04216,0.15838,0.01638,0.0,0.82525,0.6123,0.02519,0.17147,0.0,0.0,results/chips_pos16par/peanut-llc-campus-bb8d6a30/2023-02-H1.png
bb8d6a30-89d2-11f0-939a-dddb2b101045,peanut-llc-campus-bb8d6a30,Peanut Llc Campus,VA,124.0,3,positive,2026-02-H1,False,Greenfield,2023-02-H2,-71,12610,1.0,0.03821,0.16266,0.02547,0.0,0.81187,0.59596,0.0172,0.17568,0.0,0.0,results/chips_pos16par/peanut-llc-campus-bb8d6a30/2023-02-H2.png
bb8d6a30-89d2-11f0-939a-dddb2b101045,peanut-llc-campus-bb8d6a30,Peanut Llc Campus,VA,124.0,3,positive,2026-02-H1,False,Greenfield,2023-03-H1,-70,12610,1.0,0.03548,0.17502,0.05202,0.0,0.77296,0.55132,0.03716,0.19748,0.0,0.0,results/chips_pos16par/peanut-llc-campus-bb8d6a30/2023-03-H1.png
bb8d6a30-89d2-11f0-939a-dddb2b101045,peanut-llc-campus-bb8d6a30,Peanut Llc Campus,VA,124.0,3,positive,2026-02-H1,False,Greenfield,2023-03-H2,-69,12610,1.0,0.03988,0.18148,0.04376,0.0,0.77476,0.5947,0.03529,0.19669,0.0,0.0,results/chips_pos16par/peanut-llc-campus-bb8d6a30/2023-03-H2.png
bb8d6a30-89d2-11f0-939a-dddb2b101045,peanut-llc-campus-bb8d6a30,Peanut Llc Campus,VA,124.0,3,positive,2026-02-H1,False,Greenfield,2023-04-H1,-68,12610,1.0,0.02584,0.2933,0.00908,1e-05,0.69761,0.72815,-0.18758,0.17415,0.0,0.0,results/chips_pos16par/peanut-llc-campus-bb8d6a30/2023-04-H1.png
bb8d6a30-89d2-11f0-939a-dddb2b101045,peanut-llc-campus-bb8d6a30,Peanut Llc Campus,VA,124.0,3,positive,2026-02-H1,False,Greenfield,2023-04-H2,-67,2153,0.1745,0.01406,0.45011,0.03473,0.0216,0.49356,0.72061,-0.29877,0.20711,0.0,0.0,results/chips_pos16par/peanut-llc-campus-bb8d6a30/2023-04-H2.png
bb8d6a30-89d2-11f0-939a-dddb2b101045,peanut-llc-campus-bb8d6a30,Peanut Llc Campus,VA,124.0,3,positive,2026-02-H1,False,Greenfield,2023-05-H2,-65,12610,1.0,0.02554,0.51571,0.00203,0.00026,0.482,0.85024,-0.40945,0.16914,0.0,0.0,results/chips_pos16par/peanut-llc-campus-bb8d6a30/2023-05-H2.png
bb8d6a30-89d2-11f0-939a-dddb2b101045,peanut-llc-campus-bb8d6a30,Peanut Llc Campus,VA,124.0,3,positive,2026-02-H1,False,Greenfield,2023-06-H1,-64,12604,1.0,0.02439,0.51813,0.00251,6e-05,0.4793,0.83018,-0.40773,0.17156,0.0,0.0,results/chips_pos16par/peanut-llc-campus-bb8d6a30/2023-06-H1.png
bb8d6a30-89d2-11f0-939a-dddb2b101045,peanut-llc-campus-bb8d6a30,Peanut Llc Campus,VA,124.0,3,positive,2026-02-H1,False,Greenfield,2023-06-H2,-63,12551,1.0,0.03268,0.52533,0.00193,0.0,0.47274,0.90438,-0.40158,0.17343,0.0,0.0,results/chips_pos16par/peanut-llc-campus-bb8d6a30/2023-06-H2.png
bb8d6a30-89d2-11f0-939a-dddb2b101045,peanut-llc-campus-bb8d6a30,Peanut Llc Campus,VA,124.0,3,positive,2026-02-H1,False,Greenfield,2023-07-H1,-62,11338,0.9189,0.02994,0.52926,0.00201,0.00014,0.46859,0.88965,-0.38203,0.18201,0.0,0.0,results/chips_pos16par/peanut-llc-campus-bb8d6a30/2023-07-H1.png
bb8d6a30-89d2-11f0-939a-dddb2b101045,peanut-llc-campus-bb8d6a30,Peanut Llc Campus,VA,124.0,3,positive,2026-02-H1,False,Greenfield,2023-07-H2,-61,12610,1.0,0.03388,0.41182,0.00072,0.0,0.58746,0.87926,-0.34147,0.16334,0.0,0.0,results/chips_pos16par/peanut-llc-campus-bb8d6a30/2023-07-H2.png
bb8d6a30-89d2-11f0-939a-dddb2b101045,peanut-llc-campus-bb8d6a30,Peanut Llc Campus,VA,124.0,3,positive,2026-02-H1,False,Greenfield,2023-08-H1,-60,12610,1.0,0.03787,0.374,0.0003,0.0,0.6257,0.87945,-0.32301,0.1576,0.0,0.0,results/chips_pos16par/peanut-llc-campus-bb8d6a30/2023-08-H1.png
bb8d6a30-89d2-11f0-939a-dddb2b101045,peanut-llc-campus-bb8d6a30,Peanut Llc Campus,VA,124.0,3,positive,2026-02-H1,False,Greenfield,2023-08-H2,-59,4531,0.3672,0.03015,0.38355,0.00112,0.00363,0.61169,0.81087,-0.34298,0.15764,0.0,0.0,results/chips_pos16par/peanut-llc-campus-bb8d6a30/2023-08-H2.png
bb8d6a30-89d2-11f0-939a-dddb2b101045,peanut-llc-campus-bb8d6a30,Peanut Llc Campus,VA,124.0,3,positive,2026-02-H1,False,Greenfield,2023-09-H1,-58,12610,1.0,0.04053,0.36228,0.00047,0.0,0.63725,0.88016,-0.34549,0.14729,0.0,0.0,results/chips_pos16par/peanut-llc-campus-bb8d6a30/2023-09-H1.png
bb8d6a30-89d2-11f0-939a-dddb2b101045,peanut-llc-campus-bb8d6a30,Peanut Llc Campus,VA,124.0,3,positive,2026-02-H1,False,Greenfield,2023-10-H1,-56,12610,1.0,0.04218,0.30222,0.00035,0.0,0.69743,0.86355,-0.30357,0.14081,0.0,0.0,results/chips_pos16par/peanut-llc-campus-bb8d6a30/2023-10-H1.png
bb8d6a30-89d2-11f0-939a-dddb2b101045,peanut-llc-campus-bb8d6a30,Peanut Llc Campus,VA,124.0,3,positive,2026-02-H1,False,Greenfield,2023-10-H2,-55,12585,1.0,0.04381,0.26789,0.00152,0.0,0.73059,0.82394,-0.26706,0.13907,0.0,0.0,results/chips_pos16par/peanut-llc-campus-bb8d6a30/2023-10-H2.png
bb8d6a30-89d2-11f0-939a-dddb2b101045,peanut-llc-campus-bb8d6a30,Peanut Llc Campus,VA,124.0,3,positive,2026-02-H1,False,Greenfield,2023-11-H1,-54,12610,1.0,0.03854,0.28152,0.00134,0.0,0.71714,0.77191,-0.27187,0.14276,0.0,0.0,results/chips_pos16par/peanut-llc-campus-bb8d6a30/2023-11-H1.png
bb8d6a30-89d2-11f0-939a-dddb2b101045,peanut-llc-campus-bb8d6a30,Peanut Llc Campus,VA,124.0,3,positive,2026-02-H1,False,Greenfield,2023-11-H2,-53,12608,1.0,0.0397,0.21772,0.00195,0.0,0.78033,0.66921,-0.12767,0.15659,0.0,0.0,results/chips_pos16par/peanut-llc-campus-bb8d6a30/2023-11-H2.png
bb8d6a30-89d2-11f0-939a-dddb2b101045,peanut-llc-campus-bb8d6a30,Peanut Llc Campus,VA,124.0,3,positive,2026-02-H1,False,Greenfield,2023-12-H1,-52,12204,0.9891,0.04697,0.11537,4e-05,0.0,0.8846,0.65451,-0.08534,0.11923,0.0,0.0,results/chips_pos16par/peanut-llc-campus-bb8d6a30/2023-12-H1.png
bb8d6a30-89d2-11f0-939a-dddb2b101045,peanut-llc-campus-bb8d6a30,Peanut Llc Campus,VA,124.0,3,positive,2026-02-H1,False,Greenfield,2023-12-H2,-51,12239,0.992,0.046,0.12544,0.00196,0.0,0.8726,0.64166,-0.01454,0.13852,0.0,0.0,results/chips_pos16par/peanut-llc-campus-bb8d6a30/2023-12-H2.png
bb8d6a30-89d2-11f0-939a-dddb2b101045,peanut-llc-campus-bb8d6a30,Peanut Llc Campus,VA,124.0,3,positive,2026-02-H1,False,Greenfield,2024-01-H1,-50,12610,1.0,0.04369,0.12126,0.00247,0.0,0.87627,0.63975,-0.03026,0.13447,0.0,0.0,results/chips_pos16par/peanut-llc-campus-bb8d6a30/2024-01-H1.png
bb8d6a30-89d2-11f0-939a-dddb2b101045,peanut-llc-campus-bb8d6a30,Peanut Llc Campus,VA,124.0,3,positive,2026-02-H1,False,Greenfield,2024-01-H2,-49,12610,1.0,0.03318,0.19352,0.02956,0.0,0.77692,0.5879,-0.03322,0.1795,0.0,0.0,results/chips_pos16par/peanut-llc-campus-bb8d6a30/2024-01-H2.png
bb8d6a30-89d2-11f0-939a-dddb2b101045,peanut-llc-campus-bb8d6a30,Peanut Llc Campus,VA,124.0,3,positive,2026-02-H1,False,Greenfield,2024-02-H1,-48,12610,1.0,0.04129,0.1523,0.0127,0.0,0.835,0.62788,-0.00372,0.15996,0.0,0.0,results/chips_pos16par/peanut-llc-campus-bb8d6a30/2024-02-H1.png
bb8d6a30-89d2-11f0-939a-dddb2b101045,peanut-llc-campus-bb8d6a30,Peanut Llc Campus,VA,124.0,3,positive,2026-02-H1,False,Greenfield,2024-02-H2,-47,12610,1.0,0.04143,0.16189,0.01706,0.0,0.82106,0.61787,0.01083,0.17012,0.0,0.0,results/chips_pos16par/peanut-llc-campus-bb8d6a30/2024-02-H2.png
bb8d6a30-89d2-11f0-939a-dddb2b101045,peanut-llc-campus-bb8d6a30,Peanut Llc Campus,VA,124.0,3,positive,2026-02-H1,False,Greenfield,2024-03-H1,-46,222,0.018,0.01588,0.20297,0.04376,0.00357,0.7497,0.49449,-0.10434,0.1719,0.0,0.0,results/chips_pos16par/peanut-llc-campus-bb8d6a30/2024-03-H1.png
bb8d6a30-89d2-11f0-939a-dddb2b101045,peanut-llc-campus-bb8d6a30,Peanut Llc Campus,VA,124.0,3,positive,2026-02-H1,False,Greenfield,2024-03-H2,-45,12610,1.0,0.03359,0.19766,0.04875,0.0,0.75359,0.59497,-0.01579,0.19337,0.0,0.0,results/chips_pos16par/peanut-llc-campus-bb8d6a30/2024-03-H2.png
bb8d6a30-89d2-11f0-939a-dddb2b101045,peanut-llc-campus-bb8d6a30,Peanut Llc Campus,VA,124.0,3,positive,2026-02-H1,False,Greenfield,2024-04-H1,-44,12610,1.0,0.02509,0.32359,0.00408,1e-05,0.67233,0.76466,-0.22372,0.17326,0.0,0.0,results/chips_pos16par/peanut-llc-campus-bb8d6a30/2024-04-H1.png
bb8d6a30-89d2-11f0-939a-dddb2b101045,peanut-llc-campus-bb8d6a30,Peanut Llc Campus,VA,124.0,3,positive,2026-02-H1,False,Greenfield,2024-04-H2,-43,12610,1.0,0.03331,0.46887,0.00092,1e-05,0.53021,0.88059,-0.40216,0.15855,0.0,0.0,results/chips_pos16par/peanut-llc-campus-bb8d6a30/2024-04-H2.png
bb8d6a30-89d2-11f0-939a-dddb2b101045,peanut-llc-campus-bb8d6a30,Peanut Llc Campus,VA,124.0,3,positive,2026-02-H1,False,Greenfield,2024-05-H1,-42,1030,0.0835,0.02256,0.45486,0.0,0.0,0.54514,0.785,-0.40105,0.15725,0.0,0.0,results/chips_pos16par/peanut-llc-campus-bb8d6a30/2024-05-H1.png
bb8d6a30-89d2-11f0-939a-dddb2b101045,peanut-llc-campus-bb8d6a30,Peanut Llc Campus,VA,124.0,3,positive,2026-02-H1,False,Greenfield,2024-05-H2,-41,12604,1.0,0.03349,0.54069,0.00056,2e-05,0.45873,0.89989,-0.42505,0.16845,0.0,0.0,results/chips_pos16par/peanut-llc-campus-bb8d6a30/2024-05-H2.png
bb8d6a30-89d2-11f0-939a-dddb2b101045,peanut-llc-campus-bb8d6a30,Peanut Llc Campus,VA,124.0,3,positive,2026-02-H1,False,Greenfield,2024-06-H1,-40,11785,0.9552,0.02979,0.57066,0.00313,0.00174,0.42446,0.89474,-0.42077,0.17912,0.0,0.0,results/chips_pos16par/peanut-llc-campus-bb8d6a30/2024-06-H1.png
bb8d6a30-89d2-11f0-939a-dddb2b101045,peanut-llc-campus-bb8d6a30,Peanut Llc Campus,VA,124.0,3,positive,2026-02-H1,False,Greenfield,2024-06-H2,-39,12610,1.0,0.03242,0.52086,0.00216,7e-05,0.47691,0.89597,-0.39658,0.17435,0.0,0.0,results/chips_pos16par/peanut-llc-campus-bb8d6a30/2024-06-H2.png
bb8d6a30-89d2-11f0-939a-dddb2b101045,peanut-llc-campus-bb8d6a30,Peanut Llc Campus,VA,124.0,3,positive,2026-02-H1,False,Greenfield,2024-07-H1,-38,12596,1.0,0.0317,0.47234,0.00079,0.00014,0.52672,0.87495,-0.37197,0.17018,0.0,0.0,results/chips_pos16par/peanut-llc-campus-bb8d6a30/2024-07-H1.png
bb8d6a30-89d2-11f0-939a-dddb2b101045,peanut-llc-campus-bb8d6a30,Peanut Llc Campus,VA,124.0,3,positive,2026-02-H1,False,Greenfield,2024-07-H2,-37,12125,0.9827,0.03547,0.46294,0.00077,3e-05,0.53625,0.89897,-0.37984,0.16503,0.0,0.0,results/chips_pos16par/peanut-llc-campus-bb8d6a30/2024-07-H2.png
bb8d6a30-89d2-11f0-939a-dddb2b101045,peanut-llc-campus-bb8d6a30,Peanut Llc Campus,VA,124.0,3,positive,2026-02-H1,False,Greenfield,2024-08-H1,-36,12610,1.0,0.03799,0.41763,0.00048,1e-05,0.58188,0.90413,-0.35664,0.15974,0.0,0.0,results/chips_pos16par/peanut-llc-campus-bb8d6a30/2024-08-H1.png
bb8d6a30-89d2-11f0-939a-dddb2b101045,peanut-llc-campus-bb8d6a30,Peanut Llc Campus,VA,124.0,3,positive,2026-02-H1,False,Greenfield,2024-08-H2,-35,12599,1.0,0.04323,0.35419,0.00046,0.0,0.64535,0.90435,-0.33921,0.14664,0.0,0.0,results/chips_pos16par/peanut-llc-campus-bb8d6a30/2024-08-H2.png
bb8d6a30-89d2-11f0-939a-dddb2b101045,peanut-llc-campus-bb8d6a30,Peanut Llc Campus,VA,124.0,3,positive,2026-02-H1,False,Greenfield,2024-09-H1,-34,12610,1.0,0.03968,0.34559,0.00021,0.0,0.6542,0.86705,-0.36769,0.13713,0.0,0.0,results/chips_pos16par/peanut-llc-campus-bb8d6a30/2024-09-H1.png
bb8d6a30-89d2-11f0-939a-dddb2b101045,peanut-llc-campus-bb8d6a30,Peanut Llc Campus,VA,124.0,3,positive,2026-02-H1,False,Greenfield,2024-09-H2,-33,12604,1.0,0.0414,0.30114,9e-05,0.0,0.69876,0.86537,-0.32985,0.13429,0.0,0.0,results/chips_pos16par/peanut-llc-campus-bb8d6a30/2024-09-H2.png
bb8d6a30-89d2-11f0-939a-dddb2b101045,peanut-llc-campus-bb8d6a30,Peanut Llc Campus,VA,124.0,3,positive,2026-02-H1,False,Greenfield,2024-10-H1,-32,12610,1.0,0.04773,0.27995,4e-05,0.0,0.72001,0.89042,-0.34476,0.12338,0.0,0.0,results/chips_pos16par/peanut-llc-campus-bb8d6a30/2024-10-H1.png
bb8d6a30-89d2-11f0-939a-dddb2b101045,peanut-llc-campus-bb8d6a30,Peanut Llc Campus,VA,124.0,3,positive,2026-02-H1,False,Greenfield,2024-10-H2,-31,12610,1.0,0.04674,0.26965,5e-05,0.0,0.73031,0.86603,-0.32898,0.12427,0.0,0.0,results/chips_pos16par/peanut-llc-campus-bb8d6a30/2024-10-H2.png
bb8d6a30-89d2-11f0-939a-dddb2b101045,peanut-llc-campus-bb8d6a30,Peanut Llc Campus,VA,124.0,3,positive,2026-02-H1,False,Greenfield,2024-11-H1,-30,10546,0.8548,0.04478,0.227,0.00026,0.0,0.77274,0.7578,-0.18556,0.1441,0.0,0.0,results/chips_pos16par/peanut-llc-campus-bb8d6a30/2024-11-H1.png
bb8d6a30-89d2-11f0-939a-dddb2b101045,peanut-llc-campus-bb8d6a30,Peanut Llc Campus,VA,124.0,3,positive,2026-02-H1,False,Greenfield,2024-11-H2,-29,11810,0.9572,0.03841,0.17039,0.00453,0.0,0.82508,0.61567,-0.06789,0.15178,0.0,0.0,results/chips_pos16par/peanut-llc-campus-bb8d6a30/2024-11-H2.png
bb8d6a30-89d2-11f0-939a-dddb2b101045,peanut-llc-campus-bb8d6a30,Peanut Llc Campus,VA,124.0,3,positive,2026-02-H1,False,Greenfield,2024-12-H1,-28,12610,1.0,0.03903,0.15674,0.00687,0.0,0.83638,0.59537,-0.02075,0.15709,0.0,0.0,results/chips_pos16par/peanut-llc-campus-bb8d6a30/2024-12-H1.png
bb8d6a30-89d2-11f0-939a-dddb2b101045,peanut-llc-campus-bb8d6a30,Peanut Llc Campus,VA,124.0,3,positive,2026-02-H1,False,Greenfield,2024-12-H2,-27,12610,1.0,0.04382,0.12808,0.00324,0.0,0.86868,0.64148,-0.00907,0.14246,0.0,0.0,results/chips_pos16par/peanut-llc-campus-bb8d6a30/2024-12-H2.png
bb8d6a30-89d2-11f0-939a-dddb2b101045,peanut-llc-campus-bb8d6a30,Peanut Llc Campus,VA,124.0,3,positive,2026-02-H1,False,Greenfield,2025-01-H1,-26,12130,0.9831,0.03072,0.15947,0.00121,0.00325,0.83607,0.54371,-0.20696,0.11957,0.0,0.0,results/chips_pos16par/peanut-llc-campus-bb8d6a30/2025-01-H1.png
bb8d6a30-89d2-11f0-939a-dddb2b101045,peanut-llc-campus-bb8d6a30,Peanut Llc Campus,VA,124.0,3,positive,2026-02-H1,False,Greenfield,2025-01-H2,-25,12610,1.0,0.0406,0.14979,0.01559,0.0,0.83462,0.60866,0.01411,0.16431,0.0,0.0,results/chips_pos16par/peanut-llc-campus-bb8d6a30/2025-01-H2.png
bb8d6a30-89d2-11f0-939a-dddb2b101045,peanut-llc-campus-bb8d6a30,Peanut Llc Campus,VA,124.0,3,positive,2026-02-H1,False,Greenfield,2025-02-H1,-24,12610,1.0,0.03853,0.15499,0.01851,0.0,0.8265,0.5745,0.01837,0.16981,0.0,0.0,results/chips_pos16par/peanut-llc-campus-bb8d6a30/2025-02-H1.png
bb8d6a30-89d2-11f0-939a-dddb2b101045,peanut-llc-campus-bb8d6a30,Peanut Llc Campus,VA,124.0,3,positive,2026-02-H1,False,Greenfield,2025-02-H2,-23,12610,1.0,0.037,0.17105,0.04464,0.0,0.78431,0.58462,0.00768,0.18486,0.0,0.0,results/chips_pos16par/peanut-llc-campus-bb8d6a30/2025-02-H2.png
bb8d6a30-89d2-11f0-939a-dddb2b101045,peanut-llc-campus-bb8d6a30,Peanut Llc Campus,VA,124.0,3,positive,2026-02-H1,False,Greenfield,2025-03-H1,-22,12610,1.0,0.0365,0.1706,0.06576,1e-05,0.76364,0.56065,0.01555,0.19453,0.0,0.0,results/chips_pos16par/peanut-llc-campus-bb8d6a30/2025-03-H1.png
bb8d6a30-89d2-11f0-939a-dddb2b101045,peanut-llc-campus-bb8d6a30,Peanut Llc Campus,VA,124.0,3,positive,2026-02-H1,False,Greenfield,2025-03-H2,-21,12610,1.0,0.03555,0.17,0.1625,1e-05,0.66749,0.49038,0.06622,0.24549,1200.08865,0.0,results/chips_pos16par/peanut-llc-campus-bb8d6a30/2025-03-H2.png
bb8d6a30-89d2-11f0-939a-dddb2b101045,peanut-llc-campus-bb8d6a30,Peanut Llc Campus,VA,124.0,3,positive,2026-02-H1,False,Greenfield,2025-04-H1,-20,12610,1.0,0.02782,0.23722,0.1266,2e-05,0.63616,0.586,-0.08306,0.21957,400.02955,0.0,results/chips_pos16par/peanut-llc-campus-bb8d6a30/2025-04-H1.png
bb8d6a30-89d2-11f0-939a-dddb2b101045,peanut-llc-campus-bb8d6a30,Peanut Llc Campus,VA,124.0,3,positive,2026-02-H1,False,Greenfield,2025-04-H2,-19,8592,0.6964,0.02554,0.29543,0.16031,7e-05,0.54419,0.5947,-0.11443,0.24157,18601.374,0.0,results/chips_pos16par/peanut-llc-campus-bb8d6a30/2025-04-H2.png
bb8d6a30-89d2-11f0-939a-dddb2b101045,peanut-llc-campus-bb8d6a30,Peanut Llc Campus,VA,124.0,3,positive,2026-02-H1,False,Greenfield,2025-05-H1,-18,12610,1.0,0.03278,0.33526,0.14296,4e-05,0.52175,0.64532,-0.16367,0.22938,0.0,0.0,results/chips_pos16par/peanut-llc-campus-bb8d6a30/2025-05-H1.png
bb8d6a30-89d2-11f0-939a-dddb2b101045,peanut-llc-campus-bb8d6a30,Peanut Llc Campus,VA,124.0,3,positive,2026-02-H1,False,Greenfield,2025-05-H2,-17,12610,1.0,0.03017,0.3466,0.19584,0.0001,0.45746,0.64303,-0.15318,0.25469,173612.824,0.0,results/chips_pos16par/peanut-llc-campus-bb8d6a30/2025-05-H2.png
bb8d6a30-89d2-11f0-939a-dddb2b101045,peanut-llc-campus-bb8d6a30,Peanut Llc Campus,VA,124.0,3,positive,2026-02-H1,False,Greenfield,2025-06-H1,-16,12610,1.0,0.02679,0.31673,0.20627,7e-05,0.47693,0.601,-0.10418,0.26667,142610.534,0.0,results/chips_pos16par/peanut-llc-campus-bb8d6a30/2025-06-H1.png
bb8d6a30-89d2-11f0-939a-dddb2b101045,peanut-llc-campus-bb8d6a30,Peanut Llc Campus,VA,124.0,3,positive,2026-02-H1,False,Greenfield,2025-06-H2,-15,12604,1.0,0.0327,0.26422,0.21497,3e-05,0.52077,0.58418,-0.0292,0.27223,43803.23555,0.0,results/chips_pos16par/peanut-llc-campus-bb8d6a30/2025-06-H2.png
bb8d6a30-89d2-11f0-939a-dddb2b101045,peanut-llc-campus-bb8d6a30,Peanut Llc Campus,VA,124.0,3,positive,2026-02-H1,False,Greenfield,2025-07-H1,-14,12610,1.0,0.03745,0.22615,0.25356,5e-05,0.52024,0.54044,0.04607,0.29447,50503.73048,0.0,results/chips_pos16par/peanut-llc-campus-bb8d6a30/2025-07-H1.png
bb8d6a30-89d2-11f0-939a-dddb2b101045,peanut-llc-campus-bb8d6a30,Peanut Llc Campus,VA,124.0,3,positive,2026-02-H1,False,Greenfield,2025-07-H2,-13,12604,1.0,0.03882,0.21799,0.25327,0.00025,0.52848,0.54009,0.05673,0.29592,85906.34551,0.0,results/chips_pos16par/peanut-llc-campus-bb8d6a30/2025-07-H2.png
bb8d6a30-89d2-11f0-939a-dddb2b101045,peanut-llc-campus-bb8d6a30,Peanut Llc Campus,VA,124.0,3,positive,2026-02-H1,False,Greenfield,2025-08-H1,-12,12604,1.0,0.03377,0.24108,0.22435,0.00019,0.53438,0.5523,0.01573,0.2809,44403.27987,0.0,results/chips_pos16par/peanut-llc-campus-bb8d6a30/2025-08-H1.png
bb8d6a30-89d2-11f0-939a-dddb2b101045,peanut-llc-campus-bb8d6a30,Peanut Llc Campus,VA,124.0,3,positive,2026-02-H1,False,Greenfield,2025-08-H2,-11,12610,1.0,0.03355,0.26056,0.18098,0.00022,0.55823,0.61346,-0.03711,0.25657,34202.52639,0.0,results/chips_pos16par/peanut-llc-campus-bb8d6a30/2025-08-H2.png
bb8d6a30-89d2-11f0-939a-dddb2b101045,peanut-llc-campus-bb8d6a30,Peanut Llc Campus,VA,124.0,3,positive,2026-02-H1,False,Greenfield,2025-09-H1,-10,9558,0.7747,0.03772,0.22569,0.17252,0.00028,0.60151,0.58721,-0.00452,0.24939,24001.7729,0.0,results/chips_pos16par/peanut-llc-campus-bb8d6a30/2025-09-H1.png
bb8d6a30-89d2-11f0-939a-dddb2b101045,peanut-llc-campus-bb8d6a30,Peanut Llc Campus,VA,124.0,3,positive,2026-02-H1,False,Greenfield,2025-10-H1,-8,12610,1.0,0.03798,0.21663,0.12242,5e-05,0.6609,0.62517,-0.01154,0.22512,2600.19206,0.0,results/chips_pos16par/peanut-llc-campus-bb8d6a30/2025-10-H1.png
bb8d6a30-89d2-11f0-939a-dddb2b101045,peanut-llc-campus-bb8d6a30,Peanut Llc Campus,VA,124.0,3,positive,2026-02-H1,False,Greenfield,2025-10-H2,-7,12608,1.0,0.03995,0.21589,0.10961,3e-05,0.67447,0.63504,-0.02241,0.21664,1600.11819,0.0,results/chips_pos16par/peanut-llc-campus-bb8d6a30/2025-10-H2.png
bb8d6a30-89d2-11f0-939a-dddb2b101045,peanut-llc-campus-bb8d6a30,Peanut Llc Campus,VA,124.0,3,positive,2026-02-H1,False,Greenfield,2025-11-H1,-6,12608,1.0,0.03843,0.16905,0.11728,0.0,0.71368,0.49377,0.06872,0.22404,0.0,0.0,results/chips_pos16par/peanut-llc-campus-bb8d6a30/2025-11-H1.png
bb8d6a30-89d2-11f0-939a-dddb2b101045,peanut-llc-campus-bb8d6a30,Peanut Llc Campus,VA,124.0,3,positive,2026-02-H1,False,Greenfield,2025-12-H1,-4,4123,0.3342,0.0196,0.08682,0.11403,0.00028,0.79888,0.31286,0.06528,0.18104,0.0,0.0,results/chips_pos16par/peanut-llc-campus-bb8d6a30/2025-12-H1.png
bb8d6a30-89d2-11f0-939a-dddb2b101045,peanut-llc-campus-bb8d6a30,Peanut Llc Campus,VA,124.0,3,positive,2026-02-H1,False,Greenfield,2025-12-H2,-3,12489,1.0,0.04025,0.11461,0.09391,0.00122,0.79026,0.39828,0.11534,0.1996,0.0,0.0,results/chips_pos16par/peanut-llc-campus-bb8d6a30/2025-12-H2.png
bb8d6a30-89d2-11f0-939a-dddb2b101045,peanut-llc-campus-bb8d6a30,Peanut Llc Campus,VA,124.0,3,positive,2026-02-H1,False,Greenfield,2026-01-H1,-2,12470,1.0,0.03565,0.09015,0.17634,0.0009,0.73262,0.35664,0.1497,0.22682,7000.5171,0.0,results/chips_pos16par/peanut-llc-campus-bb8d6a30/2026-01-H1.png
bb8d6a30-89d2-11f0-939a-dddb2b101045,peanut-llc-campus-bb8d6a30,Peanut Llc Campus,VA,124.0,3,positive,2026-02-H1,False,Greenfield,2026-01-H2,-1,10608,0.8598,0.03934,0.11792,0.02248,0.00192,0.85769,0.38281,0.05017,0.15888,0.0,0.0,results/chips_pos16par/peanut-llc-campus-bb8d6a30/2026-01-H2.png
bb8d6a30-89d2-11f0-939a-dddb2b101045,peanut-llc-campus-bb8d6a30,Peanut Llc Campus,VA,124.0,3,positive,2026-02-H1,False,Greenfield,2026-02-H1,0,12610,1.0,0.02962,0.1061,0.08862,0.00379,0.80149,0.30399,0.05707,0.18044,200.01477,0.0,results/chips_pos16par/peanut-llc-campus-bb8d6a30/2026-02-H1.png
bb8d6a30-89d2-11f0-939a-dddb2b101045,peanut-llc-campus-bb8d6a30,Peanut Llc Campus,VA,124.0,3,positive,2026-02-H1,False,Greenfield,2026-02-H2,1,12610,1.0,0.02837,0.10991,0.07839,0.01315,0.79855,0.25827,0.02874,0.18083,0.0,0.0,results/chips_pos16par/peanut-llc-campus-bb8d6a30/2026-02-H2.png
bb8d6a30-89d2-11f0-939a-dddb2b101045,peanut-llc-campus-bb8d6a30,Peanut Llc Campus,VA,124.0,3,positive,2026-02-H1,False,Greenfield,2026-03-H1,2,12610,1.0,0.02624,0.09434,0.25157,0.02347,0.63063,0.24211,0.085,0.25537,63104.66126,0.0,results/chips_pos16par/peanut-llc-campus-bb8d6a30/2026-03-H1.png
bb8d6a30-89d2-11f0-939a-dddb2b101045,peanut-llc-campus-bb8d6a30,Peanut Llc Campus,VA,124.0,3,positive,2026-02-H1,False,Greenfield,2026-03-H2,3,12610,1.0,0.02649,0.09285,0.31409,0.03819,0.55487,0.23478,0.07982,0.28492,188513.92467,0.0,results/chips_pos16par/peanut-llc-campus-bb8d6a30/2026-03-H2.png
bb8d6a30-89d2-11f0-939a-dddb2b101045,peanut-llc-campus-bb8d6a30,Peanut Llc Campus,VA,124.0,3,positive,2026-02-H1,False,Greenfield,2026-04-H1,4,12096,0.9804,0.02509,0.14196,0.47618,0.07729,0.30457,0.30071,-0.00379,0.36131,705652.12334,700.05171,results/chips_pos16par/peanut-llc-campus-bb8d6a30/2026-04-H1.png
bb8d6a30-89d2-11f0-939a-dddb2b101045,peanut-llc-campus-bb8d6a30,Peanut Llc Campus,VA,124.0,3,positive,2026-02-H1,False,Greenfield,2026-04-H2,5,12610,1.0,0.02406,0.18151,0.4193,0.08506,0.31412,0.32062,-0.04909,0.34408,676649.98108,600.04432,results/chips_pos16par/peanut-llc-campus-bb8d6a30/2026-04-H2.png
bb8d6a30-89d2-11f0-939a-dddb2b101045,peanut-llc-campus-bb8d6a30,Peanut Llc Campus,VA,124.0,3,positive,2026-02-H1,False,Greenfield,2026-05-H1,6,12610,1.0,0.02599,0.17764,0.46164,0.10015,0.26057,0.31642,-0.04863,0.3643,712052.59611,1300.09603,results/chips_pos16par/peanut-llc-campus-bb8d6a30/2026-05-H1.png
bb8d6a30-89d2-11f0-939a-dddb2b101045,peanut-llc-campus-bb8d6a30,Peanut Llc Campus,VA,124.0,3,positive,2026-02-H1,False,Greenfield,2026-05-H2,7,12604,1.0,0.02604,0.20017,0.24068,0.08115,0.478,0.32075,-0.08273,0.27704,97207.18026,1000.07387,results/chips_pos16par/peanut-llc-campus-bb8d6a30/2026-05-H2.png
bb8d6a30-89d2-11f0-939a-dddb2b101045,peanut-llc-campus-bb8d6a30,Peanut Llc Campus,VA,124.0,3,positive,2026-02-H1,False,Greenfield,2026-06-H1,8,12610,1.0,0.02754,0.16889,0.45309,0.11478,0.26324,0.30652,-0.04781,0.36885,690551.00788,1200.08865,results/chips_pos16par/peanut-llc-campus-bb8d6a30/2026-06-H1.png
bb8d6a30-89d2-11f0-939a-dddb2b101045,peanut-llc-campus-bb8d6a30,Peanut Llc Campus,VA,124.0,3,positive,2026-02-H1,False,Greenfield,2026-06-H2,9,9535,0.7728,0.0239,0.2086,0.33209,0.14389,0.31542,0.31846,-0.07416,0.34818,358026.4458,1600.11819,results/chips_pos16par/peanut-llc-campus-bb8d6a30/2026-06-H2.png
bb8d6a30-89d2-11f0-939a-dddb2b101045,peanut-llc-campus-bb8d6a30,Peanut Llc Campus,VA,124.0,3,positive,2026-02-H1,False,Greenfield,2026-07-H1,10,12610,1.0,0.02748,0.14522,0.45315,0.12007,0.28155,0.27617,-0.01272,0.37536,687050.74934,2600.19206,results/chips_pos16par/peanut-llc-campus-bb8d6a30/2026-07-H1.png
bb8d6a30-89d2-11f0-939a-dddb2b101045,peanut-llc-campus-bb8d6a30,Peanut Llc Campus,VA,124.0,3,positive,2026-02-H1,False,Greenfield,2026-08-H1,12,12557,1.0,0.02731,0.13927,0.40263,0.07949,0.37861,0.29532,-0.00214,0.34008,617145.58576,1800.13297,results/chips_pos16par/peanut-llc-campus-bb8d6a30/2026-08-H1.png
bb8d6a30-89d2-11f0-939a-dddb2b101045,peanut-llc-campus-bb8d6a30,Peanut Llc Campus,VA,124.0,3,positive,2026-02-H1,False,Greenfield,2026-08-H2,13,12557,1.0,0.03119,0.15277,0.10283,0.07695,0.66745,0.27891,-0.09389,0.21133,1000.07387,1700.12558,results/chips_pos16par/peanut-llc-campus-bb8d6a30/2026-08-H2.png
bb8d6a30-89d2-11f0-939a-dddb2b101045,peanut-llc-campus-bb8d6a30,Peanut Llc Campus,VA,124.0,3,positive,2026-02-H1,False,Greenfield,2026-09-H1,14,12557,1.0,0.02551,0.13831,0.39551,0.08947,0.37672,0.30476,-0.00994,0.33788,607644.88398,1400.10342,results/chips_pos16par/peanut-llc-campus-bb8d6a30/2026-09-H1.png
5facf650-c4b9-11f0-979a-9783db8f6ae5,qts-eagle-mountain-i-dc3-llc-campus-5facf650,Qts Eagle Mountain I Dc3 Llc Campus,UT,32.18,5,positive,2025-10-H2,False,Greenfield,2023-02-H2,-64,3180,1.0,0.01284,0.00294,0.36774,0.19577,0.43355,0.07774,0.04433,0.342,21115.54305,909.28176,results/chips_pos16par/qts-eagle-mountain-i-dc3-llc-campus-5facf650/2023-02-H2.png
5facf650-c4b9-11f0-979a-9783db8f6ae5,qts-eagle-mountain-i-dc3-llc-campus-5facf650,Qts Eagle Mountain I Dc3 Llc Campus,UT,32.18,5,positive,2025-10-H2,False,Greenfield,2023-03-H1,-63,2856,0.8981,0.02068,0.04754,1e-05,0.16116,0.79129,0.07748,-0.1893,0.15956,0.0,0.0,results/chips_pos16par/qts-eagle-mountain-i-dc3-llc-campus-5facf650/2023-03-H1.png
5facf650-c4b9-11f0-979a-9783db8f6ae5,qts-eagle-mountain-i-dc3-llc-campus-5facf650,Qts Eagle Mountain I Dc3 Llc Campus,UT,32.18,5,positive,2025-10-H2,False,Greenfield,2023-03-H2,-62,3180,1.0,0.00914,0.03124,0.22656,0.21486,0.52734,0.09242,-0.01132,0.3009,0.0,0.0,results/chips_pos16par/qts-eagle-mountain-i-dc3-llc-campus-5facf650/2023-03-H2.png
5facf650-c4b9-11f0-979a-9783db8f6ae5,qts-eagle-mountain-i-dc3-llc-campus-5facf650,Qts Eagle Mountain I Dc3 Llc Campus,UT,32.18,5,positive,2025-10-H2,False,Greenfield,2023-04-H1,-61,3180,1.0,0.01015,0.01192,0.49525,0.11045,0.38238,0.11812,0.09249,0.35969,112346.81279,0.0,results/chips_pos16par/qts-eagle-mountain-i-dc3-llc-campus-5facf650/2023-04-H1.png
5facf650-c4b9-11f0-979a-9783db8f6ae5,qts-eagle-mountain-i-dc3-llc-campus-5facf650,Qts Eagle Mountain I Dc3 Llc Campus,UT,32.18,5,positive,2025-10-H2,False,Greenfield,2023-04-H2,-60,3180,1.0,0.00692,0.01313,0.50894,0.14396,0.33397,0.10771,0.0915,0.38828,164782.06084,0.0,results/chips_pos16par/qts-eagle-mountain-i-dc3-llc-campus-5facf650/2023-04-H2.png
5facf650-c4b9-11f0-979a-9783db8f6ae5,qts-eagle-mountain-i-dc3-llc-campus-5facf650,Qts Eagle Mountain I Dc3 Llc Campus,UT,32.18,5,positive,2025-10-H2,False,Greenfield,2023-05-H1,-59,3180,1.0,0.01059,0.0075,0.59934,0.15559,0.23756,0.10842,0.10004,0.42744,320875.42933,0.0,results/chips_pos16par/qts-eagle-mountain-i-dc3-llc-campus-5facf650/2023-05-H1.png
5facf650-c4b9-11f0-979a-9783db8f6ae5,qts-eagle-mountain-i-dc3-llc-campus-5facf650,Qts Eagle Mountain I Dc3 Llc Campus,UT,32.18,5,positive,2025-10-H2,False,Greenfield,2023-05-H2,-58,3180,1.0,0.00664,0.04098,0.57416,0.16166,0.22319,0.13478,0.07645,0.43123,309559.92301,0.0,results/chips_pos16par/qts-eagle-mountain-i-dc3-llc-campus-5facf650/2023-05-H2.png
5facf650-c4b9-11f0-979a-9783db8f6ae5,qts-eagle-mountain-i-dc3-llc-campus-5facf650,Qts Eagle Mountain I Dc3 Llc Campus,UT,32.18,5,positive,2025-10-H2,False,Greenfield,2023-06-H1,-57,3180,1.0,0.00568,0.07844,0.42293,0.12252,0.37611,0.15577,0.05659,0.36372,10507.25587,0.0,results/chips_pos16par/qts-eagle-mountain-i-dc3-llc-campus-5facf650/2023-06-H1.png
5facf650-c4b9-11f0-979a-9783db8f6ae5,qts-eagle-mountain-i-dc3-llc-campus-5facf650,Qts Eagle Mountain I Dc3 Llc Campus,UT,32.18,5,positive,2025-10-H2,False,Greenfield,2023-06-H2,-56,3084,0.9698,0.01015,0.07453,0.59848,0.22695,0.10004,0.16314,0.03788,0.47609,291273.25654,0.0,results/chips_pos16par/qts-eagle-mountain-i-dc3-llc-campus-5facf650/2023-06-H2.png
5facf650-c4b9-11f0-979a-9783db8f6ae5,qts-eagle-mountain-i-dc3-llc-campus-5facf650,Qts Eagle Mountain I Dc3 Llc Campus,UT,32.18,5,positive,2025-10-H2,False,Greenfield,2023-07-H1,-55,2800,0.8805,0.0133,0.0712,0.6016,0.24123,0.08597,0.16328,0.0295,0.47905,261367.98982,0.0,results/chips_pos16par/qts-eagle-mountain-i-dc3-llc-campus-5facf650/2023-07-H1.png
5facf650-c4b9-11f0-979a-9783db8f6ae5,qts-eagle-mountain-i-dc3-llc-campus-5facf650,Qts Eagle Mountain I Dc3 Llc Campus,UT,32.18,5,positive,2025-10-H2,False,Greenfield,2023-07-H2,-54,2703,0.85,0.0095,0.05992,0.58792,0.23934,0.11281,0.14806,0.04368,0.47711,250557.64003,0.0,results/chips_pos16par/qts-eagle-mountain-i-dc3-llc-campus-5facf650/2023-07-H2.png
5facf650-c4b9-11f0-979a-9783db8f6ae5,qts-eagle-mountain-i-dc3-llc-campus-5facf650,Qts Eagle Mountain I Dc3 Llc Campus,UT,32.18,5,positive,2025-10-H2,False,Greenfield,2023-08-H1,-53,3084,0.9698,0.01162,0.04334,0.57503,0.1704,0.21123,0.14535,0.0636,0.42964,282180.43895,0.0,results/chips_pos16par/qts-eagle-mountain-i-dc3-llc-campus-5facf650/2023-08-H1.png
5facf650-c4b9-11f0-979a-9783db8f6ae5,qts-eagle-mountain-i-dc3-llc-campus-5facf650,Qts Eagle Mountain I Dc3 Llc Campus,UT,32.18,5,positive,2025-10-H2,False,Greenfield,2023-08-H2,-52,2979,0.9368,0.01248,0.10058,0.5151,0.14924,0.23508,0.21753,0.02277,0.40383,205194.58343,0.0,results/chips_pos16par/qts-eagle-mountain-i-dc3-llc-campus-5facf650/2023-08-H2.png
5facf650-c4b9-11f0-979a-9783db8f6ae5,qts-eagle-mountain-i-dc3-llc-campus-5facf650,Qts Eagle Mountain I Dc3 Llc Campus,UT,32.18,5,positive,2025-10-H2,False,Greenfield,2023-09-H1,-51,3180,1.0,0.00821,0.13064,0.4282,0.12621,0.31495,0.24288,0.00698,0.36863,51728.02891,0.0,results/chips_pos16par/qts-eagle-mountain-i-dc3-llc-campus-5facf650/2023-09-H1.png
5facf650-c4b9-11f0-979a-9783db8f6ae5,qts-eagle-mountain-i-dc3-llc-campus-5facf650,Qts Eagle Mountain I Dc3 Llc Campus,UT,32.18,5,positive,2025-10-H2,False,Greenfield,2023-09-H2,-50,3180,1.0,0.00972,0.11806,0.49166,0.15373,0.23655,0.21482,0.02113,0.40629,159225.33899,0.0,results/chips_pos16par/qts-eagle-mountain-i-dc3-llc-campus-5facf650/2023-09-H2.png
5facf650-c4b9-11f0-979a-9783db8f6ae5,qts-eagle-mountain-i-dc3-llc-campus-5facf650,Qts Eagle Mountain I Dc3 Llc Campus,UT,32.18,5,positive,2025-10-H2,False,Greenfield,2023-10-H1,-49,3180,1.0,0.00841,0.09426,0.5063,0.13319,0.26625,0.20043,0.04952,0.40102,177107.88023,0.0,results/chips_pos16par/qts-eagle-mountain-i-dc3-llc-campus-5facf650/2023-10-H1.png
5facf650-c4b9-11f0-979a-9783db8f6ae5,qts-eagle-mountain-i-dc3-llc-campus-5facf650,Qts Eagle Mountain I Dc3 Llc Campus,UT,32.18,5,positive,2025-10-H2,False,Greenfield,2023-10-H2,-48,3180,1.0,0.00789,0.07693,0.53112,0.12182,0.27012,0.18606,0.07067,0.40446,247324.63822,0.0,results/chips_pos16par/qts-eagle-mountain-i-dc3-llc-campus-5facf650/2023-10-H2.png
5facf650-c4b9-11f0-979a-9783db8f6ae5,qts-eagle-mountain-i-dc3-llc-campus-5facf650,Qts Eagle Mountain I Dc3 Llc Campus,UT,32.18,5,positive,2025-10-H2,False,Greenfield,2023-11-H1,-47,3180,1.0,0.00823,0.09633,0.46173,0.07242,0.36951,0.1978,0.06284,0.35495,54354.84288,0.0,results/chips_pos16par/qts-eagle-mountain-i-dc3-llc-campus-5facf650/2023-11-H1.png
5facf650-c4b9-11f0-979a-9783db8f6ae5,qts-eagle-mountain-i-dc3-llc-campus-5facf650,Qts Eagle Mountain I Dc3 Llc Campus,UT,32.18,5,positive,2025-10-H2,False,Greenfield,2023-11-H2,-46,3180,1.0,0.01039,0.14683,0.12336,0.07121,0.6586,0.22472,-0.05961,0.22512,0.0,0.0,results/chips_pos16par/qts-eagle-mountain-i-dc3-llc-campus-5facf650/2023-11-H2.png
5facf650-c4b9-11f0-979a-9783db8f6ae5,qts-eagle-mountain-i-dc3-llc-campus-5facf650,Qts Eagle Mountain I Dc3 Llc Campus,UT,32.18,5,positive,2025-10-H2,False,Greenfield,2023-12-H1,-45,3180,1.0,0.01572,0.12879,0.21004,0.00627,0.65489,0.24053,0.03848,0.2357,0.0,0.0,results/chips_pos16par/qts-eagle-mountain-i-dc3-llc-campus-5facf650/2023-12-H1.png
5facf650-c4b9-11f0-979a-9783db8f6ae5,qts-eagle-mountain-i-dc3-llc-campus-5facf650,Qts Eagle Mountain I Dc3 Llc Campus,UT,32.18,5,positive,2025-10-H2,False,Greenfield,2023-12-H2,-44,3180,1.0,0.00832,0.07779,0.39478,0.03444,0.49299,0.18004,0.08021,0.30512,5152.59663,0.0,results/chips_pos16par/qts-eagle-mountain-i-dc3-llc-campus-5facf650/2023-12-H2.png
5facf650-c4b9-11f0-979a-9783db8f6ae5,qts-eagle-mountain-i-dc3-llc-campus-5facf650,Qts Eagle Mountain I Dc3 Llc Campus,UT,32.18,5,positive,2025-10-H2,False,Greenfield,2024-01-H1,-43,3180,1.0,0.00778,0.07495,0.40784,0.06359,0.45361,0.16641,0.07423,0.32542,12527.882,0.0,results/chips_pos16par/qts-eagle-mountain-i-dc3-llc-campus-5facf650/2024-01-H1.png
5facf650-c4b9-11f0-979a-9783db8f6ae5,qts-eagle-mountain-i-dc3-llc-campus-5facf650,Qts Eagle Mountain I Dc3 Llc Campus,UT,32.18,5,positive,2025-10-H2,False,Greenfield,2024-01-H2,-42,3180,1.0,0.01184,0.10209,0.08523,0.03367,0.77901,0.17439,-0.01499,0.18425,0.0,0.0,results/chips_pos16par/qts-eagle-mountain-i-dc3-llc-campus-5facf650/2024-01-H2.png
5facf650-c4b9-11f0-979a-9783db8f6ae5,qts-eagle-mountain-i-dc3-llc-campus-5facf650,Qts Eagle Mountain I Dc3 Llc Campus,UT,32.18,5,positive,2025-10-H2,False,Greenfield,2024-02-H1,-41,2280,0.717,0.00464,0.06126,0.32088,0.04233,0.57553,0.16343,0.08877,0.27969,0.0,0.0,results/chips_pos16par/qts-eagle-mountain-i-dc3-llc-campus-5facf650/2024-02-H1.png
5facf650-c4b9-11f0-979a-9783db8f6ae5,qts-eagle-mountain-i-dc3-llc-campus-5facf650,Qts Eagle Mountain I Dc3 Llc Campus,UT,32.18,5,positive,2025-10-H2,False,Greenfield,2024-02-H2,-40,977,0.3072,0.00829,0.03124,0.09624,0.10483,0.76769,0.09065,-0.02784,0.19027,0.0,0.0,results/chips_pos16par/qts-eagle-mountain-i-dc3-llc-campus-5facf650/2024-02-H2.png
5facf650-c4b9-11f0-979a-9783db8f6ae5,qts-eagle-mountain-i-dc3-llc-campus-5facf650,Qts Eagle Mountain I Dc3 Llc Campus,UT,32.18,5,positive,2025-10-H2,False,Greenfield,2024-03-H2,-38,3180,1.0,0.00743,0.03672,0.50168,0.0533,0.40831,0.15817,0.11161,0.34478,127804.60268,0.0,results/chips_pos16par/qts-eagle-mountain-i-dc3-llc-campus-5facf650/2024-03-H2.png
5facf650-c4b9-11f0-979a-9783db8f6ae5,qts-eagle-mountain-i-dc3-llc-campus-5facf650,Qts Eagle Mountain I Dc3 Llc Campus,UT,32.18,5,positive,2025-10-H2,False,Greenfield,2024-04-H1,-37,3180,1.0,0.01039,0.03051,0.53533,0.16147,0.27269,0.12488,0.0785,0.40787,248941.13913,0.0,results/chips_pos16par/qts-eagle-mountain-i-dc3-llc-campus-5facf650/2024-04-H1.png
5facf650-c4b9-11f0-979a-9783db8f6ae5,qts-eagle-mountain-i-dc3-llc-campus-5facf650,Qts Eagle Mountain I Dc3 Llc Campus,UT,32.18,5,positive,2025-10-H2,False,Greenfield,2024-04-H2,-36,2812,0.8843,0.01061,0.03645,0.45486,0.17069,0.33801,0.1196,0.05363,0.37762,86987.95487,0.0,results/chips_pos16par/qts-eagle-mountain-i-dc3-llc-campus-5facf650/2024-04-H2.png
5facf650-c4b9-11f0-979a-9783db8f6ae5,qts-eagle-mountain-i-dc3-llc-campus-5facf650,Qts Eagle Mountain I Dc3 Llc Campus,UT,32.18,5,positive,2025-10-H2,False,Greenfield,2024-05-H1,-35,3180,1.0,0.01316,0.04238,0.53246,0.18584,0.23931,0.1312,0.05759,0.41675,245910.19993,0.0,results/chips_pos16par/qts-eagle-mountain-i-dc3-llc-campus-5facf650/2024-05-H1.png
5facf650-c4b9-11f0-979a-9783db8f6ae5,qts-eagle-mountain-i-dc3-llc-campus-5facf650,Qts Eagle Mountain I Dc3 Llc Campus,UT,32.18,5,positive,2025-10-H2,False,Greenfield,2024-06-H1,-33,3068,0.9648,0.01682,0.00938,0.6181,0.23381,0.1387,0.09401,0.07513,0.46779,275310.31012,0.0,results/chips_pos16par/qts-eagle-mountain-i-dc3-llc-campus-5facf650/2024-06-H1.png
5facf650-c4b9-11f0-979a-9783db8f6ae5,qts-eagle-mountain-i-dc3-llc-campus-5facf650,Qts Eagle Mountain I Dc3 Llc Campus,UT,32.18,5,positive,2025-10-H2,False,Greenfield,2024-06-H2,-32,3068,0.9648,0.01817,0.00296,0.65188,0.24539,0.09977,0.07877,0.08744,0.4882,283291.78333,0.0,results/chips_pos16par/qts-eagle-mountain-i-dc3-llc-campus-5facf650/2024-06-H2.png
5facf650-c4b9-11f0-979a-9783db8f6ae5,qts-eagle-mountain-i-dc3-llc-campus-5facf650,Qts Eagle Mountain I Dc3 Llc Campus,UT,32.18,5,positive,2025-10-H2,False,Greenfield,2024-07-H1,-31,3068,0.9648,0.0187,0.00588,0.6299,0.25622,0.10799,0.08507,0.07068,0.48143,279351.56237,0.0,results/chips_pos16par/qts-eagle-mountain-i-dc3-llc-campus-5facf650/2024-07-H1.png
5facf650-c4b9-11f0-979a-9783db8f6ae5,qts-eagle-mountain-i-dc3-llc-campus-5facf650,Qts Eagle Mountain I Dc3 Llc Campus,UT,32.18,5,positive,2025-10-H2,False,Greenfield,2024-07-H2,-30,3180,1.0,0.01467,0.01095,0.60478,0.24124,0.14304,0.08386,0.07347,0.4694,284504.159,0.0,results/chips_pos16par/qts-eagle-mountain-i-dc3-llc-campus-5facf650/2024-07-H2.png
5facf650-c4b9-11f0-979a-9783db8f6ae5,qts-eagle-mountain-i-dc3-llc-campus-5facf650,Qts Eagle Mountain I Dc3 Llc Campus,UT,32.18,5,positive,2025-10-H2,False,Greenfield,2024-08-H1,-29,3180,1.0,0.01232,0.01366,0.5537,0.2084,0.22424,0.08373,0.07899,0.43572,260054.58284,0.0,results/chips_pos16par/qts-eagle-mountain-i-dc3-llc-campus-5facf650/2024-08-H1.png
5facf650-c4b9-11f0-979a-9783db8f6ae5,qts-eagle-mountain-i-dc3-llc-campus-5facf650,Qts Eagle Mountain I Dc3 Llc Campus,UT,32.18,5,positive,2025-10-H2,False,Greenfield,2024-08-H2,-28,3180,1.0,0.0209,0.00548,0.56676,0.24733,0.18042,0.06654,0.06561,0.44663,253588.57923,0.0,results/chips_pos16par/qts-eagle-mountain-i-dc3-llc-campus-5facf650/2024-08-H2.png
5facf650-c4b9-11f0-979a-9783db8f6ae5,qts-eagle-mountain-i-dc3-llc-campus-5facf650,Qts Eagle Mountain I Dc3 Llc Campus,UT,32.18,5,positive,2025-10-H2,False,Greenfield,2024-09-H1,-27,2929,0.9211,0.02173,0.0032,0.54343,0.22481,0.22856,0.06391,0.06284,0.42178,205194.58343,0.0,results/chips_pos16par/qts-eagle-mountain-i-dc3-llc-campus-5facf650/2024-09-H1.png
5facf650-c4b9-11f0-979a-9783db8f6ae5,qts-eagle-mountain-i-dc3-llc-campus-5facf650,Qts Eagle Mountain I Dc3 Llc Campus,UT,32.18,5,positive,2025-10-H2,False,Greenfield,2024-09-H2,-26,3180,1.0,0.02393,0.00028,0.54749,0.23373,0.21849,0.04602,0.08182,0.42829,249042.17043,0.0,results/chips_pos16par/qts-eagle-mountain-i-dc3-llc-campus-5facf650/2024-09-H2.png
5facf650-c4b9-11f0-979a-9783db8f6ae5,qts-eagle-mountain-i-dc3-llc-campus-5facf650,Qts Eagle Mountain I Dc3 Llc Campus,UT,32.18,5,positive,2025-10-H2,False,Greenfield,2024-10-H1,-25,3180,1.0,0.02119,0.0005,0.51601,0.19483,0.28866,0.0579,0.07881,0.396,202466.73815,0.0,results/chips_pos16par/qts-eagle-mountain-i-dc3-llc-campus-5facf650/2024-10-H1.png
5facf650-c4b9-11f0-979a-9783db8f6ae5,qts-eagle-mountain-i-dc3-llc-campus-5facf650,Qts Eagle Mountain I Dc3 Llc Campus,UT,32.18,5,positive,2025-10-H2,False,Greenfield,2024-10-H2,-24,3180,1.0,0.02079,0.00035,0.44966,0.19322,0.35677,0.04692,0.07357,0.36809,131542.76102,202.06261,results/chips_pos16par/qts-eagle-mountain-i-dc3-llc-campus-5facf650/2024-10-H2.png
5facf650-c4b9-11f0-979a-9783db8f6ae5,qts-eagle-mountain-i-dc3-llc-campus-5facf650,Qts Eagle Mountain I Dc3 Llc Campus,UT,32.18,5,positive,2025-10-H2,False,Greenfield,2024-11-H1,-23,3180,1.0,0.01754,0.00249,0.39504,0.19656,0.40592,0.05358,0.05151,0.34915,55769.28117,404.12523,results/chips_pos16par/qts-eagle-mountain-i-dc3-llc-campus-5facf650/2024-11-H1.png
5facf650-c4b9-11f0-979a-9783db8f6ae5,qts-eagle-mountain-i-dc3-llc-campus-5facf650,Qts Eagle Mountain I Dc3 Llc Campus,UT,32.18,5,positive,2025-10-H2,False,Greenfield,2024-11-H2,-22,3180,1.0,0.01112,0.00417,0.28847,0.14278,0.56459,0.04901,0.05205,0.28517,0.0,101.03131,results/chips_pos16par/qts-eagle-mountain-i-dc3-llc-campus-5facf650/2024-11-H2.png
5facf650-c4b9-11f0-979a-9783db8f6ae5,qts-eagle-mountain-i-dc3-llc-campus-5facf650,Qts Eagle Mountain I Dc3 Llc Campus,UT,32.18,5,positive,2025-10-H2,False,Greenfield,2024-12-H1,-21,3180,1.0,0.01575,0.00026,0.32935,0.18144,0.48895,0.03306,0.05945,0.31702,2727.84527,101.03131,results/chips_pos16par/qts-eagle-mountain-i-dc3-llc-campus-5facf650/2024-12-H1.png
5facf650-c4b9-11f0-979a-9783db8f6ae5,qts-eagle-mountain-i-dc3-llc-campus-5facf650,Qts Eagle Mountain I Dc3 Llc Campus,UT,32.18,5,positive,2025-10-H2,False,Greenfield,2024-12-H2,-20,2790,0.8774,0.01844,0.00046,0.33761,0.24385,0.41808,0.04107,0.03219,0.34692,3131.9705,202.06261,results/chips_pos16par/qts-eagle-mountain-i-dc3-llc-campus-5facf650/2024-12-H2.png
5facf650-c4b9-11f0-979a-9783db8f6ae5,qts-eagle-mountain-i-dc3-llc-campus-5facf650,Qts Eagle Mountain I Dc3 Llc Campus,UT,32.18,5,positive,2025-10-H2,False,Greenfield,2025-01-H1,-19,3180,1.0,0.0113,0.00115,0.2715,0.13408,0.59327,0.03856,0.06502,0.27388,707.21915,202.06261,results/chips_pos16par/qts-eagle-mountain-i-dc3-llc-campus-5facf650/2025-01-H1.png
5facf650-c4b9-11f0-979a-9783db8f6ae5,qts-eagle-mountain-i-dc3-llc-campus-5facf650,Qts Eagle Mountain I Dc3 Llc Campus,UT,32.18,5,positive,2025-10-H2,False,Greenfield,2025-01-H2,-18,3180,1.0,0.01382,0.00063,0.2974,0.15282,0.54915,0.03775,0.05979,0.29053,202.06261,202.06261,results/chips_pos16par/qts-eagle-mountain-i-dc3-llc-campus-5facf650/2025-01-H2.png
5facf650-c4b9-11f0-979a-9783db8f6ae5,qts-eagle-mountain-i-dc3-llc-campus-5facf650,Qts Eagle Mountain I Dc3 Llc Campus,UT,32.18,5,positive,2025-10-H2,False,Greenfield,2025-02-H1,-17,3180,1.0,0.01776,0.00049,0.3351,0.19371,0.4707,0.04556,0.04531,0.32127,3536.09573,303.09392,results/chips_pos16par/qts-eagle-mountain-i-dc3-llc-campus-5facf650/2025-02-H1.png
5facf650-c4b9-11f0-979a-9783db8f6ae5,qts-eagle-mountain-i-dc3-llc-campus-5facf650,Qts Eagle Mountain I Dc3 Llc Campus,UT,32.18,5,positive,2025-10-H2,False,Greenfield,2025-02-H2,-16,3180,1.0,0.01296,0.00151,0.3132,0.15029,0.535,0.0478,0.06069,0.29713,4041.25226,202.06261,results/chips_pos16par/qts-eagle-mountain-i-dc3-llc-campus-5facf650/2025-02-H2.png
5facf650-c4b9-11f0-979a-9783db8f6ae5,qts-eagle-mountain-i-dc3-llc-campus-5facf650,Qts Eagle Mountain I Dc3 Llc Campus,UT,32.18,5,positive,2025-10-H2,False,Greenfield,2025-03-H1,-15,3180,1.0,0.01934,0.00018,0.3543,0.18191,0.46361,0.03829,0.06218,0.32349,16569.13426,202.06261,results/chips_pos16par/qts-eagle-mountain-i-dc3-llc-campus-5facf650/2025-03-H1.png
5facf650-c4b9-11f0-979a-9783db8f6ae5,qts-eagle-mountain-i-dc3-llc-campus-5facf650,Qts Eagle Mountain I Dc3 Llc Campus,UT,32.18,5,positive,2025-10-H2,False,Greenfield,2025-03-H2,-14,3180,1.0,0.02197,0.00013,0.35295,0.1969,0.45001,0.02908,0.0614,0.32838,7981.47321,202.06261,results/chips_pos16par/qts-eagle-mountain-i-dc3-llc-campus-5facf650/2025-03-H2.png
5facf650-c4b9-11f0-979a-9783db8f6ae5,qts-eagle-mountain-i-dc3-llc-campus-5facf650,Qts Eagle Mountain I Dc3 Llc Campus,UT,32.18,5,positive,2025-10-H2,False,Greenfield,2025-04-H1,-13,3180,1.0,0.02078,0.00046,0.35714,0.2633,0.3791,0.03397,0.04399,0.36575,5657.75316,202.06261,results/chips_pos16par/qts-eagle-mountain-i-dc3-llc-campus-5facf650/2025-04-H1.png
5facf650-c4b9-11f0-979a-9783db8f6ae5,qts-eagle-mountain-i-dc3-llc-campus-5facf650,Qts Eagle Mountain I Dc3 Llc Campus,UT,32.18,5,positive,2025-10-H2,False,Greenfield,2025-04-H2,-12,3180,1.0,0.0189,0.00066,0.34723,0.24768,0.40442,0.03974,0.04119,0.35479,5051.56532,202.06261,results/chips_pos16par/qts-eagle-mountain-i-dc3-llc-campus-5facf650/2025-04-H2.png
5facf650-c4b9-11f0-979a-9783db8f6ae5,qts-eagle-mountain-i-dc3-llc-campus-5facf650,Qts Eagle Mountain I Dc3 Llc Campus,UT,32.18,5,positive,2025-10-H2,False,Greenfield,2025-05-H1,-11,3180,1.0,0.0213,0.00068,0.35334,0.2754,0.37058,0.03488,0.04517,0.37175,7375.28537,404.12523,results/chips_pos16par/qts-eagle-mountain-i-dc3-llc-campus-5facf650/2025-05-H1.png
5facf650-c4b9-11f0-979a-9783db8f6ae5,qts-eagle-mountain-i-dc3-llc-campus-5facf650,Qts Eagle Mountain I Dc3 Llc Campus,UT,32.18,5,positive,2025-10-H2,False,Greenfield,2025-05-H2,-10,2331,0.733,0.02731,0.00274,0.39812,0.29319,0.30594,0.0381,0.04043,0.39112,37179.52078,2121.65744,results/chips_pos16par/qts-eagle-mountain-i-dc3-llc-campus-5facf650/2025-05-H2.png
5facf650-c4b9-11f0-979a-9783db8f6ae5,qts-eagle-mountain-i-dc3-llc-campus-5facf650,Qts Eagle Mountain I Dc3 Llc Campus,UT,32.18,5,positive,2025-10-H2,False,Greenfield,2025-06-H1,-9,2676,0.8415,0.02272,0.00583,0.41141,0.31086,0.27191,0.05158,0.03151,0.40996,54657.9368,3435.06442,results/chips_pos16par/qts-eagle-mountain-i-dc3-llc-campus-5facf650/2025-06-H1.png
5facf650-c4b9-11f0-979a-9783db8f6ae5,qts-eagle-mountain-i-dc3-llc-campus-5facf650,Qts Eagle Mountain I Dc3 Llc Campus,UT,32.18,5,positive,2025-10-H2,False,Greenfield,2025-06-H2,-8,1832,0.5761,0.02207,0.00716,0.37698,0.27428,0.34158,0.04648,0.03519,0.37767,22327.91873,1616.5009,results/chips_pos16par/qts-eagle-mountain-i-dc3-llc-campus-5facf650/2025-06-H2.png
5facf650-c4b9-11f0-979a-9783db8f6ae5,qts-eagle-mountain-i-dc3-llc-campus-5facf650,Qts Eagle Mountain I Dc3 Llc Campus,UT,32.18,5,positive,2025-10-H2,False,Greenfield,2025-07-H1,-7,2234,0.7025,0.02456,0.00839,0.41152,0.26953,0.31056,0.05581,0.04074,0.38777,51020.80976,202.06261,results/chips_pos16par/qts-eagle-mountain-i-dc3-llc-campus-5facf650/2025-07-H1.png
5facf650-c4b9-11f0-979a-9783db8f6ae5,qts-eagle-mountain-i-dc3-llc-campus-5facf650,Qts Eagle Mountain I Dc3 Llc Campus,UT,32.18,5,positive,2025-10-H2,False,Greenfield,2025-07-H2,-6,2676,0.8415,0.02192,0.01831,0.36293,0.31391,0.30485,0.06626,0.01645,0.39483,13740.25768,14952.63336,results/chips_pos16par/qts-eagle-mountain-i-dc3-llc-campus-5facf650/2025-07-H2.png
5facf650-c4b9-11f0-979a-9783db8f6ae5,qts-eagle-mountain-i-dc3-llc-campus-5facf650,Qts Eagle Mountain I Dc3 Llc Campus,UT,32.18,5,positive,2025-10-H2,False,Greenfield,2025-08-H1,-5,2580,0.8113,0.02137,0.01742,0.35768,0.24183,0.38307,0.06829,0.02342,0.354,14144.3829,0.0,results/chips_pos16par/qts-eagle-mountain-i-dc3-llc-campus-5facf650/2025-08-H1.png
5facf650-c4b9-11f0-979a-9783db8f6ae5,qts-eagle-mountain-i-dc3-llc-campus-5facf650,Qts Eagle Mountain I Dc3 Llc Campus,UT,32.18,5,positive,2025-10-H2,False,Greenfield,2025-08-H2,-4,2580,0.8113,0.01811,0.02512,0.32231,0.24845,0.40412,0.07728,0.01017,0.34768,3334.03311,202.06261,results/chips_pos16par/qts-eagle-mountain-i-dc3-llc-campus-5facf650/2025-08-H2.png
5facf650-c4b9-11f0-979a-9783db8f6ae5,qts-eagle-mountain-i-dc3-llc-campus-5facf650,Qts Eagle Mountain I Dc3 Llc Campus,UT,32.18,5,positive,2025-10-H2,False,Greenfield,2025-09-H1,-3,2580,0.8113,0.0201,0.02587,0.35627,0.21858,0.39928,0.08753,0.01685,0.34364,17781.50994,303.09392,results/chips_pos16par/qts-eagle-mountain-i-dc3-llc-campus-5facf650/2025-09-H1.png
5facf650-c4b9-11f0-979a-9783db8f6ae5,qts-eagle-mountain-i-dc3-llc-campus-5facf650,Qts Eagle Mountain I Dc3 Llc Campus,UT,32.18,5,positive,2025-10-H2,False,Greenfield,2025-09-H2,-2,3180,1.0,0.02028,0.00396,0.41242,0.22543,0.35818,0.04411,0.05939,0.37081,87897.23662,0.0,results/chips_pos16par/qts-eagle-mountain-i-dc3-llc-campus-5facf650/2025-09-H2.png
5facf650-c4b9-11f0-979a-9783db8f6ae5,qts-eagle-mountain-i-dc3-llc-campus-5facf650,Qts Eagle Mountain I Dc3 Llc Campus,UT,32.18,5,positive,2025-10-H2,False,Greenfield,2025-10-H1,-1,3180,1.0,0.01633,0.00242,0.39027,0.1795,0.42781,0.05314,0.05794,0.33966,35967.1451,0.0,results/chips_pos16par/qts-eagle-mountain-i-dc3-llc-campus-5facf650/2025-10-H1.png
5facf650-c4b9-11f0-979a-9783db8f6ae5,qts-eagle-mountain-i-dc3-llc-campus-5facf650,Qts Eagle Mountain I Dc3 Llc Campus,UT,32.18,5,positive,2025-10-H2,False,Greenfield,2025-10-H2,0,3180,1.0,0.02331,0.0022,0.47144,0.18133,0.34503,0.04842,0.06252,0.36576,116590.12766,0.0,results/chips_pos16par/qts-eagle-mountain-i-dc3-llc-campus-5facf650/2025-10-H2.png
5facf650-c4b9-11f0-979a-9783db8f6ae5,qts-eagle-mountain-i-dc3-llc-campus-5facf650,Qts Eagle Mountain I Dc3 Llc Campus,UT,32.18,5,positive,2025-10-H2,False,Greenfield,2025-11-H1,1,3180,1.0,0.02114,0.00209,0.46525,0.22296,0.3097,0.04314,0.058,0.3893,107497.31008,0.0,results/chips_pos16par/qts-eagle-mountain-i-dc3-llc-campus-5facf650/2025-11-H1.png
5facf650-c4b9-11f0-979a-9783db8f6ae5,qts-eagle-mountain-i-dc3-llc-campus-5facf650,Qts Eagle Mountain I Dc3 Llc Campus,UT,32.18,5,positive,2025-10-H2,False,Greenfield,2025-11-H2,2,3180,1.0,0.01378,0.01394,0.31105,0.08815,0.58685,0.05516,0.07618,0.27323,404.12523,0.0,results/chips_pos16par/qts-eagle-mountain-i-dc3-llc-campus-5facf650/2025-11-H2.png
5facf650-c4b9-11f0-979a-9783db8f6ae5,qts-eagle-mountain-i-dc3-llc-campus-5facf650,Qts Eagle Mountain I Dc3 Llc Campus,UT,32.18,5,positive,2025-10-H2,False,Greenfield,2025-12-H1,3,2944,0.9258,0.01358,0.02015,0.17553,0.09955,0.70477,0.04136,0.03551,0.22341,0.0,0.0,results/chips_pos16par/qts-eagle-mountain-i-dc3-llc-campus-5facf650/2025-12-H1.png
5facf650-c4b9-11f0-979a-9783db8f6ae5,qts-eagle-mountain-i-dc3-llc-campus-5facf650,Qts Eagle Mountain I Dc3 Llc Campus,UT,32.18,5,positive,2025-10-H2,False,Greenfield,2025-12-H2,4,2902,0.9126,0.01943,0.00199,0.25714,0.15307,0.5878,0.027,0.02514,0.26399,6162.90969,0.0,results/chips_pos16par/qts-eagle-mountain-i-dc3-llc-campus-5facf650/2025-12-H2.png
5facf650-c4b9-11f0-979a-9783db8f6ae5,qts-eagle-mountain-i-dc3-llc-campus-5facf650,Qts Eagle Mountain I Dc3 Llc Campus,UT,32.18,5,positive,2025-10-H2,False,Greenfield,2026-01-H1,5,3180,1.0,0.01359,0.0216,0.09394,0.08192,0.80254,0.02028,0.02011,0.17943,0.0,303.09392,results/chips_pos16par/qts-eagle-mountain-i-dc3-llc-campus-5facf650/2026-01-H1.png
5facf650-c4b9-11f0-979a-9783db8f6ae5,qts-eagle-mountain-i-dc3-llc-campus-5facf650,Qts Eagle Mountain I Dc3 Llc Campus,UT,32.18,5,positive,2025-10-H2,False,Greenfield,2026-01-H2,6,2887,0.9079,0.01974,0.00264,0.26839,0.17434,0.55463,0.03309,0.03044,0.28104,14144.3829,303.09392,results/chips_pos16par/qts-eagle-mountain-i-dc3-llc-campus-5facf650/2026-01-H2.png
5facf650-c4b9-11f0-979a-9783db8f6ae5,qts-eagle-mountain-i-dc3-llc-campus-5facf650,Qts Eagle Mountain I Dc3 Llc Campus,UT,32.18,5,positive,2025-10-H2,False,Greenfield,2026-02-H1,7,3180,1.0,0.02233,0.00076,0.29728,0.16191,0.54005,0.01465,0.07351,0.28895,45767.18183,2828.87658,results/chips_pos16par/qts-eagle-mountain-i-dc3-llc-campus-5facf650/2026-02-H1.png
5facf650-c4b9-11f0-979a-9783db8f6ae5,qts-eagle-mountain-i-dc3-llc-campus-5facf650,Qts Eagle Mountain I Dc3 Llc Campus,UT,32.18,5,positive,2025-10-H2,False,Greenfield,2026-03-H1,9,3180,1.0,0.02139,0.00494,0.17294,0.18858,0.63355,0.01611,0.03694,0.25815,0.0,15659.8525,results/chips_pos16par/qts-eagle-mountain-i-dc3-llc-campus-5facf650/2026-03-H1.png
5facf650-c4b9-11f0-979a-9783db8f6ae5,qts-eagle-mountain-i-dc3-llc-campus-5facf650,Qts Eagle Mountain I Dc3 Llc Campus,UT,32.18,5,positive,2025-10-H2,False,Greenfield,2026-03-H2,10,2432,0.7648,0.04149,0.00058,0.3799,0.27648,0.34304,0.01796,0.0755,0.38753,58497.12644,26167.10837,results/chips_pos16par/qts-eagle-mountain-i-dc3-llc-campus-5facf650/2026-03-H2.png
5facf650-c4b9-11f0-979a-9783db8f6ae5,qts-eagle-mountain-i-dc3-llc-campus-5facf650,Qts Eagle Mountain I Dc3 Llc Campus,UT,32.18,5,positive,2025-10-H2,False,Greenfield,2026-04-H1,11,2445,0.7689,0.06181,0.00304,0.25637,0.34846,0.39212,0.01674,0.05335,0.40492,22732.04395,58295.06383,results/chips_pos16par/qts-eagle-mountain-i-dc3-llc-campus-5facf650/2026-04-H1.png
5facf650-c4b9-11f0-979a-9783db8f6ae5,qts-eagle-mountain-i-dc3-llc-campus-5facf650,Qts Eagle Mountain I Dc3 Llc Campus,UT,32.18,5,positive,2025-10-H2,False,Greenfield,2026-04-H2,12,2746,0.8635,0.07746,0.00037,0.29013,0.47899,0.23051,0.02424,0.02344,0.49514,35866.11379,89008.58099,results/chips_pos16par/qts-eagle-mountain-i-dc3-llc-campus-5facf650/2026-04-H2.png
5facf650-c4b9-11f0-979a-9783db8f6ae5,qts-eagle-mountain-i-dc3-llc-campus-5facf650,Qts Eagle Mountain I Dc3 Llc Campus,UT,32.18,5,positive,2025-10-H2,False,Greenfield,2026-05-H1,13,2249,0.7072,0.07898,0.00025,0.25922,0.48859,0.25194,0.00981,0.02369,0.47745,12932.00723,70519.85191,results/chips_pos16par/qts-eagle-mountain-i-dc3-llc-campus-5facf650/2026-05-H1.png
5facf650-c4b9-11f0-979a-9783db8f6ae5,qts-eagle-mountain-i-dc3-llc-campus-5facf650,Qts Eagle Mountain I Dc3 Llc Campus,UT,32.18,5,positive,2025-10-H2,False,Greenfield,2026-05-H2,14,1984,0.6239,0.0846,0.00019,0.30086,0.46272,0.23624,0.01745,0.02691,0.47906,28995.98496,61224.97172,results/chips_pos16par/qts-eagle-mountain-i-dc3-llc-campus-5facf650/2026-05-H2.png
5facf650-c4b9-11f0-979a-9783db8f6ae5,qts-eagle-mountain-i-dc3-llc-campus-5facf650,Qts Eagle Mountain I Dc3 Llc Campus,UT,32.18,5,positive,2025-10-H2,False,Greenfield,2026-06-H1,15,1630,0.5126,0.05816,0.00013,0.33641,0.46039,0.20306,0.01637,0.03376,0.47809,36472.30163,45868.21313,results/chips_pos16par/qts-eagle-mountain-i-dc3-llc-campus-5facf650/2026-06-H1.png
5facf650-c4b9-11f0-979a-9783db8f6ae5,qts-eagle-mountain-i-dc3-llc-campus-5facf650,Qts Eagle Mountain I Dc3 Llc Campus,UT,32.18,5,positive,2025-10-H2,False,Greenfield,2026-06-H2,16,821,0.2582,0.04429,0.00015,0.30024,0.35541,0.3442,0.0018,0.05385,0.40316,7072.19145,12628.91331,results/chips_pos16par/qts-eagle-mountain-i-dc3-llc-campus-5facf650/2026-06-H2.png
5facf650-c4b9-11f0-979a-9783db8f6ae5,qts-eagle-mountain-i-dc3-llc-campus-5facf650,Qts Eagle Mountain I Dc3 Llc Campus,UT,32.18,5,positive,2025-10-H2,False,Greenfield,2026-07-H1,17,1167,0.367,0.053,0.00136,0.33097,0.41932,0.24834,0.00733,0.05068,0.45432,24954.7327,27783.60928,results/chips_pos16par/qts-eagle-mountain-i-dc3-llc-campus-5facf650/2026-07-H1.png
5facf650-c4b9-11f0-979a-9783db8f6ae5,qts-eagle-mountain-i-dc3-llc-campus-5facf650,Qts Eagle Mountain I Dc3 Llc Campus,UT,32.18,5,positive,2025-10-H2,False,Greenfield,2026-07-H2,18,638,0.2006,0.05116,0.00028,0.27337,0.44977,0.27657,0.00204,0.04007,0.45727,9193.84889,18084.60386,results/chips_pos16par/qts-eagle-mountain-i-dc3-llc-campus-5facf650/2026-07-H2.png
5facf650-c4b9-11f0-979a-9783db8f6ae5,qts-eagle-mountain-i-dc3-llc-campus-5facf650,Qts Eagle Mountain I Dc3 Llc Campus,UT,32.18,5,positive,2025-10-H2,False,Greenfield,2026-08-H1,19,1818,0.5717,0.04364,0.00018,0.30572,0.49865,0.19546,0.02945,0.02483,0.49592,31925.89284,64761.06744,results/chips_pos16par/qts-eagle-mountain-i-dc3-llc-campus-5facf650/2026-08-H1.png
5facf650-c4b9-11f0-979a-9783db8f6ae5,qts-eagle-mountain-i-dc3-llc-campus-5facf650,Qts Eagle Mountain I Dc3 Llc Campus,UT,32.18,5,positive,2025-10-H2,False,Greenfield,2026-08-H2,20,1827,0.5745,0.05174,0.00025,0.23998,0.45976,0.30001,0.00135,0.0506,0.45824,15255.72728,63952.81699,results/chips_pos16par/qts-eagle-mountain-i-dc3-llc-campus-5facf650/2026-08-H2.png
5facf650-c4b9-11f0-979a-9783db8f6ae5,qts-eagle-mountain-i-dc3-llc-campus-5facf650,Qts Eagle Mountain I Dc3 Llc Campus,UT,32.18,5,positive,2025-10-H2,False,Greenfield,2026-09-H1,21,1993,0.6267,0.04561,0.00049,0.25933,0.46675,0.27344,0.02223,0.02608,0.45473,15356.75858,66377.56835,results/chips_pos16par/qts-eagle-mountain-i-dc3-llc-campus-5facf650/2026-09-H1.png
82c28624-dcdf-4cd4-95c0-fd2f9b316c54,qts-richmond-v-llc-campus-82c28624,Qts Richmond V Llc Campus,VA,42.75,13,positive,2026-02-H1,False,Greenfield,2023-01-H1,-74,4459,1.0,0.0411,0.17587,0.0076,0.0,0.81652,0.62976,-0.01642,0.16681,0.0,0.0,results/chips_pos16par/qts-richmond-v-llc-campus-82c28624/2023-01-H1.png
82c28624-dcdf-4cd4-95c0-fd2f9b316c54,qts-richmond-v-llc-campus-82c28624,Qts Richmond V Llc Campus,VA,42.75,13,positive,2026-02-H1,False,Greenfield,2023-01-H2,-73,4460,1.0,0.03767,0.17333,0.00859,1e-05,0.81807,0.61417,-0.02517,0.16445,0.0,0.0,results/chips_pos16par/qts-richmond-v-llc-campus-82c28624/2023-01-H2.png
82c28624-dcdf-4cd4-95c0-fd2f9b316c54,qts-richmond-v-llc-campus-82c28624,Qts Richmond V Llc Campus,VA,42.75,13,positive,2026-02-H1,False,Greenfield,2023-02-H1,-72,4460,1.0,0.03961,0.19133,0.02136,4e-05,0.78727,0.60905,0.00131,0.18454,0.0,0.0,results/chips_pos16par/qts-richmond-v-llc-campus-82c28624/2023-02-H1.png
82c28624-dcdf-4cd4-95c0-fd2f9b316c54,qts-richmond-v-llc-campus-82c28624,Qts Richmond V Llc Campus,VA,42.75,13,positive,2026-02-H1,False,Greenfield,2023-02-H2,-71,4460,1.0,0.03586,0.19675,0.03157,5e-05,0.77162,0.59725,-0.00885,0.18857,0.0,0.0,results/chips_pos16par/qts-richmond-v-llc-campus-82c28624/2023-02-H2.png
82c28624-dcdf-4cd4-95c0-fd2f9b316c54,qts-richmond-v-llc-campus-82c28624,Qts Richmond V Llc Campus,VA,42.75,13,positive,2026-02-H1,False,Greenfield,2023-03-H1,-70,3965,0.9336,0.02536,0.17997,0.07044,7e-05,0.74951,0.48112,0.00957,0.20092,0.0,0.0,results/chips_pos16par/qts-richmond-v-llc-campus-82c28624/2023-03-H1.png
82c28624-dcdf-4cd4-95c0-fd2f9b316c54,qts-richmond-v-llc-campus-82c28624,Qts Richmond V Llc Campus,VA,42.75,13,positive,2026-02-H1,False,Greenfield,2023-03-H2,-69,4460,1.0,0.03945,0.20012,0.06756,6e-05,0.73226,0.57872,0.04058,0.21684,0.0,0.0,results/chips_pos16par/qts-richmond-v-llc-campus-82c28624/2023-03-H2.png
82c28624-dcdf-4cd4-95c0-fd2f9b316c54,qts-richmond-v-llc-campus-82c28624,Qts Richmond V Llc Campus,VA,42.75,13,positive,2026-02-H1,False,Greenfield,2023-04-H1,-68,4460,1.0,0.03133,0.22928,0.08479,9e-05,0.68584,0.58108,-0.01263,0.22196,0.0,0.0,results/chips_pos16par/qts-richmond-v-llc-campus-82c28624/2023-04-H1.png
82c28624-dcdf-4cd4-95c0-fd2f9b316c54,qts-richmond-v-llc-campus-82c28624,Qts Richmond V Llc Campus,VA,42.75,13,positive,2026-02-H1,False,Greenfield,2023-04-H2,-67,288,0.0678,0.02459,0.17573,0.03557,0.00352,0.78518,0.55244,-0.17016,0.14366,0.0,0.0,results/chips_pos16par/qts-richmond-v-llc-campus-82c28624/2023-04-H2.png
82c28624-dcdf-4cd4-95c0-fd2f9b316c54,qts-richmond-v-llc-campus-82c28624,Qts Richmond V Llc Campus,VA,42.75,13,positive,2026-02-H1,False,Greenfield,2023-05-H1,-66,4460,1.0,0.02127,0.47285,0.00069,0.00021,0.52626,0.78456,-0.39243,0.16599,0.0,0.0,results/chips_pos16par/qts-richmond-v-llc-campus-82c28624/2023-05-H1.png
82c28624-dcdf-4cd4-95c0-fd2f9b316c54,qts-richmond-v-llc-campus-82c28624,Qts Richmond V Llc Campus,VA,42.75,13,positive,2026-02-H1,False,Greenfield,2023-05-H2,-65,715,0.1684,0.01622,0.52457,0.0035,0.00469,0.46725,0.79231,-0.37395,0.18631,0.0,0.0,results/chips_pos16par/qts-richmond-v-llc-campus-82c28624/2023-05-H2.png
82c28624-dcdf-4cd4-95c0-fd2f9b316c54,qts-richmond-v-llc-campus-82c28624,Qts Richmond V Llc Campus,VA,42.75,13,positive,2026-02-H1,False,Greenfield,2023-06-H1,-64,3848,0.9061,0.02012,0.57114,0.00167,0.00212,0.42507,0.80875,-0.39791,0.1903,0.0,0.0,results/chips_pos16par/qts-richmond-v-llc-campus-82c28624/2023-06-H1.png
82c28624-dcdf-4cd4-95c0-fd2f9b316c54,qts-richmond-v-llc-campus-82c28624,Qts Richmond V Llc Campus,VA,42.75,13,positive,2026-02-H1,False,Greenfield,2023-06-H2,-63,4460,1.0,0.03189,0.53349,0.00097,0.0001,0.46544,0.90841,-0.38449,0.18148,0.0,0.0,results/chips_pos16par/qts-richmond-v-llc-campus-82c28624/2023-06-H2.png
82c28624-dcdf-4cd4-95c0-fd2f9b316c54,qts-richmond-v-llc-campus-82c28624,Qts Richmond V Llc Campus,VA,42.75,13,positive,2026-02-H1,False,Greenfield,2023-07-H1,-62,4454,1.0,0.02504,0.54581,0.00202,0.00125,0.45092,0.87356,-0.3606,0.19562,0.0,0.0,results/chips_pos16par/qts-richmond-v-llc-campus-82c28624/2023-07-H1.png
82c28624-dcdf-4cd4-95c0-fd2f9b316c54,qts-richmond-v-llc-campus-82c28624,Qts Richmond V Llc Campus,VA,42.75,13,positive,2026-02-H1,False,Greenfield,2023-07-H2,-61,4460,1.0,0.02444,0.42431,0.00085,0.00044,0.5744,0.82397,-0.31522,0.17717,0.0,0.0,results/chips_pos16par/qts-richmond-v-llc-campus-82c28624/2023-07-H2.png
82c28624-dcdf-4cd4-95c0-fd2f9b316c54,qts-richmond-v-llc-campus-82c28624,Qts Richmond V Llc Campus,VA,42.75,13,positive,2026-02-H1,False,Greenfield,2023-08-H1,-60,4460,1.0,0.03556,0.36596,0.00027,0.00012,0.63365,0.85994,-0.30267,0.16172,0.0,0.0,results/chips_pos16par/qts-richmond-v-llc-campus-82c28624/2023-08-H1.png
82c28624-dcdf-4cd4-95c0-fd2f9b316c54,qts-richmond-v-llc-campus-82c28624,Qts Richmond V Llc Campus,VA,42.75,13,positive,2026-02-H1,False,Greenfield,2023-08-H2,-59,4460,1.0,0.03243,0.3712,0.00829,0.0058,0.61471,0.82345,-0.30342,0.16831,0.0,0.0,results/chips_pos16par/qts-richmond-v-llc-campus-82c28624/2023-08-H2.png
82c28624-dcdf-4cd4-95c0-fd2f9b316c54,qts-richmond-v-llc-campus-82c28624,Qts Richmond V Llc Campus,VA,42.75,13,positive,2026-02-H1,False,Greenfield,2023-09-H1,-58,4460,1.0,0.03669,0.36118,0.0003,0.00101,0.63752,0.8509,-0.32302,0.15443,0.0,0.0,results/chips_pos16par/qts-richmond-v-llc-campus-82c28624/2023-09-H1.png
82c28624-dcdf-4cd4-95c0-fd2f9b316c54,qts-richmond-v-llc-campus-82c28624,Qts Richmond V Llc Campus,VA,42.75,13,positive,2026-02-H1,False,Greenfield,2023-10-H1,-56,4460,1.0,0.04086,0.30305,2e-05,6e-05,0.69686,0.8509,-0.30033,0.14196,0.0,0.0,results/chips_pos16par/qts-richmond-v-llc-campus-82c28624/2023-10-H1.png
82c28624-dcdf-4cd4-95c0-fd2f9b316c54,qts-richmond-v-llc-campus-82c28624,Qts Richmond V Llc Campus,VA,42.75,13,positive,2026-02-H1,False,Greenfield,2023-10-H2,-55,4460,1.0,0.04496,0.2507,2e-05,2e-05,0.74927,0.80948,-0.27646,0.1307,0.0,0.0,results/chips_pos16par/qts-richmond-v-llc-campus-82c28624/2023-10-H2.png
82c28624-dcdf-4cd4-95c0-fd2f9b316c54,qts-richmond-v-llc-campus-82c28624,Qts Richmond V Llc Campus,VA,42.75,13,positive,2026-02-H1,False,Greenfield,2023-11-H1,-54,1977,0.4655,0.05487,0.1584,0.0002,0.00012,0.84128,0.77377,-0.34937,0.08921,0.0,0.0,results/chips_pos16par/qts-richmond-v-llc-campus-82c28624/2023-11-H1.png
82c28624-dcdf-4cd4-95c0-fd2f9b316c54,qts-richmond-v-llc-campus-82c28624,Qts Richmond V Llc Campus,VA,42.75,13,positive,2026-02-H1,False,Greenfield,2023-11-H2,-53,4460,1.0,0.03718,0.2339,0.00082,1e-05,0.76527,0.65356,-0.1374,0.16084,0.0,0.0,results/chips_pos16par/qts-richmond-v-llc-campus-82c28624/2023-11-H2.png
82c28624-dcdf-4cd4-95c0-fd2f9b316c54,qts-richmond-v-llc-campus-82c28624,Qts Richmond V Llc Campus,VA,42.75,13,positive,2026-02-H1,False,Greenfield,2023-12-H1,-52,4361,1.0,0.04542,0.12201,0.0,0.0,0.87799,0.634,-0.18261,0.10488,0.0,0.0,results/chips_pos16par/qts-richmond-v-llc-campus-82c28624/2023-12-H1.png
82c28624-dcdf-4cd4-95c0-fd2f9b316c54,qts-richmond-v-llc-campus-82c28624,Qts Richmond V Llc Campus,VA,42.75,13,positive,2026-02-H1,False,Greenfield,2023-12-H2,-51,4434,1.0,0.04317,0.15663,0.00097,0.0,0.8424,0.652,-0.05079,0.14606,0.0,0.0,results/chips_pos16par/qts-richmond-v-llc-campus-82c28624/2023-12-H2.png
82c28624-dcdf-4cd4-95c0-fd2f9b316c54,qts-richmond-v-llc-campus-82c28624,Qts Richmond V Llc Campus,VA,42.75,13,positive,2026-02-H1,False,Greenfield,2024-01-H2,-49,2739,0.6449,0.04667,0.03993,0.00168,0.00033,0.95806,0.481,-0.12673,0.07644,0.0,0.0,results/chips_pos16par/qts-richmond-v-llc-campus-82c28624/2024-01-H2.png
82c28624-dcdf-4cd4-95c0-fd2f9b316c54,qts-richmond-v-llc-campus-82c28624,Qts Richmond V Llc Campus,VA,42.75,13,positive,2026-02-H1,False,Greenfield,2024-02-H1,-48,4460,1.0,0.0387,0.18249,0.01431,2e-05,0.80319,0.62654,-0.02003,0.17195,0.0,0.0,results/chips_pos16par/qts-richmond-v-llc-campus-82c28624/2024-02-H1.png
82c28624-dcdf-4cd4-95c0-fd2f9b316c54,qts-richmond-v-llc-campus-82c28624,Qts Richmond V Llc Campus,VA,42.75,13,positive,2026-02-H1,False,Greenfield,2024-02-H2,-47,4460,1.0,0.03935,0.19052,0.02014,2e-05,0.78932,0.61487,-0.0032,0.18271,0.0,0.0,results/chips_pos16par/qts-richmond-v-llc-campus-82c28624/2024-02-H2.png
82c28624-dcdf-4cd4-95c0-fd2f9b316c54,qts-richmond-v-llc-campus-82c28624,Qts Richmond V Llc Campus,VA,42.75,13,positive,2026-02-H1,False,Greenfield,2024-03-H2,-45,4460,1.0,0.03365,0.20786,0.07253,9e-05,0.71952,0.57275,0.0021,0.21175,0.0,0.0,results/chips_pos16par/qts-richmond-v-llc-campus-82c28624/2024-03-H2.png
82c28624-dcdf-4cd4-95c0-fd2f9b316c54,qts-richmond-v-llc-campus-82c28624,Qts Richmond V Llc Campus,VA,42.75,13,positive,2026-02-H1,False,Greenfield,2024-04-H1,-44,4460,1.0,0.02848,0.24774,0.06324,8e-05,0.68894,0.61109,-0.04914,0.21286,0.0,0.0,results/chips_pos16par/qts-richmond-v-llc-campus-82c28624/2024-04-H1.png
82c28624-dcdf-4cd4-95c0-fd2f9b316c54,qts-richmond-v-llc-campus-82c28624,Qts Richmond V Llc Campus,VA,42.75,13,positive,2026-02-H1,False,Greenfield,2024-04-H2,-43,4460,1.0,0.02805,0.42321,0.00052,0.00014,0.57613,0.84176,-0.34839,0.16482,0.0,0.0,results/chips_pos16par/qts-richmond-v-llc-campus-82c28624/2024-04-H2.png
82c28624-dcdf-4cd4-95c0-fd2f9b316c54,qts-richmond-v-llc-campus-82c28624,Qts Richmond V Llc Campus,VA,42.75,13,positive,2026-02-H1,False,Greenfield,2024-05-H1,-42,4460,1.0,0.0279,0.44958,9e-05,0.00013,0.5502,0.83535,-0.38905,0.15879,0.0,0.0,results/chips_pos16par/qts-richmond-v-llc-campus-82c28624/2024-05-H1.png
82c28624-dcdf-4cd4-95c0-fd2f9b316c54,qts-richmond-v-llc-campus-82c28624,Qts Richmond V Llc Campus,VA,42.75,13,positive,2026-02-H1,False,Greenfield,2024-05-H2,-41,3278,0.7718,0.02891,0.49736,0.00159,0.00412,0.49693,0.84532,-0.3976,0.17062,0.0,0.0,results/chips_pos16par/qts-richmond-v-llc-campus-82c28624/2024-05-H2.png
82c28624-dcdf-4cd4-95c0-fd2f9b316c54,qts-richmond-v-llc-campus-82c28624,Qts Richmond V Llc Campus,VA,42.75,13,positive,2026-02-H1,False,Greenfield,2024-06-H1,-40,3713,0.8743,0.02098,0.59066,3e-05,0.0,0.40931,0.8636,-0.39838,0.19246,0.0,0.0,results/chips_pos16par/qts-richmond-v-llc-campus-82c28624/2024-06-H1.png
82c28624-dcdf-4cd4-95c0-fd2f9b316c54,qts-richmond-v-llc-campus-82c28624,Qts Richmond V Llc Campus,VA,42.75,13,positive,2026-02-H1,False,Greenfield,2024-06-H2,-39,4460,1.0,0.02875,0.5012,0.00074,7e-05,0.49799,0.87251,-0.37249,0.17813,0.0,0.0,results/chips_pos16par/qts-richmond-v-llc-campus-82c28624/2024-06-H2.png
82c28624-dcdf-4cd4-95c0-fd2f9b316c54,qts-richmond-v-llc-campus-82c28624,Qts Richmond V Llc Campus,VA,42.75,13,positive,2026-02-H1,False,Greenfield,2024-07-H1,-38,3169,0.7462,0.03194,0.44727,0.00067,0.00011,0.55195,0.86543,-0.35551,0.16872,0.0,0.0,results/chips_pos16par/qts-richmond-v-llc-campus-82c28624/2024-07-H1.png
82c28624-dcdf-4cd4-95c0-fd2f9b316c54,qts-richmond-v-llc-campus-82c28624,Qts Richmond V Llc Campus,VA,42.75,13,positive,2026-02-H1,False,Greenfield,2024-07-H2,-37,1829,0.4307,0.02437,0.46769,0.00444,0.01726,0.51061,0.81106,-0.33843,0.19014,0.0,0.0,results/chips_pos16par/qts-richmond-v-llc-campus-82c28624/2024-07-H2.png
82c28624-dcdf-4cd4-95c0-fd2f9b316c54,qts-richmond-v-llc-campus-82c28624,Qts Richmond V Llc Campus,VA,42.75,13,positive,2026-02-H1,False,Greenfield,2024-08-H1,-36,4460,1.0,0.03531,0.3978,0.00024,9e-05,0.60186,0.87949,-0.33257,0.16192,0.0,0.0,results/chips_pos16par/qts-richmond-v-llc-campus-82c28624/2024-08-H1.png
82c28624-dcdf-4cd4-95c0-fd2f9b316c54,qts-richmond-v-llc-campus-82c28624,Qts Richmond V Llc Campus,VA,42.75,13,positive,2026-02-H1,False,Greenfield,2024-08-H2,-35,4460,1.0,0.04215,0.34541,3e-05,9e-05,0.65447,0.89068,-0.31835,0.14982,0.0,0.0,results/chips_pos16par/qts-richmond-v-llc-campus-82c28624/2024-08-H2.png
82c28624-dcdf-4cd4-95c0-fd2f9b316c54,qts-richmond-v-llc-campus-82c28624,Qts Richmond V Llc Campus,VA,42.75,13,positive,2026-02-H1,False,Greenfield,2024-09-H1,-34,4460,1.0,0.0375,0.32972,2e-05,9e-05,0.67017,0.84931,-0.33466,0.14167,0.0,0.0,results/chips_pos16par/qts-richmond-v-llc-campus-82c28624/2024-09-H1.png
82c28624-dcdf-4cd4-95c0-fd2f9b316c54,qts-richmond-v-llc-campus-82c28624,Qts Richmond V Llc Campus,VA,42.75,13,positive,2026-02-H1,False,Greenfield,2024-09-H2,-33,4460,1.0,0.03858,0.29126,0.00013,6e-05,0.70856,0.84116,-0.29785,0.13975,0.0,0.0,results/chips_pos16par/qts-richmond-v-llc-campus-82c28624/2024-09-H2.png
82c28624-dcdf-4cd4-95c0-fd2f9b316c54,qts-richmond-v-llc-campus-82c28624,Qts Richmond V Llc Campus,VA,42.75,13,positive,2026-02-H1,False,Greenfield,2024-10-H1,-32,4460,1.0,0.04521,0.27799,0.0,2e-05,0.72199,0.87192,-0.31729,0.12935,0.0,0.0,results/chips_pos16par/qts-richmond-v-llc-campus-82c28624/2024-10-H1.png
82c28624-dcdf-4cd4-95c0-fd2f9b316c54,qts-richmond-v-llc-campus-82c28624,Qts Richmond V Llc Campus,VA,42.75,13,positive,2026-02-H1,False,Greenfield,2024-10-H2,-31,4460,1.0,0.04373,0.27222,0.0,1e-05,0.72777,0.84505,-0.3094,0.1297,0.0,0.0,results/chips_pos16par/qts-richmond-v-llc-campus-82c28624/2024-10-H2.png
82c28624-dcdf-4cd4-95c0-fd2f9b316c54,qts-richmond-v-llc-campus-82c28624,Qts Richmond V Llc Campus,VA,42.75,13,positive,2026-02-H1,False,Greenfield,2024-11-H1,-30,4411,1.0,0.04359,0.22762,0.00012,0.0,0.77226,0.73703,-0.18077,0.14565,0.0,0.0,results/chips_pos16par/qts-richmond-v-llc-campus-82c28624/2024-11-H1.png
82c28624-dcdf-4cd4-95c0-fd2f9b316c54,qts-richmond-v-llc-campus-82c28624,Qts Richmond V Llc Campus,VA,42.75,13,positive,2026-02-H1,False,Greenfield,2024-11-H2,-29,4460,1.0,0.03527,0.20158,0.00259,0.0,0.79583,0.6146,-0.10239,0.15683,0.0,0.0,results/chips_pos16par/qts-richmond-v-llc-campus-82c28624/2024-11-H2.png
82c28624-dcdf-4cd4-95c0-fd2f9b316c54,qts-richmond-v-llc-campus-82c28624,Qts Richmond V Llc Campus,VA,42.75,13,positive,2026-02-H1,False,Greenfield,2024-12-H1,-28,4460,1.0,0.03594,0.19057,0.00586,0.0,0.80357,0.59796,-0.05024,0.16616,0.0,0.0,results/chips_pos16par/qts-richmond-v-llc-campus-82c28624/2024-12-H1.png
82c28624-dcdf-4cd4-95c0-fd2f9b316c54,qts-richmond-v-llc-campus-82c28624,Qts Richmond V Llc Campus,VA,42.75,13,positive,2026-02-H1,False,Greenfield,2024-12-H2,-27,4460,1.0,0.04093,0.15287,0.00106,0.0,0.84607,0.64856,-0.0439,0.14647,0.0,0.0,results/chips_pos16par/qts-richmond-v-llc-campus-82c28624/2024-12-H2.png
82c28624-dcdf-4cd4-95c0-fd2f9b316c54,qts-richmond-v-llc-campus-82c28624,Qts Richmond V Llc Campus,VA,42.75,13,positive,2026-02-H1,False,Greenfield,2025-01-H1,-26,4264,1.0,0.02742,0.19548,0.0,0.01164,0.79289,0.50174,-0.30963,0.11484,0.0,0.0,results/chips_pos16par/qts-richmond-v-llc-campus-82c28624/2025-01-H1.png
82c28624-dcdf-4cd4-95c0-fd2f9b316c54,qts-richmond-v-llc-campus-82c28624,Qts Richmond V Llc Campus,VA,42.75,13,positive,2026-02-H1,False,Greenfield,2025-01-H2,-25,4460,1.0,0.03868,0.17444,0.01716,0.0,0.8084,0.60981,0.0022,0.17476,0.0,0.0,results/chips_pos16par/qts-richmond-v-llc-campus-82c28624/2025-01-H2.png
82c28624-dcdf-4cd4-95c0-fd2f9b316c54,qts-richmond-v-llc-campus-82c28624,Qts Richmond V Llc Campus,VA,42.75,13,positive,2026-02-H1,False,Greenfield,2025-02-H1,-24,4460,1.0,0.03574,0.17875,0.02107,1e-05,0.80017,0.56798,0.00214,0.17928,0.0,0.0,results/chips_pos16par/qts-richmond-v-llc-campus-82c28624/2025-02-H1.png
82c28624-dcdf-4cd4-95c0-fd2f9b316c54,qts-richmond-v-llc-campus-82c28624,Qts Richmond V Llc Campus,VA,42.75,13,positive,2026-02-H1,False,Greenfield,2025-02-H2,-23,4460,1.0,0.03523,0.19439,0.03634,4e-05,0.76923,0.58897,-0.00594,0.19011,0.0,0.0,results/chips_pos16par/qts-richmond-v-llc-campus-82c28624/2025-02-H2.png
82c28624-dcdf-4cd4-95c0-fd2f9b316c54,qts-richmond-v-llc-campus-82c28624,Qts Richmond V Llc Campus,VA,42.75,13,positive,2026-02-H1,False,Greenfield,2025-03-H1,-22,4460,1.0,0.03149,0.21962,0.07158,0.00015,0.70865,0.57559,-0.01448,0.21234,0.0,0.0,results/chips_pos16par/qts-richmond-v-llc-campus-82c28624/2025-03-H1.png
82c28624-dcdf-4cd4-95c0-fd2f9b316c54,qts-richmond-v-llc-campus-82c28624,Qts Richmond V Llc Campus,VA,42.75,13,positive,2026-02-H1,False,Greenfield,2025-03-H2,-21,4460,1.0,0.03544,0.20915,0.0727,0.00011,0.71805,0.56855,0.01582,0.21656,0.0,0.0,results/chips_pos16par/qts-richmond-v-llc-campus-82c28624/2025-03-H2.png
82c28624-dcdf-4cd4-95c0-fd2f9b316c54,qts-richmond-v-llc-campus-82c28624,Qts Richmond V Llc Campus,VA,42.75,13,positive,2026-02-H1,False,Greenfield,2025-04-H1,-20,4460,1.0,0.02775,0.24843,0.04747,0.00015,0.70394,0.61199,-0.07652,0.20013,0.0,0.0,results/chips_pos16par/qts-richmond-v-llc-campus-82c28624/2025-04-H1.png
82c28624-dcdf-4cd4-95c0-fd2f9b316c54,qts-richmond-v-llc-campus-82c28624,Qts Richmond V Llc Campus,VA,42.75,13,positive,2026-02-H1,False,Greenfield,2025-04-H2,-19,2240,0.5274,0.02337,0.30669,0.02836,0.00052,0.66443,0.66594,-0.14569,0.19856,0.0,0.0,results/chips_pos16par/qts-richmond-v-llc-campus-82c28624/2025-04-H2.png
82c28624-dcdf-4cd4-95c0-fd2f9b316c54,qts-richmond-v-llc-campus-82c28624,Qts Richmond V Llc Campus,VA,42.75,13,positive,2026-02-H1,False,Greenfield,2025-05-H1,-18,4460,1.0,0.03546,0.46865,0.00016,0.00021,0.53098,0.88646,-0.41883,0.15293,0.0,0.0,results/chips_pos16par/qts-richmond-v-llc-campus-82c28624/2025-05-H1.png
82c28624-dcdf-4cd4-95c0-fd2f9b316c54,qts-richmond-v-llc-campus-82c28624,Qts Richmond V Llc Campus,VA,42.75,13,positive,2026-02-H1,False,Greenfield,2025-05-H2,-17,4460,1.0,0.03212,0.5228,0.0003,0.00023,0.47667,0.88894,-0.42222,0.1653,0.0,0.0,results/chips_pos16par/qts-richmond-v-llc-campus-82c28624/2025-05-H2.png
82c28624-dcdf-4cd4-95c0-fd2f9b316c54,qts-richmond-v-llc-campus-82c28624,Qts Richmond V Llc Campus,VA,42.75,13,positive,2026-02-H1,False,Greenfield,2025-06-H1,-16,4460,1.0,0.02461,0.49753,0.00041,0.00017,0.5019,0.83112,-0.38937,0.17222,0.0,0.0,results/chips_pos16par/qts-richmond-v-llc-campus-82c28624/2025-06-H1.png
82c28624-dcdf-4cd4-95c0-fd2f9b316c54,qts-richmond-v-llc-campus-82c28624,Qts Richmond V Llc Campus,VA,42.75,13,positive,2026-02-H1,False,Greenfield,2025-06-H2,-15,4460,1.0,0.03079,0.46099,0.00037,0.00019,0.53846,0.88308,-0.35701,0.17209,0.0,0.0,results/chips_pos16par/qts-richmond-v-llc-campus-82c28624/2025-06-H2.png
82c28624-dcdf-4cd4-95c0-fd2f9b316c54,qts-richmond-v-llc-campus-82c28624,Qts Richmond V Llc Campus,VA,42.75,13,positive,2026-02-H1,False,Greenfield,2025-07-H1,-14,4460,1.0,0.03196,0.43696,0.00061,0.00011,0.56232,0.88429,-0.33599,0.17254,0.0,0.0,results/chips_pos16par/qts-richmond-v-llc-campus-82c28624/2025-07-H1.png
82c28624-dcdf-4cd4-95c0-fd2f9b316c54,qts-richmond-v-llc-campus-82c28624,Qts Richmond V Llc Campus,VA,42.75,13,positive,2026-02-H1,False,Greenfield,2025-07-H2,-13,4460,1.0,0.03536,0.3937,0.00047,8e-05,0.60576,0.87488,-0.3073,0.16875,0.0,0.0,results/chips_pos16par/qts-richmond-v-llc-campus-82c28624/2025-07-H2.png
82c28624-dcdf-4cd4-95c0-fd2f9b316c54,qts-richmond-v-llc-campus-82c28624,Qts Richmond V Llc Campus,VA,42.75,13,positive,2026-02-H1,False,Greenfield,2025-08-H1,-12,4386,1.0,0.02953,0.45086,0.00023,0.00013,0.54877,0.86386,-0.352,0.17163,0.0,0.0,results/chips_pos16par/qts-richmond-v-llc-campus-82c28624/2025-08-H1.png
82c28624-dcdf-4cd4-95c0-fd2f9b316c54,qts-richmond-v-llc-campus-82c28624,Qts Richmond V Llc Campus,VA,42.75,13,positive,2026-02-H1,False,Greenfield,2025-08-H2,-11,4460,1.0,0.03873,0.3583,0.00027,0.0001,0.64133,0.87592,-0.34392,0.14697,0.0,0.0,results/chips_pos16par/qts-richmond-v-llc-campus-82c28624/2025-08-H2.png
82c28624-dcdf-4cd4-95c0-fd2f9b316c54,qts-richmond-v-llc-campus-82c28624,Qts Richmond V Llc Campus,VA,42.75,13,positive,2026-02-H1,False,Greenfield,2025-09-H1,-10,3032,0.7139,0.03548,0.33007,0.00245,0.00747,0.66002,0.81187,-0.30182,0.15508,0.0,0.0,results/chips_pos16par/qts-richmond-v-llc-campus-82c28624/2025-09-H1.png
82c28624-dcdf-4cd4-95c0-fd2f9b316c54,qts-richmond-v-llc-campus-82c28624,Qts Richmond V Llc Campus,VA,42.75,13,positive,2026-02-H1,False,Greenfield,2025-10-H1,-8,4460,1.0,0.04273,0.26758,5e-05,3e-05,0.73234,0.85156,-0.28749,0.1342,0.0,0.0,results/chips_pos16par/qts-richmond-v-llc-campus-82c28624/2025-10-H1.png
82c28624-dcdf-4cd4-95c0-fd2f9b316c54,qts-richmond-v-llc-campus-82c28624,Qts Richmond V Llc Campus,VA,42.75,13,positive,2026-02-H1,False,Greenfield,2025-10-H2,-7,4460,1.0,0.04423,0.28552,1e-05,0.0,0.71446,0.86394,-0.31365,0.13234,0.0,0.0,results/chips_pos16par/qts-richmond-v-llc-campus-82c28624/2025-10-H2.png
82c28624-dcdf-4cd4-95c0-fd2f9b316c54,qts-richmond-v-llc-campus-82c28624,Qts Richmond V Llc Campus,VA,42.75,13,positive,2026-02-H1,False,Greenfield,2025-11-H1,-6,4460,1.0,0.03574,0.23775,0.00087,1e-05,0.76137,0.64766,-0.1504,0.15887,0.0,0.0,results/chips_pos16par/qts-richmond-v-llc-campus-82c28624/2025-11-H1.png
82c28624-dcdf-4cd4-95c0-fd2f9b316c54,qts-richmond-v-llc-campus-82c28624,Qts Richmond V Llc Campus,VA,42.75,13,positive,2026-02-H1,False,Greenfield,2025-12-H1,-4,28,0.0066,0.02737,0.11798,0.03919,0.0,0.84284,0.45332,-0.01864,0.14913,0.0,0.0,results/chips_pos16par/qts-richmond-v-llc-campus-82c28624/2025-12-H1.png
82c28624-dcdf-4cd4-95c0-fd2f9b316c54,qts-richmond-v-llc-campus-82c28624,Qts Richmond V Llc Campus,VA,42.75,13,positive,2026-02-H1,False,Greenfield,2025-12-H2,-3,4452,1.0,0.04033,0.18289,0.0036,0.0,0.81351,0.63791,-0.058,0.15825,0.0,0.0,results/chips_pos16par/qts-richmond-v-llc-campus-82c28624/2025-12-H2.png
82c28624-dcdf-4cd4-95c0-fd2f9b316c54,qts-richmond-v-llc-campus-82c28624,Qts Richmond V Llc Campus,VA,42.75,13,positive,2026-02-H1,False,Greenfield,2026-01-H1,-2,4460,1.0,0.03312,0.18041,0.01188,0.00013,0.80758,0.59026,-0.03982,0.16582,0.0,0.0,results/chips_pos16par/qts-richmond-v-llc-campus-82c28624/2026-01-H1.png
82c28624-dcdf-4cd4-95c0-fd2f9b316c54,qts-richmond-v-llc-campus-82c28624,Qts Richmond V Llc Campus,VA,42.75,13,positive,2026-02-H1,False,Greenfield,2026-01-H2,-1,4128,0.972,0.04492,0.15719,7e-05,0.00037,0.84237,0.63345,-0.26157,0.1039,0.0,0.0,results/chips_pos16par/qts-richmond-v-llc-campus-82c28624/2026-01-H2.png
82c28624-dcdf-4cd4-95c0-fd2f9b316c54,qts-richmond-v-llc-campus-82c28624,Qts Richmond V Llc Campus,VA,42.75,13,positive,2026-02-H1,False,Greenfield,2026-02-H1,0,4460,1.0,0.03422,0.18939,0.05911,0.00315,0.74835,0.5156,-0.01455,0.1937,0.0,0.0,results/chips_pos16par/qts-richmond-v-llc-campus-82c28624/2026-02-H1.png
82c28624-dcdf-4cd4-95c0-fd2f9b316c54,qts-richmond-v-llc-campus-82c28624,Qts Richmond V Llc Campus,VA,42.75,13,positive,2026-02-H1,False,Greenfield,2026-02-H2,1,4460,1.0,0.03591,0.17947,0.06188,0.00837,0.75028,0.47274,0.01403,0.20194,0.0,0.0,results/chips_pos16par/qts-richmond-v-llc-campus-82c28624/2026-02-H2.png
82c28624-dcdf-4cd4-95c0-fd2f9b316c54,qts-richmond-v-llc-campus-82c28624,Qts Richmond V Llc Campus,VA,42.75,13,positive,2026-02-H1,False,Greenfield,2026-03-H1,2,4460,1.0,0.03617,0.17099,0.13491,0.00766,0.68645,0.45925,0.06523,0.23803,1001.54808,0.0,results/chips_pos16par/qts-richmond-v-llc-campus-82c28624/2026-03-H1.png
82c28624-dcdf-4cd4-95c0-fd2f9b316c54,qts-richmond-v-llc-campus-82c28624,Qts Richmond V Llc Campus,VA,42.75,13,positive,2026-02-H1,False,Greenfield,2026-03-H2,3,4460,1.0,0.03541,0.17283,0.15973,0.01447,0.65296,0.4452,0.05706,0.25012,11718.11248,0.0,results/chips_pos16par/qts-richmond-v-llc-campus-82c28624/2026-03-H2.png
82c28624-dcdf-4cd4-95c0-fd2f9b316c54,qts-richmond-v-llc-campus-82c28624,Qts Richmond V Llc Campus,VA,42.75,13,positive,2026-02-H1,False,Greenfield,2026-04-H1,4,4460,1.0,0.02287,0.25097,0.24694,0.02563,0.47646,0.51818,-0.07947,0.28391,135609.60936,0.0,results/chips_pos16par/qts-richmond-v-llc-campus-82c28624/2026-04-H1.png
82c28624-dcdf-4cd4-95c0-fd2f9b316c54,qts-richmond-v-llc-campus-82c28624,Qts Richmond V Llc Campus,VA,42.75,13,positive,2026-02-H1,False,Greenfield,2026-04-H2,5,4460,1.0,0.02915,0.32789,0.20753,0.0269,0.43768,0.60486,-0.2137,0.25174,124091.8065,0.0,results/chips_pos16par/qts-richmond-v-llc-campus-82c28624/2026-04-H2.png
82c28624-dcdf-4cd4-95c0-fd2f9b316c54,qts-richmond-v-llc-campus-82c28624,Qts Richmond V Llc Campus,VA,42.75,13,positive,2026-02-H1,False,Greenfield,2026-05-H1,6,4460,1.0,0.02864,0.3613,0.24258,0.03436,0.36175,0.60933,-0.23904,0.26344,134808.3709,0.0,results/chips_pos16par/qts-richmond-v-llc-campus-82c28624/2026-05-H1.png
82c28624-dcdf-4cd4-95c0-fd2f9b316c54,qts-richmond-v-llc-campus-82c28624,Qts Richmond V Llc Campus,VA,42.75,13,positive,2026-02-H1,False,Greenfield,2026-05-H2,7,4460,1.0,0.02902,0.36609,0.14395,0.02985,0.46011,0.61243,-0.22302,0.23378,28343.81052,0.0,results/chips_pos16par/qts-richmond-v-llc-campus-82c28624/2026-05-H2.png
82c28624-dcdf-4cd4-95c0-fd2f9b316c54,qts-richmond-v-llc-campus-82c28624,Qts Richmond V Llc Campus,VA,42.75,13,positive,2026-02-H1,False,Greenfield,2026-06-H1,8,4460,1.0,0.02615,0.34502,0.26124,0.03951,0.35422,0.59229,-0.20816,0.27879,135609.60936,0.0,results/chips_pos16par/qts-richmond-v-llc-campus-82c28624/2026-06-H1.png
82c28624-dcdf-4cd4-95c0-fd2f9b316c54,qts-richmond-v-llc-campus-82c28624,Qts Richmond V Llc Campus,VA,42.75,13,positive,2026-02-H1,False,Greenfield,2026-06-H2,9,29,0.0068,0.01859,0.20233,0.29313,0.17547,0.32907,0.245,-0.05012,0.36191,200.30962,0.0,results/chips_pos16par/qts-richmond-v-llc-campus-82c28624/2026-06-H2.png
82c28624-dcdf-4cd4-95c0-fd2f9b316c54,qts-richmond-v-llc-campus-82c28624,Qts Richmond V Llc Campus,VA,42.75,13,positive,2026-02-H1,False,Greenfield,2026-07-H1,10,4460,1.0,0.02774,0.3127,0.24328,0.06074,0.38328,0.55685,-0.179,0.2868,125493.97381,0.0,results/chips_pos16par/qts-richmond-v-llc-campus-82c28624/2026-07-H1.png
82c28624-dcdf-4cd4-95c0-fd2f9b316c54,qts-richmond-v-llc-campus-82c28624,Qts Richmond V Llc Campus,VA,42.75,13,positive,2026-02-H1,False,Greenfield,2026-08-H1,12,4354,1.0,0.02927,0.26549,0.1895,0.04371,0.5013,0.54539,-0.15874,0.25289,101857.43923,0.0,results/chips_pos16par/qts-richmond-v-llc-campus-82c28624/2026-08-H1.png
82c28624-dcdf-4cd4-95c0-fd2f9b316c54,qts-richmond-v-llc-campus-82c28624,Qts Richmond V Llc Campus,VA,42.75,13,positive,2026-02-H1,False,Greenfield,2026-08-H2,13,4460,1.0,0.03569,0.24897,0.05867,0.043,0.64936,0.54254,-0.18611,0.19188,0.0,0.0,results/chips_pos16par/qts-richmond-v-llc-campus-82c28624/2026-08-H2.png
82c28624-dcdf-4cd4-95c0-fd2f9b316c54,qts-richmond-v-llc-campus-82c28624,Qts Richmond V Llc Campus,VA,42.75,13,positive,2026-02-H1,False,Greenfield,2026-09-H1,14,4460,1.0,0.03051,0.21984,0.20805,0.04682,0.52529,0.53984,-0.13307,0.24877,101657.12962,0.0,results/chips_pos16par/qts-richmond-v-llc-campus-82c28624/2026-09-H1.png
30208100-d06b-11f0-b7e3-a5e0cc128db7,site-0b303fbd-30208100,Site 0b303fbd,,277.93,23,positive,2026-02-H1,False,Greenfield,2023-01-H1,-74,28286,1.0,0.03846,0.05534,0.46083,0.00049,0.48335,0.29632,0.2551,0.36259,1273805.72312,0.0,results/chips_pos16par/site-0b303fbd-30208100/2023-01-H1.png
30208100-d06b-11f0-b7e3-a5e0cc128db7,site-0b303fbd-30208100,Site 0b303fbd,,277.93,23,positive,2026-02-H1,False,Greenfield,2023-01-H2,-73,28286,1.0,0.03434,0.10228,0.30604,0.00012,0.59157,0.33753,0.18557,0.29861,100.03972,0.0,results/chips_pos16par/site-0b303fbd-30208100/2023-01-H2.png
30208100-d06b-11f0-b7e3-a5e0cc128db7,site-0b303fbd-30208100,Site 0b303fbd,,277.93,23,positive,2026-02-H1,False,Greenfield,2023-02-H1,-72,28286,1.0,0.03594,0.08651,0.32449,0.0001,0.5889,0.33091,0.20906,0.30482,1500.59576,0.0,results/chips_pos16par/site-0b303fbd-30208100/2023-02-H1.png
30208100-d06b-11f0-b7e3-a5e0cc128db7,site-0b303fbd-30208100,Site 0b303fbd,,277.93,23,positive,2026-02-H1,False,Greenfield,2023-04-H1,-68,1781,0.0644,0.01268,0.35277,0.19252,0.00178,0.45294,0.61424,-0.11394,0.27271,0.0,0.0,results/chips_pos16par/site-0b303fbd-30208100/2023-04-H1.png
30208100-d06b-11f0-b7e3-a5e0cc128db7,site-0b303fbd-30208100,Site 0b303fbd,,277.93,23,positive,2026-02-H1,False,Greenfield,2023-04-H2,-67,27962,1.0,0.01741,0.3859,0.14144,0.00108,0.47158,0.68043,-0.14214,0.26071,300.11915,0.0,results/chips_pos16par/site-0b303fbd-30208100/2023-04-H2.png
30208100-d06b-11f0-b7e3-a5e0cc128db7,site-0b303fbd-30208100,Site 0b303fbd,,277.93,23,positive,2026-02-H1,False,Greenfield,2023-05-H1,-66,26404,0.954,0.01749,0.39024,0.11021,0.00055,0.49899,0.69932,-0.1673,0.24373,300.11915,0.0,results/chips_pos16par/site-0b303fbd-30208100/2023-05-H1.png
30208100-d06b-11f0-b7e3-a5e0cc128db7,site-0b303fbd-30208100,Site 0b303fbd,,277.93,23,positive,2026-02-H1,False,Greenfield,2023-05-H2,-65,26778,0.9676,0.02499,0.29451,0.17874,0.0023,0.52445,0.6169,-0.04424,0.27181,9703.8526,0.0,results/chips_pos16par/site-0b303fbd-30208100/2023-05-H2.png
30208100-d06b-11f0-b7e3-a5e0cc128db7,site-0b303fbd-30208100,Site 0b303fbd,,277.93,23,positive,2026-02-H1,False,Greenfield,2023-06-H1,-64,28286,1.0,0.02936,0.26079,0.21586,0.00027,0.52308,0.59173,0.00962,0.28693,10404.13062,0.0,results/chips_pos16par/site-0b303fbd-30208100/2023-06-H1.png
30208100-d06b-11f0-b7e3-a5e0cc128db7,site-0b303fbd-30208100,Site 0b303fbd,,277.93,23,positive,2026-02-H1,False,Greenfield,2023-06-H2,-63,28286,1.0,0.02326,0.30883,0.19176,0.00033,0.49908,0.61896,-0.04646,0.28106,2901.15181,0.0,results/chips_pos16par/site-0b303fbd-30208100/2023-06-H2.png
30208100-d06b-11f0-b7e3-a5e0cc128db7,site-0b303fbd-30208100,Site 0b303fbd,,277.93,23,positive,2026-02-H1,False,Greenfield,2023-07-H1,-62,3839,0.1387,0.02236,0.1969,0.20492,0.00531,0.59287,0.4503,0.01795,0.25917,5902.34333,0.0,results/chips_pos16par/site-0b303fbd-30208100/2023-07-H1.png
30208100-d06b-11f0-b7e3-a5e0cc128db7,site-0b303fbd-30208100,Site 0b303fbd,,277.93,23,positive,2026-02-H1,False,Greenfield,2023-07-H2,-61,28286,1.0,0.02783,0.20865,0.34916,0.00044,0.44175,0.43483,0.08197,0.33925,172668.55243,0.0,results/chips_pos16par/site-0b303fbd-30208100/2023-07-H2.png
30208100-d06b-11f0-b7e3-a5e0cc128db7,site-0b303fbd-30208100,Site 0b303fbd,,277.93,23,positive,2026-02-H1,False,Greenfield,2023-08-H1,-60,28286,1.0,0.02747,0.19025,0.42842,0.00088,0.38046,0.35728,0.10222,0.36916,823026.756,0.0,results/chips_pos16par/site-0b303fbd-30208100/2023-08-H1.png
30208100-d06b-11f0-b7e3-a5e0cc128db7,site-0b303fbd-30208100,Site 0b303fbd,,277.93,23,positive,2026-02-H1,False,Greenfield,2023-08-H2,-59,28286,1.0,0.02601,0.17074,0.46904,0.00078,0.35945,0.33643,0.11894,0.38167,1262201.11589,0.0,results/chips_pos16par/site-0b303fbd-30208100/2023-08-H2.png
30208100-d06b-11f0-b7e3-a5e0cc128db7,site-0b303fbd-30208100,Site 0b303fbd,,277.93,23,positive,2026-02-H1,False,Greenfield,2023-09-H1,-58,28286,1.0,0.0314,0.13087,0.48309,0.00045,0.3856,0.32015,0.17132,0.38747,1429867.68245,0.0,results/chips_pos16par/site-0b303fbd-30208100/2023-09-H1.png
30208100-d06b-11f0-b7e3-a5e0cc128db7,site-0b303fbd-30208100,Site 0b303fbd,,277.93,23,positive,2026-02-H1,False,Greenfield,2023-09-H2,-57,28286,1.0,0.0382,0.09516,0.37798,0.0002,0.52666,0.36728,0.20908,0.33424,377349.81447,0.0,results/chips_pos16par/site-0b303fbd-30208100/2023-09-H2.png
30208100-d06b-11f0-b7e3-a5e0cc128db7,site-0b303fbd-30208100,Site 0b303fbd,,277.93,23,positive,2026-02-H1,False,Greenfield,2023-10-H1,-56,28286,1.0,0.03584,0.14356,0.33246,0.00031,0.52366,0.43046,0.15377,0.32338,83833.28328,0.0,results/chips_pos16par/site-0b303fbd-30208100/2023-10-H1.png
30208100-d06b-11f0-b7e3-a5e0cc128db7,site-0b303fbd-30208100,Site 0b303fbd,,277.93,23,positive,2026-02-H1,False,Greenfield,2023-10-H2,-55,28286,1.0,0.03422,0.16486,0.31962,0.0003,0.51521,0.44467,0.12892,0.32086,42917.03881,0.0,results/chips_pos16par/site-0b303fbd-30208100/2023-10-H2.png
30208100-d06b-11f0-b7e3-a5e0cc128db7,site-0b303fbd-30208100,Site 0b303fbd,,277.93,23,positive,2026-02-H1,False,Greenfield,2023-11-H1,-54,28286,1.0,0.03637,0.15544,0.25746,0.00034,0.58676,0.46322,0.13504,0.29307,4001.5887,0.0,results/chips_pos16par/site-0b303fbd-30208100/2023-11-H1.png
30208100-d06b-11f0-b7e3-a5e0cc128db7,site-0b303fbd-30208100,Site 0b303fbd,,277.93,23,positive,2026-02-H1,False,Greenfield,2023-11-H2,-53,28286,1.0,0.03649,0.18341,0.19343,0.00037,0.6228,0.51192,0.09115,0.26736,0.0,0.0,results/chips_pos16par/site-0b303fbd-30208100/2023-11-H2.png
30208100-d06b-11f0-b7e3-a5e0cc128db7,site-0b303fbd-30208100,Site 0b303fbd,,277.93,23,positive,2026-02-H1,False,Greenfield,2023-12-H2,-51,28286,1.0,0.03499,0.15957,0.23153,0.00011,0.60878,0.45029,0.11918,0.27848,0.0,0.0,results/chips_pos16par/site-0b303fbd-30208100/2023-12-H2.png
30208100-d06b-11f0-b7e3-a5e0cc128db7,site-0b303fbd-30208100,Site 0b303fbd,,277.93,23,positive,2026-02-H1,False,Greenfield,2024-01-H1,-50,28286,1.0,0.03377,0.1364,0.26017,0.00021,0.60321,0.41489,0.14252,0.28485,1300.51633,0.0,results/chips_pos16par/site-0b303fbd-30208100/2024-01-H1.png
30208100-d06b-11f0-b7e3-a5e0cc128db7,site-0b303fbd-30208100,Site 0b303fbd,,277.93,23,positive,2026-02-H1,False,Greenfield,2024-01-H2,-49,28286,1.0,0.03752,0.11655,0.26509,0.00015,0.61821,0.39658,0.17369,0.2849,1000.39718,0.0,results/chips_pos16par/site-0b303fbd-30208100/2024-01-H2.png
30208100-d06b-11f0-b7e3-a5e0cc128db7,site-0b303fbd-30208100,Site 0b303fbd,,277.93,23,positive,2026-02-H1,False,Greenfield,2024-02-H1,-48,27186,0.9823,0.03163,0.11092,0.26739,0.00195,0.61974,0.38986,0.15061,0.27895,14305.6796,0.0,results/chips_pos16par/site-0b303fbd-30208100/2024-02-H1.png
30208100-d06b-11f0-b7e3-a5e0cc128db7,site-0b303fbd-30208100,Site 0b303fbd,,277.93,23,positive,2026-02-H1,False,Greenfield,2024-02-H2,-47,28286,1.0,0.03482,0.15018,0.30648,0.0003,0.54304,0.4566,0.13954,0.30935,29111.5578,0.0,results/chips_pos16par/site-0b303fbd-30208100/2024-02-H2.png
30208100-d06b-11f0-b7e3-a5e0cc128db7,site-0b303fbd-30208100,Site 0b303fbd,,277.93,23,positive,2026-02-H1,False,Greenfield,2024-03-H1,-46,28286,1.0,0.03096,0.18965,0.24327,0.00023,0.56685,0.49871,0.0798,0.28549,4501.78729,0.0,results/chips_pos16par/site-0b303fbd-30208100/2024-03-H1.png
30208100-d06b-11f0-b7e3-a5e0cc128db7,site-0b303fbd-30208100,Site 0b303fbd,,277.93,23,positive,2026-02-H1,False,Greenfield,2024-03-H2,-45,28286,1.0,0.02017,0.33693,0.07818,0.00037,0.58451,0.67826,-0.13491,0.22632,0.0,0.0,results/chips_pos16par/site-0b303fbd-30208100/2024-03-H2.png
30208100-d06b-11f0-b7e3-a5e0cc128db7,site-0b303fbd-30208100,Site 0b303fbd,,277.93,23,positive,2026-02-H1,False,Greenfield,2024-04-H1,-44,734,0.0265,0.01803,0.38319,0.10195,0.0,0.51486,0.70133,-0.14814,0.24588,0.0,0.0,results/chips_pos16par/site-0b303fbd-30208100/2024-04-H1.png
30208100-d06b-11f0-b7e3-a5e0cc128db7,site-0b303fbd-30208100,Site 0b303fbd,,277.93,23,positive,2026-02-H1,False,Greenfield,2024-04-H2,-43,137,0.005,0.01783,0.39316,0.03453,0.08904,0.48327,0.58633,-0.22234,0.24756,0.0,0.0,results/chips_pos16par/site-0b303fbd-30208100/2024-04-H2.png
30208100-d06b-11f0-b7e3-a5e0cc128db7,site-0b303fbd-30208100,Site 0b303fbd,,277.93,23,positive,2026-02-H1,False,Greenfield,2024-05-H1,-42,28286,1.0,0.02032,0.33928,0.0557,0.00031,0.60471,0.68106,-0.14596,0.21776,0.0,0.0,results/chips_pos16par/site-0b303fbd-30208100/2024-05-H1.png
30208100-d06b-11f0-b7e3-a5e0cc128db7,site-0b303fbd-30208100,Site 0b303fbd,,277.93,23,positive,2026-02-H1,False,Greenfield,2024-05-H2,-41,28286,1.0,0.02396,0.28598,0.14509,0.00027,0.56865,0.6008,-0.05009,0.25434,1400.55605,0.0,results/chips_pos16par/site-0b303fbd-30208100/2024-05-H2.png
30208100-d06b-11f0-b7e3-a5e0cc128db7,site-0b303fbd-30208100,Site 0b303fbd,,277.93,23,positive,2026-02-H1,False,Greenfield,2024-06-H1,-40,21992,0.7946,0.02677,0.29796,0.22175,0.00942,0.47086,0.60517,-0.02427,0.29959,39615.72814,2200.87379,results/chips_pos16par/site-0b303fbd-30208100/2024-06-H1.png
30208100-d06b-11f0-b7e3-a5e0cc128db7,site-0b303fbd-30208100,Site 0b303fbd,,277.93,23,positive,2026-02-H1,False,Greenfield,2024-06-H2,-39,24948,0.9014,0.0252,0.31935,0.24366,0.0021,0.43489,0.60837,-0.02699,0.31074,11104.40864,0.0,results/chips_pos16par/site-0b303fbd-30208100/2024-06-H2.png
30208100-d06b-11f0-b7e3-a5e0cc128db7,site-0b303fbd-30208100,Site 0b303fbd,,277.93,23,positive,2026-02-H1,False,Greenfield,2024-07-H1,-38,28286,1.0,0.02371,0.27293,0.21817,0.00043,0.50846,0.56592,-0.00843,0.28794,2701.07237,0.0,results/chips_pos16par/site-0b303fbd-30208100/2024-07-H1.png
30208100-d06b-11f0-b7e3-a5e0cc128db7,site-0b303fbd-30208100,Site 0b303fbd,,277.93,23,positive,2026-02-H1,False,Greenfield,2024-07-H2,-37,24816,0.8967,0.02513,0.28474,0.25369,0.00436,0.45721,0.55843,-0.00412,0.31022,27110.76345,0.0,results/chips_pos16par/site-0b303fbd-30208100/2024-07-H2.png
30208100-d06b-11f0-b7e3-a5e0cc128db7,site-0b303fbd-30208100,Site 0b303fbd,,277.93,23,positive,2026-02-H1,False,Greenfield,2024-08-H1,-36,28286,1.0,0.03017,0.24156,0.22132,0.00029,0.53683,0.54633,0.03836,0.29153,7502.97881,0.0,results/chips_pos16par/site-0b303fbd-30208100/2024-08-H1.png
30208100-d06b-11f0-b7e3-a5e0cc128db7,site-0b303fbd-30208100,Site 0b303fbd,,277.93,23,positive,2026-02-H1,False,Greenfield,2024-08-H2,-35,25623,0.9258,0.03124,0.23315,0.2688,0.00112,0.49694,0.50631,0.05952,0.31296,13005.16328,0.0,results/chips_pos16par/site-0b303fbd-30208100/2024-08-H2.png
30208100-d06b-11f0-b7e3-a5e0cc128db7,site-0b303fbd-30208100,Site 0b303fbd,,277.93,23,positive,2026-02-H1,False,Greenfield,2024-09-H1,-34,28286,1.0,0.03496,0.17594,0.26942,0.00027,0.55437,0.46685,0.11595,0.30317,12004.7661,0.0,results/chips_pos16par/site-0b303fbd-30208100/2024-09-H1.png
30208100-d06b-11f0-b7e3-a5e0cc128db7,site-0b303fbd-30208100,Site 0b303fbd,,277.93,23,positive,2026-02-H1,False,Greenfield,2024-09-H2,-33,28286,1.0,0.03793,0.16397,0.23713,0.00029,0.59861,0.48519,0.13073,0.28854,5202.06531,0.0,results/chips_pos16par/site-0b303fbd-30208100/2024-09-H2.png
30208100-d06b-11f0-b7e3-a5e0cc128db7,site-0b303fbd-30208100,Site 0b303fbd,,277.93,23,positive,2026-02-H1,False,Greenfield,2024-10-H1,-32,28286,1.0,0.03538,0.12279,0.31875,0.0003,0.55816,0.39481,0.17712,0.31545,23309.25418,0.0,results/chips_pos16par/site-0b303fbd-30208100/2024-10-H1.png
30208100-d06b-11f0-b7e3-a5e0cc128db7,site-0b303fbd-30208100,Site 0b303fbd,,277.93,23,positive,2026-02-H1,False,Greenfield,2024-10-H2,-31,28286,1.0,0.03734,0.117,0.33709,0.00036,0.54554,0.36665,0.19197,0.32556,35514.09972,0.0,results/chips_pos16par/site-0b303fbd-30208100/2024-10-H2.png
30208100-d06b-11f0-b7e3-a5e0cc128db7,site-0b303fbd-30208100,Site 0b303fbd,,277.93,23,positive,2026-02-H1,False,Greenfield,2024-11-H1,-30,28286,1.0,0.0375,0.16766,0.22221,0.00018,0.60996,0.4617,0.12621,0.28321,0.0,0.0,results/chips_pos16par/site-0b303fbd-30208100/2024-11-H1.png
30208100-d06b-11f0-b7e3-a5e0cc128db7,site-0b303fbd-30208100,Site 0b303fbd,,277.93,23,positive,2026-02-H1,False,Greenfield,2024-11-H2,-29,28286,1.0,0.03959,0.16065,0.23304,0.00024,0.60606,0.49008,0.1371,0.28572,800.31774,0.0,results/chips_pos16par/site-0b303fbd-30208100/2024-11-H2.png
30208100-d06b-11f0-b7e3-a5e0cc128db7,site-0b303fbd-30208100,Site 0b303fbd,,277.93,23,positive,2026-02-H1,False,Greenfield,2024-12-H1,-28,28286,1.0,0.03891,0.1219,0.28947,0.0006,0.58802,0.40518,0.18377,0.30382,2200.87379,0.0,results/chips_pos16par/site-0b303fbd-30208100/2024-12-H1.png
30208100-d06b-11f0-b7e3-a5e0cc128db7,site-0b303fbd-30208100,Site 0b303fbd,,277.93,23,positive,2026-02-H1,False,Greenfield,2024-12-H2,-27,28286,1.0,0.04356,0.08869,0.27762,0.00026,0.63343,0.38805,0.22763,0.2914,700.27802,0.0,results/chips_pos16par/site-0b303fbd-30208100/2024-12-H2.png
30208100-d06b-11f0-b7e3-a5e0cc128db7,site-0b303fbd-30208100,Site 0b303fbd,,277.93,23,positive,2026-02-H1,False,Greenfield,2025-01-H1,-26,28286,1.0,0.04004,0.09222,0.31092,0.00031,0.59656,0.35504,0.21833,0.30605,1800.71492,0.0,results/chips_pos16par/site-0b303fbd-30208100/2025-01-H1.png
30208100-d06b-11f0-b7e3-a5e0cc128db7,site-0b303fbd-30208100,Site 0b303fbd,,277.93,23,positive,2026-02-H1,False,Greenfield,2025-02-H2,-23,28286,1.0,0.03876,0.10882,0.31148,0.00022,0.57948,0.38041,0.20014,0.31023,2100.83407,0.0,results/chips_pos16par/site-0b303fbd-30208100/2025-02-H2.png
30208100-d06b-11f0-b7e3-a5e0cc128db7,site-0b303fbd-30208100,Site 0b303fbd,,277.93,23,positive,2026-02-H1,False,Greenfield,2025-03-H1,-22,28286,1.0,0.03861,0.09511,0.35538,0.00036,0.54915,0.3722,0.21404,0.3252,25109.9691,0.0,results/chips_pos16par/site-0b303fbd-30208100/2025-03-H1.png
30208100-d06b-11f0-b7e3-a5e0cc128db7,site-0b303fbd-30208100,Site 0b303fbd,,277.93,23,positive,2026-02-H1,False,Greenfield,2025-03-H2,-21,28286,1.0,0.03077,0.16495,0.319,0.00036,0.51569,0.45076,0.11731,0.31454,5602.22418,0.0,results/chips_pos16par/site-0b303fbd-30208100/2025-03-H2.png
30208100-d06b-11f0-b7e3-a5e0cc128db7,site-0b303fbd-30208100,Site 0b303fbd,,277.93,23,positive,2026-02-H1,False,Greenfield,2025-04-H1,-20,28286,1.0,0.02672,0.28281,0.18121,0.00036,0.53561,0.62392,-0.02524,0.27283,900.35746,0.0,results/chips_pos16par/site-0b303fbd-30208100/2025-04-H1.png
30208100-d06b-11f0-b7e3-a5e0cc128db7,site-0b303fbd-30208100,Site 0b303fbd,,277.93,23,positive,2026-02-H1,False,Greenfield,2025-04-H2,-19,5258,0.19,0.01713,0.39197,0.1816,0.03679,0.38964,0.59966,-0.1361,0.29707,1300.51633,0.0,results/chips_pos16par/site-0b303fbd-30208100/2025-04-H2.png
30208100-d06b-11f0-b7e3-a5e0cc128db7,site-0b303fbd-30208100,Site 0b303fbd,,277.93,23,positive,2026-02-H1,False,Greenfield,2025-05-H1,-18,10003,0.3614,0.01455,0.4362,0.1291,0.00535,0.42936,0.69715,-0.17564,0.2664,0.0,0.0,results/chips_pos16par/site-0b303fbd-30208100/2025-05-H1.png
30208100-d06b-11f0-b7e3-a5e0cc128db7,site-0b303fbd-30208100,Site 0b303fbd,,277.93,23,positive,2026-02-H1,False,Greenfield,2025-05-H2,-17,28286,1.0,0.02024,0.38137,0.11292,0.00046,0.50526,0.69779,-0.13589,0.25329,0.0,0.0,results/chips_pos16par/site-0b303fbd-30208100/2025-05-H2.png
30208100-d06b-11f0-b7e3-a5e0cc128db7,site-0b303fbd-30208100,Site 0b303fbd,,277.93,23,positive,2026-02-H1,False,Greenfield,2025-06-H2,-15,14238,0.5145,0.01991,0.42713,0.20455,0.00659,0.36174,0.67275,-0.12372,0.30616,11104.40864,0.0,results/chips_pos16par/site-0b303fbd-30208100/2025-06-H2.png
30208100-d06b-11f0-b7e3-a5e0cc128db7,site-0b303fbd-30208100,Site 0b303fbd,,277.93,23,positive,2026-02-H1,False,Greenfield,2025-07-H1,-14,8089,0.2923,0.01894,0.38708,0.20654,0.02312,0.38326,0.61254,-0.11307,0.30519,2000.79435,0.0,results/chips_pos16par/site-0b303fbd-30208100/2025-07-H1.png
30208100-d06b-11f0-b7e3-a5e0cc128db7,site-0b303fbd-30208100,Site 0b303fbd,,277.93,23,positive,2026-02-H1,False,Greenfield,2025-07-H2,-13,28286,1.0,0.02293,0.40911,0.11442,0.00066,0.47581,0.70323,-0.13478,0.2656,700.27802,0.0,results/chips_pos16par/site-0b303fbd-30208100/2025-07-H2.png
30208100-d06b-11f0-b7e3-a5e0cc128db7,site-0b303fbd-30208100,Site 0b303fbd,,277.93,23,positive,2026-02-H1,False,Greenfield,2025-08-H1,-12,28286,1.0,0.02424,0.31646,0.1772,0.00037,0.50598,0.61874,-0.04941,0.27936,1400.55605,0.0,results/chips_pos16par/site-0b303fbd-30208100/2025-08-H1.png
30208100-d06b-11f0-b7e3-a5e0cc128db7,site-0b303fbd-30208100,Site 0b303fbd,,277.93,23,positive,2026-02-H1,False,Greenfield,2025-08-H2,-11,28286,1.0,0.02698,0.27996,0.18678,0.00037,0.53289,0.57995,-0.01198,0.27984,900.35746,0.0,results/chips_pos16par/site-0b303fbd-30208100/2025-08-H2.png
30208100-d06b-11f0-b7e3-a5e0cc128db7,site-0b303fbd-30208100,Site 0b303fbd,,277.93,23,positive,2026-02-H1,False,Greenfield,2025-09-H1,-10,28286,1.0,0.0285,0.27924,0.16311,0.00039,0.55727,0.59546,-0.01154,0.27185,100.03972,0.0,results/chips_pos16par/site-0b303fbd-30208100/2025-09-H1.png
30208100-d06b-11f0-b7e3-a5e0cc128db7,site-0b303fbd-30208100,Site 0b303fbd,,277.93,23,positive,2026-02-H1,False,Greenfield,2025-09-H2,-9,19272,0.6963,0.02713,0.23695,0.21764,4e-05,0.54537,0.53461,0.03214,0.28627,0.0,0.0,results/chips_pos16par/site-0b303fbd-30208100/2025-09-H2.png
30208100-d06b-11f0-b7e3-a5e0cc128db7,site-0b303fbd-30208100,Site 0b303fbd,,277.93,23,positive,2026-02-H1,False,Greenfield,2025-10-H1,-8,28286,1.0,0.03587,0.18266,0.27143,0.0006,0.54532,0.4489,0.11905,0.30987,2500.99294,0.0,results/chips_pos16par/site-0b303fbd-30208100/2025-10-H1.png
30208100-d06b-11f0-b7e3-a5e0cc128db7,site-0b303fbd-30208100,Site 0b303fbd,,277.93,23,positive,2026-02-H1,False,Greenfield,2025-10-H2,-7,28286,1.0,0.03566,0.18274,0.29902,0.00032,0.51792,0.42257,0.12065,0.32065,5602.22418,0.0,results/chips_pos16par/site-0b303fbd-30208100/2025-10-H2.png
30208100-d06b-11f0-b7e3-a5e0cc128db7,site-0b303fbd-30208100,Site 0b303fbd,,277.93,23,positive,2026-02-H1,False,Greenfield,2025-11-H1,-6,28286,1.0,0.03474,0.17459,0.25344,0.00034,0.57163,0.43849,0.11406,0.29493,200.07944,0.0,results/chips_pos16par/site-0b303fbd-30208100/2025-11-H1.png
30208100-d06b-11f0-b7e3-a5e0cc128db7,site-0b303fbd-30208100,Site 0b303fbd,,277.93,23,positive,2026-02-H1,False,Greenfield,2025-11-H2,-5,28286,1.0,0.03843,0.09677,0.30551,6e-05,0.59766,0.36013,0.2072,0.30297,1200.47661,0.0,results/chips_pos16par/site-0b303fbd-30208100/2025-11-H2.png
30208100-d06b-11f0-b7e3-a5e0cc128db7,site-0b303fbd-30208100,Site 0b303fbd,,277.93,23,positive,2026-02-H1,False,Greenfield,2025-12-H1,-4,28038,1.0,0.0447,0.073,0.33763,0.0002,0.58917,0.31439,0.24959,0.31493,89235.42802,0.0,results/chips_pos16par/site-0b303fbd-30208100/2025-12-H1.png
30208100-d06b-11f0-b7e3-a5e0cc128db7,site-0b303fbd-30208100,Site 0b303fbd,,277.93,23,positive,2026-02-H1,False,Greenfield,2025-12-H2,-3,28286,1.0,0.04597,0.04957,0.36639,0.00037,0.58367,0.29282,0.28724,0.32587,74129.43068,0.0,results/chips_pos16par/site-0b303fbd-30208100/2025-12-H2.png
30208100-d06b-11f0-b7e3-a5e0cc128db7,site-0b303fbd-30208100,Site 0b303fbd,,277.93,23,positive,2026-02-H1,False,Greenfield,2026-01-H1,-2,28011,1.0,0.04869,0.02478,0.46954,0.00063,0.50506,0.25766,0.3101,0.35739,1004598.84329,0.0,results/chips_pos16par/site-0b303fbd-30208100/2026-01-H1.png
30208100-d06b-11f0-b7e3-a5e0cc128db7,site-0b303fbd-30208100,Site 0b303fbd,,277.93,23,positive,2026-02-H1,False,Greenfield,2026-02-H1,0,28286,1.0,0.03972,0.01377,0.51838,0.01587,0.45198,0.1879,0.2944,0.37822,1452876.81748,900.35746,results/chips_pos16par/site-0b303fbd-30208100/2026-02-H1.png
30208100-d06b-11f0-b7e3-a5e0cc128db7,site-0b303fbd-30208100,Site 0b303fbd,,277.93,23,positive,2026-02-H1,False,Greenfield,2026-02-H2,1,128,0.0046,0.04381,0.0,0.51481,0.48394,0.00125,0.04634,0.04432,0.57663,8503.37599,4201.66814,results/chips_pos16par/site-0b303fbd-30208100/2026-02-H2.png
30208100-d06b-11f0-b7e3-a5e0cc128db7,site-0b303fbd-30208100,Site 0b303fbd,,277.93,23,positive,2026-02-H1,False,Greenfield,2026-03-H1,2,28286,1.0,0.03593,0.02117,0.55156,0.03089,0.39638,0.19142,0.25337,0.3937,1797013.44573,14605.79876,results/chips_pos16par/site-0b303fbd-30208100/2026-03-H1.png
30208100-d06b-11f0-b7e3-a5e0cc128db7,site-0b303fbd-30208100,Site 0b303fbd,,277.93,23,positive,2026-02-H1,False,Greenfield,2026-03-H2,3,28286,1.0,0.03367,0.01303,0.63422,0.04073,0.31203,0.16057,0.26184,0.43193,2548911.96257,36314.41746,results/chips_pos16par/site-0b303fbd-30208100/2026-03-H2.png
30208100-d06b-11f0-b7e3-a5e0cc128db7,site-0b303fbd-30208100,Site 0b303fbd,,277.93,23,positive,2026-02-H1,False,Greenfield,2026-04-H2,5,1039,0.0375,0.01063,0.05099,0.17414,0.02946,0.74541,0.17895,0.10365,0.21709,0.0,0.0,results/chips_pos16par/site-0b303fbd-30208100/2026-04-H2.png
30208100-d06b-11f0-b7e3-a5e0cc128db7,site-0b303fbd-30208100,Site 0b303fbd,,277.93,23,positive,2026-02-H1,False,Greenfield,2026-05-H1,6,28286,1.0,0.02771,0.03355,0.48895,0.05615,0.42135,0.14787,0.20603,0.37824,1488791.07606,800.31774,results/chips_pos16par/site-0b303fbd-30208100/2026-05-H1.png
30208100-d06b-11f0-b7e3-a5e0cc128db7,site-0b303fbd-30208100,Site 0b303fbd,,277.93,23,positive,2026-02-H1,False,Greenfield,2026-05-H2,7,14870,0.5373,0.02427,0.053,0.37126,0.12408,0.45167,0.13611,0.14505,0.36863,175169.54537,32212.78904,results/chips_pos16par/site-0b303fbd-30208100/2026-05-H2.png
30208100-d06b-11f0-b7e3-a5e0cc128db7,site-0b303fbd-30208100,Site 0b303fbd,,277.93,23,positive,2026-02-H1,False,Greenfield,2026-06-H1,8,19656,0.7102,0.03021,0.01819,0.68389,0.11057,0.18735,0.11378,0.21449,0.48731,1702375.87296,58523.23475,results/chips_pos16par/site-0b303fbd-30208100/2026-06-H1.png
30208100-d06b-11f0-b7e3-a5e0cc128db7,site-0b303fbd-30208100,Site 0b303fbd,,277.93,23,positive,2026-02-H1,False,Greenfield,2026-06-H2,9,26951,0.9738,0.01996,0.01395,0.67418,0.11479,0.19708,0.10212,0.17003,0.46489,2463478.04382,10304.0909,results/chips_pos16par/site-0b303fbd-30208100/2026-06-H2.png
30208100-d06b-11f0-b7e3-a5e0cc128db7,site-0b303fbd-30208100,Site 0b303fbd,,277.93,23,positive,2026-02-H1,False,Greenfield,2026-07-H1,10,23518,0.8498,0.02627,0.00792,0.70568,0.1302,0.1562,0.06918,0.19189,0.48954,2151754.28404,34713.78198,results/chips_pos16par/site-0b303fbd-30208100/2026-07-H1.png
30208100-d06b-11f0-b7e3-a5e0cc128db7,site-0b303fbd-30208100,Site 0b303fbd,,277.93,23,positive,2026-02-H1,False,Greenfield,2026-07-H2,11,26273,0.9493,0.02838,0.00395,0.71057,0.13507,0.1504,0.06704,0.19025,0.4944,2364738.84263,74629.62927,results/chips_pos16par/site-0b303fbd-30208100/2026-07-H2.png
30208100-d06b-11f0-b7e3-a5e0cc128db7,site-0b303fbd-30208100,Site 0b303fbd,,277.93,23,positive,2026-02-H1,False,Greenfield,2026-08-H1,12,27298,0.9863,0.03378,0.0031,0.71373,0.17598,0.10719,0.06508,0.16919,0.51534,2404454.61048,148759.05995,results/chips_pos16par/site-0b303fbd-30208100/2026-08-H1.png
30208100-d06b-11f0-b7e3-a5e0cc128db7,site-0b303fbd-30208100,Site 0b303fbd,,277.93,23,positive,2026-02-H1,False,Greenfield,2026-08-H2,13,26507,0.9578,0.03009,0.00254,0.7127,0.1695,0.11526,0.05388,0.17559,0.50869,2369440.70935,115145.71486,results/chips_pos16par/site-0b303fbd-30208100/2026-08-H2.png
30208100-d06b-11f0-b7e3-a5e0cc128db7,site-0b303fbd-30208100,Site 0b303fbd,,277.93,23,positive,2026-02-H1,False,Greenfield,2026-09-H1,14,4326,0.1563,0.0439,0.00516,0.47967,0.1868,0.32837,0.02321,0.17803,0.46467,224989.32469,43917.43599,results/chips_pos16par/site-0b303fbd-30208100/2026-09-H1.png
c0b3b599-1972-4e8d-b87b-ccb4105c1913,site-220d1acb-c0b3b599,Site 220d1acb,,26.91,5,positive,2026-02-H2,False,Greenfield,2023-01-H1,-75,2751,1.0,0.02485,0.11244,0.41114,0.03352,0.4429,0.18334,0.03328,0.30673,65120.07254,0.0,results/chips_pos16par/site-220d1acb-c0b3b599/2023-01-H1.png
c0b3b599-1972-4e8d-b87b-ccb4105c1913,site-220d1acb-c0b3b599,Site 220d1acb,,26.91,5,positive,2026-02-H2,False,Greenfield,2023-01-H2,-74,2751,1.0,0.02664,0.15639,0.52613,0.05827,0.25921,0.22441,-0.0017,0.36274,196151.95101,0.0,results/chips_pos16par/site-220d1acb-c0b3b599/2023-01-H2.png
c0b3b599-1972-4e8d-b87b-ccb4105c1913,site-220d1acb-c0b3b599,Site 220d1acb,,26.91,5,positive,2026-02-H2,False,Greenfield,2023-02-H1,-73,2751,1.0,0.02087,0.17074,0.43916,0.04048,0.34963,0.25179,-0.01077,0.32852,79965.07387,0.0,results/chips_pos16par/site-220d1acb-c0b3b599/2023-02-H1.png
c0b3b599-1972-4e8d-b87b-ccb4105c1913,site-220d1acb-c0b3b599,Site 220d1acb,,26.91,5,positive,2026-02-H2,False,Greenfield,2023-02-H2,-72,2751,1.0,0.01915,0.19581,0.38862,0.04419,0.37138,0.27847,-0.0363,0.31561,18308.83498,0.0,results/chips_pos16par/site-220d1acb-c0b3b599/2023-02-H2.png
c0b3b599-1972-4e8d-b87b-ccb4105c1913,site-220d1acb-c0b3b599,Site 220d1acb,,26.91,5,positive,2026-02-H2,False,Greenfield,2023-03-H1,-71,2751,1.0,0.01716,0.2674,0.2683,0.02095,0.44335,0.39368,-0.0965,0.27348,2474.16689,0.0,results/chips_pos16par/site-220d1acb-c0b3b599/2023-03-H1.png
c0b3b599-1972-4e8d-b87b-ccb4105c1913,site-220d1acb-c0b3b599,Site 220d1acb,,26.91,5,positive,2026-02-H2,False,Greenfield,2023-03-H2,-70,2751,1.0,0.01628,0.23764,0.34608,0.02545,0.39083,0.34204,-0.05862,0.30292,20881.96855,0.0,results/chips_pos16par/site-220d1acb-c0b3b599/2023-03-H2.png
c0b3b599-1972-4e8d-b87b-ccb4105c1913,site-220d1acb-c0b3b599,Site 220d1acb,,26.91,5,positive,2026-02-H2,False,Greenfield,2023-04-H1,-69,2751,1.0,0.01966,0.21253,0.42023,0.01948,0.34776,0.30957,-0.02307,0.32613,80261.9739,0.0,results/chips_pos16par/site-220d1acb-c0b3b599/2023-04-H1.png
c0b3b599-1972-4e8d-b87b-ccb4105c1913,site-220d1acb-c0b3b599,Site 220d1acb,,26.91,5,positive,2026-02-H2,False,Greenfield,2023-04-H2,-68,2751,1.0,0.02389,0.13065,0.62548,0.06494,0.17893,0.18067,0.05539,0.42153,229503.72069,0.0,results/chips_pos16par/site-220d1acb-c0b3b599/2023-04-H2.png
c0b3b599-1972-4e8d-b87b-ccb4105c1913,site-220d1acb-c0b3b599,Site 220d1acb,,26.91,5,positive,2026-02-H2,False,Greenfield,2023-05-H1,-67,2751,1.0,0.02264,0.1007,0.6097,0.04763,0.24197,0.15885,0.08055,0.40235,230394.42077,0.0,results/chips_pos16par/site-220d1acb-c0b3b599/2023-05-H1.png
c0b3b599-1972-4e8d-b87b-ccb4105c1913,site-220d1acb-c0b3b599,Site 220d1acb,,26.91,5,positive,2026-02-H2,False,Greenfield,2023-05-H2,-66,2751,1.0,0.02296,0.09874,0.67856,0.07207,0.15064,0.1519,0.07682,0.43963,251771.22269,0.0,results/chips_pos16par/site-220d1acb-c0b3b599/2023-05-H2.png
c0b3b599-1972-4e8d-b87b-ccb4105c1913,site-220d1acb-c0b3b599,Site 220d1acb,,26.91,5,positive,2026-02-H2,False,Greenfield,2023-06-H1,-65,2751,1.0,0.02914,0.10023,0.6459,0.05032,0.20356,0.15445,0.08452,0.4226,246427.02221,0.0,results/chips_pos16par/site-220d1acb-c0b3b599/2023-06-H1.png
c0b3b599-1972-4e8d-b87b-ccb4105c1913,site-220d1acb-c0b3b599,Site 220d1acb,,26.91,5,positive,2026-02-H2,False,Greenfield,2023-06-H2,-64,2737,1.0,0.02318,0.08203,0.69298,0.08299,0.14201,0.13411,0.08408,0.44717,255828.85639,0.0,results/chips_pos16par/site-220d1acb-c0b3b599/2023-06-H2.png
c0b3b599-1972-4e8d-b87b-ccb4105c1913,site-220d1acb-c0b3b599,Site 220d1acb,,26.91,5,positive,2026-02-H2,False,Greenfield,2023-07-H1,-63,2723,0.9982,0.02427,0.08336,0.70026,0.08381,0.13257,0.13268,0.08395,0.45089,255630.92304,0.0,results/chips_pos16par/site-220d1acb-c0b3b599/2023-07-H1.png
c0b3b599-1972-4e8d-b87b-ccb4105c1913,site-220d1acb-c0b3b599,Site 220d1acb,,26.91,5,positive,2026-02-H2,False,Greenfield,2023-07-H2,-62,2705,0.9916,0.02388,0.06801,0.61882,0.05561,0.25756,0.11438,0.10893,0.40911,238410.72149,0.0,results/chips_pos16par/site-220d1acb-c0b3b599/2023-07-H2.png
c0b3b599-1972-4e8d-b87b-ccb4105c1913,site-220d1acb-c0b3b599,Site 220d1acb,,26.91,5,positive,2026-02-H2,False,Greenfield,2023-08-H1,-61,2751,1.0,0.02267,0.05189,0.65854,0.03807,0.2515,0.11768,0.12814,0.41127,242963.18857,0.0,results/chips_pos16par/site-220d1acb-c0b3b599/2023-08-H1.png
c0b3b599-1972-4e8d-b87b-ccb4105c1913,site-220d1acb-c0b3b599,Site 220d1acb,,26.91,5,positive,2026-02-H2,False,Greenfield,2023-08-H2,-60,2687,0.985,0.02237,0.02284,0.68741,0.02613,0.26362,0.10079,0.14668,0.40466,236926.22135,0.0,results/chips_pos16par/site-220d1acb-c0b3b599/2023-08-H2.png
c0b3b599-1972-4e8d-b87b-ccb4105c1913,site-220d1acb-c0b3b599,Site 220d1acb,,26.91,5,positive,2026-02-H2,False,Greenfield,2023-09-H1,-59,2751,1.0,0.02304,0.03732,0.70334,0.04179,0.21755,0.11683,0.11885,0.4153,246723.92224,0.0,results/chips_pos16par/site-220d1acb-c0b3b599/2023-09-H1.png
c0b3b599-1972-4e8d-b87b-ccb4105c1913,site-220d1acb-c0b3b599,Site 220d1acb,,26.91,5,positive,2026-02-H2,False,Greenfield,2023-09-H2,-58,2751,1.0,0.02238,0.0436,0.64844,0.03353,0.27443,0.11678,0.11715,0.39239,233957.22109,0.0,results/chips_pos16par/site-220d1acb-c0b3b599/2023-09-H2.png
c0b3b599-1972-4e8d-b87b-ccb4105c1913,site-220d1acb-c0b3b599,Site 220d1acb,,26.91,5,positive,2026-02-H2,False,Greenfield,2023-10-H1,-57,2751,1.0,0.02237,0.05335,0.60436,0.04162,0.30066,0.11469,0.10887,0.38404,225050.22028,0.0,results/chips_pos16par/site-220d1acb-c0b3b599/2023-10-H1.png
c0b3b599-1972-4e8d-b87b-ccb4105c1913,site-220d1acb-c0b3b599,Site 220d1acb,,26.91,5,positive,2026-02-H2,False,Greenfield,2023-10-H2,-56,2751,1.0,0.02508,0.0698,0.62375,0.04319,0.26326,0.13084,0.08816,0.38961,227821.2872,0.0,results/chips_pos16par/site-220d1acb-c0b3b599/2023-10-H2.png
c0b3b599-1972-4e8d-b87b-ccb4105c1913,site-220d1acb-c0b3b599,Site 220d1acb,,26.91,5,positive,2026-02-H2,False,Greenfield,2023-11-H1,-55,2751,1.0,0.02353,0.05957,0.59781,0.04937,0.29325,0.11525,0.09805,0.38489,228118.18723,0.0,results/chips_pos16par/site-220d1acb-c0b3b599/2023-11-H1.png
c0b3b599-1972-4e8d-b87b-ccb4105c1913,site-220d1acb-c0b3b599,Site 220d1acb,,26.91,5,positive,2026-02-H2,False,Greenfield,2023-11-H2,-54,2751,1.0,0.02453,0.05817,0.59792,0.03238,0.31153,0.12472,0.10548,0.37513,221091.55326,0.0,results/chips_pos16par/site-220d1acb-c0b3b599/2023-11-H2.png
c0b3b599-1972-4e8d-b87b-ccb4105c1913,site-220d1acb-c0b3b599,Site 220d1acb,,26.91,5,positive,2026-02-H2,False,Greenfield,2023-12-H1,-53,2751,1.0,0.02225,0.05797,0.54829,0.03308,0.36066,0.12278,0.09934,0.35484,207731.05206,0.0,results/chips_pos16par/site-220d1acb-c0b3b599/2023-12-H1.png
c0b3b599-1972-4e8d-b87b-ccb4105c1913,site-220d1acb-c0b3b599,Site 220d1acb,,26.91,5,positive,2026-02-H2,False,Greenfield,2023-12-H2,-52,2687,0.985,0.0193,0.07012,0.39159,0.0103,0.52799,0.15249,0.10078,0.28938,20090.23514,0.0,results/chips_pos16par/site-220d1acb-c0b3b599/2023-12-H2.png
c0b3b599-1972-4e8d-b87b-ccb4105c1913,site-220d1acb-c0b3b599,Site 220d1acb,,26.91,5,positive,2026-02-H2,False,Greenfield,2024-01-H1,-51,2751,1.0,0.01991,0.07402,0.53649,0.02468,0.36481,0.16522,0.08534,0.34568,201990.98487,0.0,results/chips_pos16par/site-220d1acb-c0b3b599/2024-01-H1.png
c0b3b599-1972-4e8d-b87b-ccb4105c1913,site-220d1acb-c0b3b599,Site 220d1acb,,26.91,5,positive,2026-02-H2,False,Greenfield,2024-01-H2,-50,2719,0.9967,0.02018,0.08088,0.44166,0.0131,0.46436,0.18934,0.08664,0.30756,80558.87393,0.0,results/chips_pos16par/site-220d1acb-c0b3b599/2024-01-H2.png
c0b3b599-1972-4e8d-b87b-ccb4105c1913,site-220d1acb-c0b3b599,Site 220d1acb,,26.91,5,positive,2026-02-H2,False,Greenfield,2024-02-H1,-49,2751,1.0,0.02183,0.15739,0.37087,0.01535,0.45638,0.28778,0.01822,0.29674,35726.96989,0.0,results/chips_pos16par/site-220d1acb-c0b3b599/2024-02-H1.png
c0b3b599-1972-4e8d-b87b-ccb4105c1913,site-220d1acb-c0b3b599,Site 220d1acb,,26.91,5,positive,2026-02-H2,False,Greenfield,2024-02-H2,-48,2751,1.0,0.01758,0.13762,0.4147,0.01759,0.43009,0.26246,0.03006,0.30816,58588.27195,0.0,results/chips_pos16par/site-220d1acb-c0b3b599/2024-02-H2.png
c0b3b599-1972-4e8d-b87b-ccb4105c1913,site-220d1acb-c0b3b599,Site 220d1acb,,26.91,5,positive,2026-02-H2,False,Greenfield,2024-03-H1,-47,2751,1.0,0.01915,0.20503,0.35424,0.01706,0.42367,0.33401,-0.02247,0.3,25434.43563,0.0,results/chips_pos16par/site-220d1acb-c0b3b599/2024-03-H1.png
c0b3b599-1972-4e8d-b87b-ccb4105c1913,site-220d1acb-c0b3b599,Site 220d1acb,,26.91,5,positive,2026-02-H2,False,Greenfield,2024-03-H2,-46,2751,1.0,0.01779,0.1212,0.48765,0.02168,0.36947,0.23485,0.05929,0.34247,137860.57909,0.0,results/chips_pos16par/site-220d1acb-c0b3b599/2024-03-H2.png
c0b3b599-1972-4e8d-b87b-ccb4105c1913,site-220d1acb-c0b3b599,Site 220d1acb,,26.91,5,positive,2026-02-H2,False,Greenfield,2024-04-H1,-45,2751,1.0,0.02118,0.11697,0.55662,0.02913,0.29728,0.21768,0.0644,0.36986,195063.31758,0.0,results/chips_pos16par/site-220d1acb-c0b3b599/2024-04-H1.png
c0b3b599-1972-4e8d-b87b-ccb4105c1913,site-220d1acb-c0b3b599,Site 220d1acb,,26.91,5,positive,2026-02-H2,False,Greenfield,2024-04-H2,-44,2751,1.0,0.02179,0.08486,0.62512,0.03276,0.25726,0.17338,0.09761,0.39603,224753.32026,0.0,results/chips_pos16par/site-220d1acb-c0b3b599/2024-04-H2.png
c0b3b599-1972-4e8d-b87b-ccb4105c1913,site-220d1acb-c0b3b599,Site 220d1acb,,26.91,5,positive,2026-02-H2,False,Greenfield,2024-05-H1,-43,2751,1.0,0.01926,0.06396,0.66633,0.0417,0.22801,0.14804,0.1074,0.41135,244645.62205,0.0,results/chips_pos16par/site-220d1acb-c0b3b599/2024-05-H1.png
c0b3b599-1972-4e8d-b87b-ccb4105c1913,site-220d1acb-c0b3b599,Site 220d1acb,,26.91,5,positive,2026-02-H2,False,Greenfield,2024-05-H2,-42,2751,1.0,0.02009,0.06959,0.67008,0.0525,0.20783,0.14151,0.10542,0.42299,250880.52261,0.0,results/chips_pos16par/site-220d1acb-c0b3b599/2024-05-H2.png
c0b3b599-1972-4e8d-b87b-ccb4105c1913,site-220d1acb-c0b3b599,Site 220d1acb,,26.91,5,positive,2026-02-H2,False,Greenfield,2024-06-H1,-41,2751,1.0,0.01986,0.05268,0.72604,0.0512,0.17008,0.13324,0.11742,0.43948,260876.15685,0.0,results/chips_pos16par/site-220d1acb-c0b3b599/2024-06-H1.png
c0b3b599-1972-4e8d-b87b-ccb4105c1913,site-220d1acb-c0b3b599,Site 220d1acb,,26.91,5,positive,2026-02-H2,False,Greenfield,2024-06-H2,-40,2751,1.0,0.02056,0.06029,0.69813,0.05774,0.18384,0.13062,0.11166,0.4353,255037.12299,0.0,results/chips_pos16par/site-220d1acb-c0b3b599/2024-06-H2.png
c0b3b599-1972-4e8d-b87b-ccb4105c1913,site-220d1acb-c0b3b599,Site 220d1acb,,26.91,5,positive,2026-02-H2,False,Greenfield,2024-07-H1,-39,2619,0.96,0.02134,0.03865,0.73006,0.03025,0.20103,0.12852,0.14295,0.43125,248703.25575,0.0,results/chips_pos16par/site-220d1acb-c0b3b599/2024-07-H1.png
c0b3b599-1972-4e8d-b87b-ccb4105c1913,site-220d1acb-c0b3b599,Site 220d1acb,,26.91,5,positive,2026-02-H2,False,Greenfield,2024-07-H2,-38,2751,1.0,0.0228,0.02809,0.76069,0.03616,0.17505,0.11416,0.14988,0.44462,263944.12379,0.0,results/chips_pos16par/site-220d1acb-c0b3b599/2024-07-H2.png
c0b3b599-1972-4e8d-b87b-ccb4105c1913,site-220d1acb-c0b3b599,Site 220d1acb,,26.91,5,positive,2026-02-H2,False,Greenfield,2024-08-H1,-37,2751,1.0,0.021,0.01796,0.68961,0.02675,0.26568,0.10159,0.15787,0.40845,250583.62259,0.0,results/chips_pos16par/site-220d1acb-c0b3b599/2024-08-H1.png
c0b3b599-1972-4e8d-b87b-ccb4105c1913,site-220d1acb-c0b3b599,Site 220d1acb,,26.91,5,positive,2026-02-H2,False,Greenfield,2024-08-H2,-36,2619,0.96,0.02072,0.03419,0.69457,0.04322,0.22802,0.11196,0.13635,0.42174,242270.42184,0.0,results/chips_pos16par/site-220d1acb-c0b3b599/2024-08-H2.png
c0b3b599-1972-4e8d-b87b-ccb4105c1913,site-220d1acb-c0b3b599,Site 220d1acb,,26.91,5,positive,2026-02-H2,False,Greenfield,2024-09-H1,-35,2751,1.0,0.02225,0.03988,0.66318,0.03338,0.26356,0.11749,0.12657,0.40004,241082.82173,0.0,results/chips_pos16par/site-220d1acb-c0b3b599/2024-09-H1.png
c0b3b599-1972-4e8d-b87b-ccb4105c1913,site-220d1acb-c0b3b599,Site 220d1acb,,26.91,5,positive,2026-02-H2,False,Greenfield,2024-09-H2,-34,2751,1.0,0.02164,0.03849,0.65351,0.03084,0.27715,0.11685,0.12917,0.39538,238806.58819,0.0,results/chips_pos16par/site-220d1acb-c0b3b599/2024-09-H2.png
c0b3b599-1972-4e8d-b87b-ccb4105c1913,site-220d1acb-c0b3b599,Site 220d1acb,,26.91,5,positive,2026-02-H2,False,Greenfield,2024-10-H1,-33,2751,1.0,0.02154,0.04429,0.63948,0.04497,0.27126,0.11299,0.1193,0.39908,238905.55487,0.0,results/chips_pos16par/site-220d1acb-c0b3b599/2024-10-H1.png
c0b3b599-1972-4e8d-b87b-ccb4105c1913,site-220d1acb-c0b3b599,Site 220d1acb,,26.91,5,positive,2026-02-H2,False,Greenfield,2024-10-H2,-32,2751,1.0,0.02391,0.05837,0.66749,0.04405,0.23008,0.13098,0.10378,0.40724,241478.68843,0.0,results/chips_pos16par/site-220d1acb-c0b3b599/2024-10-H2.png
c0b3b599-1972-4e8d-b87b-ccb4105c1913,site-220d1acb-c0b3b599,Site 220d1acb,,26.91,5,positive,2026-02-H2,False,Greenfield,2024-11-H1,-31,2751,1.0,0.02436,0.06567,0.642,0.04315,0.24919,0.13654,0.0941,0.39607,236233.45463,0.0,results/chips_pos16par/site-220d1acb-c0b3b599/2024-11-H1.png
c0b3b599-1972-4e8d-b87b-ccb4105c1913,site-220d1acb-c0b3b599,Site 220d1acb,,26.91,5,positive,2026-02-H2,False,Greenfield,2024-11-H2,-30,2751,1.0,0.02291,0.06919,0.60391,0.0385,0.2884,0.13931,0.09114,0.3801,224456.42023,0.0,results/chips_pos16par/site-220d1acb-c0b3b599/2024-11-H2.png
c0b3b599-1972-4e8d-b87b-ccb4105c1913,site-220d1acb-c0b3b599,Site 220d1acb,,26.91,5,positive,2026-02-H2,False,Greenfield,2024-12-H1,-29,2719,0.9967,0.02342,0.0593,0.57766,0.03592,0.32712,0.12033,0.1066,0.37177,219804.98648,0.0,results/chips_pos16par/site-220d1acb-c0b3b599/2024-12-H1.png
c0b3b599-1972-4e8d-b87b-ccb4105c1913,site-220d1acb-c0b3b599,Site 220d1acb,,26.91,5,positive,2026-02-H2,False,Greenfield,2024-12-H2,-28,2751,1.0,0.02287,0.05932,0.6142,0.03954,0.28694,0.13045,0.09511,0.3808,231285.12085,0.0,results/chips_pos16par/site-220d1acb-c0b3b599/2024-12-H2.png
c0b3b599-1972-4e8d-b87b-ccb4105c1913,site-220d1acb-c0b3b599,Site 220d1acb,,26.91,5,positive,2026-02-H2,False,Greenfield,2025-01-H1,-27,2751,1.0,0.02337,0.07258,0.58569,0.05613,0.2856,0.13086,0.07818,0.38096,228415.08725,0.0,results/chips_pos16par/site-220d1acb-c0b3b599/2025-01-H1.png
c0b3b599-1972-4e8d-b87b-ccb4105c1913,site-220d1acb-c0b3b599,Site 220d1acb,,26.91,5,positive,2026-02-H2,False,Greenfield,2025-01-H2,-26,2751,1.0,0.02471,0.06007,0.57845,0.04645,0.31503,0.11482,0.09658,0.37438,222971.9201,0.0,results/chips_pos16par/site-220d1acb-c0b3b599/2025-01-H2.png
c0b3b599-1972-4e8d-b87b-ccb4105c1913,site-220d1acb-c0b3b599,Site 220d1acb,,26.91,5,positive,2026-02-H2,False,Greenfield,2025-02-H1,-25,2751,1.0,0.02481,0.0713,0.5889,0.04143,0.29837,0.12875,0.09441,0.37995,223367.7868,0.0,results/chips_pos16par/site-220d1acb-c0b3b599/2025-02-H1.png
c0b3b599-1972-4e8d-b87b-ccb4105c1913,site-220d1acb-c0b3b599,Site 220d1acb,,26.91,5,positive,2026-02-H2,False,Greenfield,2025-02-H2,-24,2751,1.0,0.0246,0.06338,0.60188,0.03901,0.29573,0.1223,0.10115,0.38208,226534.72042,0.0,results/chips_pos16par/site-220d1acb-c0b3b599/2025-02-H2.png
c0b3b599-1972-4e8d-b87b-ccb4105c1913,site-220d1acb-c0b3b599,Site 220d1acb,,26.91,5,positive,2026-02-H2,False,Greenfield,2025-03-H1,-23,2751,1.0,0.02325,0.06016,0.61398,0.05496,0.2709,0.11782,0.09381,0.39227,237915.88811,0.0,results/chips_pos16par/site-220d1acb-c0b3b599/2025-03-H1.png
c0b3b599-1972-4e8d-b87b-ccb4105c1913,site-220d1acb-c0b3b599,Site 220d1acb,,26.91,5,positive,2026-02-H2,False,Greenfield,2025-03-H2,-22,2751,1.0,0.02413,0.0414,0.65571,0.04337,0.25952,0.11631,0.10387,0.39211,240390.055,0.0,results/chips_pos16par/site-220d1acb-c0b3b599/2025-03-H2.png
c0b3b599-1972-4e8d-b87b-ccb4105c1913,site-220d1acb-c0b3b599,Site 220d1acb,,26.91,5,positive,2026-02-H2,False,Greenfield,2025-04-H1,-21,2751,1.0,0.02391,0.05189,0.64507,0.05661,0.24643,0.11506,0.09864,0.40163,241775.58846,0.0,results/chips_pos16par/site-220d1acb-c0b3b599/2025-04-H1.png
c0b3b599-1972-4e8d-b87b-ccb4105c1913,site-220d1acb-c0b3b599,Site 220d1acb,,26.91,5,positive,2026-02-H2,False,Greenfield,2025-04-H2,-20,2751,1.0,0.02572,0.03362,0.71776,0.08046,0.16815,0.10454,0.09361,0.43023,257907.15658,0.0,results/chips_pos16par/site-220d1acb-c0b3b599/2025-04-H2.png
c0b3b599-1972-4e8d-b87b-ccb4105c1913,site-220d1acb-c0b3b599,Site 220d1acb,,26.91,5,positive,2026-02-H2,False,Greenfield,2025-05-H1,-19,2751,1.0,0.02583,0.04479,0.71083,0.08565,0.15873,0.10803,0.08816,0.43474,257511.28988,0.0,results/chips_pos16par/site-220d1acb-c0b3b599/2025-05-H1.png
c0b3b599-1972-4e8d-b87b-ccb4105c1913,site-220d1acb-c0b3b599,Site 220d1acb,,26.91,5,positive,2026-02-H2,False,Greenfield,2025-05-H2,-18,2751,1.0,0.02695,0.03906,0.70737,0.06349,0.19008,0.10993,0.09777,0.42077,254146.42291,0.0,results/chips_pos16par/site-220d1acb-c0b3b599/2025-05-H2.png
c0b3b599-1972-4e8d-b87b-ccb4105c1913,site-220d1acb-c0b3b599,Site 220d1acb,,26.91,5,positive,2026-02-H2,False,Greenfield,2025-06-H1,-17,2751,1.0,0.02715,0.03261,0.75402,0.07593,0.13744,0.10925,0.09389,0.43906,259787.52342,0.0,results/chips_pos16par/site-220d1acb-c0b3b599/2025-06-H1.png
c0b3b599-1972-4e8d-b87b-ccb4105c1913,site-220d1acb-c0b3b599,Site 220d1acb,,26.91,5,positive,2026-02-H2,False,Greenfield,2025-06-H2,-16,2751,1.0,0.02747,0.02336,0.77276,0.08034,0.12354,0.09912,0.10119,0.4479,259886.49009,0.0,results/chips_pos16par/site-220d1acb-c0b3b599/2025-06-H2.png
c0b3b599-1972-4e8d-b87b-ccb4105c1913,site-220d1acb-c0b3b599,Site 220d1acb,,26.91,5,positive,2026-02-H2,False,Greenfield,2025-07-H1,-15,2723,0.9982,0.02623,0.01445,0.7531,0.07817,0.15427,0.08027,0.12035,0.44627,258105.08993,0.0,results/chips_pos16par/site-220d1acb-c0b3b599/2025-07-H1.png
c0b3b599-1972-4e8d-b87b-ccb4105c1913,site-220d1acb-c0b3b599,Site 220d1acb,,26.91,5,positive,2026-02-H2,False,Greenfield,2025-07-H2,-14,2633,0.9652,0.02638,0.01193,0.7237,0.05648,0.20789,0.08293,0.12128,0.41828,250088.78921,0.0,results/chips_pos16par/site-220d1acb-c0b3b599/2025-07-H2.png
c0b3b599-1972-4e8d-b87b-ccb4105c1913,site-220d1acb-c0b3b599,Site 220d1acb,,26.91,5,positive,2026-02-H2,False,Greenfield,2025-08-H1,-13,2751,1.0,0.02716,0.04385,0.70075,0.08019,0.17521,0.10394,0.08833,0.4266,255432.98969,0.0,results/chips_pos16par/site-220d1acb-c0b3b599/2025-08-H1.png
c0b3b599-1972-4e8d-b87b-ccb4105c1913,site-220d1acb-c0b3b599,Site 220d1acb,,26.91,5,positive,2026-02-H2,False,Greenfield,2025-08-H2,-12,2751,1.0,0.02571,0.01077,0.70739,0.03849,0.24335,0.08162,0.13913,0.4062,247614.62232,0.0,results/chips_pos16par/site-220d1acb-c0b3b599/2025-08-H2.png
c0b3b599-1972-4e8d-b87b-ccb4105c1913,site-220d1acb-c0b3b599,Site 220d1acb,,26.91,5,positive,2026-02-H2,False,Greenfield,2025-09-H1,-11,2751,1.0,0.02736,0.04086,0.6731,0.06393,0.22211,0.09977,0.09677,0.40923,243260.08859,0.0,results/chips_pos16par/site-220d1acb-c0b3b599/2025-09-H1.png
c0b3b599-1972-4e8d-b87b-ccb4105c1913,site-220d1acb-c0b3b599,Site 220d1acb,,26.91,5,positive,2026-02-H2,False,Greenfield,2025-09-H2,-10,2751,1.0,0.02615,0.01077,0.7284,0.0549,0.20593,0.07416,0.13514,0.42491,253057.78948,0.0,results/chips_pos16par/site-220d1acb-c0b3b599/2025-09-H2.png
c0b3b599-1972-4e8d-b87b-ccb4105c1913,site-220d1acb-c0b3b599,Site 220d1acb,,26.91,5,positive,2026-02-H2,False,Greenfield,2025-10-H1,-9,2751,1.0,0.0275,0.0525,0.64973,0.07115,0.22662,0.11097,0.07676,0.40097,239202.45489,0.0,results/chips_pos16par/site-220d1acb-c0b3b599/2025-10-H1.png
c0b3b599-1972-4e8d-b87b-ccb4105c1913,site-220d1acb-c0b3b599,Site 220d1acb,,26.91,5,positive,2026-02-H2,False,Greenfield,2025-10-H2,-8,2751,1.0,0.02515,0.08929,0.62105,0.07475,0.2149,0.15039,0.05184,0.40009,230493.38744,0.0,results/chips_pos16par/site-220d1acb-c0b3b599/2025-10-H2.png
c0b3b599-1972-4e8d-b87b-ccb4105c1913,site-220d1acb-c0b3b599,Site 220d1acb,,26.91,5,positive,2026-02-H2,False,Greenfield,2025-11-H1,-7,2751,1.0,0.02256,0.1043,0.58567,0.07035,0.23967,0.17177,0.04121,0.38808,210799.019,0.0,results/chips_pos16par/site-220d1acb-c0b3b599/2025-11-H1.png
c0b3b599-1972-4e8d-b87b-ccb4105c1913,site-220d1acb-c0b3b599,Site 220d1acb,,26.91,5,positive,2026-02-H2,False,Greenfield,2025-11-H2,-6,2751,1.0,0.02148,0.20038,0.43034,0.05756,0.31172,0.27987,-0.03447,0.34025,103222.24264,0.0,results/chips_pos16par/site-220d1acb-c0b3b599/2025-11-H2.png
c0b3b599-1972-4e8d-b87b-ccb4105c1913,site-220d1acb-c0b3b599,Site 220d1acb,,26.91,5,positive,2026-02-H2,False,Greenfield,2025-12-H1,-5,2751,1.0,0.02011,0.26759,0.3822,0.04035,0.30986,0.3582,-0.07708,0.32596,75412.6068,0.0,results/chips_pos16par/site-220d1acb-c0b3b599/2025-12-H1.png
c0b3b599-1972-4e8d-b87b-ccb4105c1913,site-220d1acb-c0b3b599,Site 220d1acb,,26.91,5,positive,2026-02-H2,False,Greenfield,2025-12-H2,-4,2751,1.0,0.02534,0.10934,0.55807,0.0239,0.30869,0.18303,0.05642,0.35708,219607.05313,0.0,results/chips_pos16par/site-220d1acb-c0b3b599/2025-12-H2.png
c0b3b599-1972-4e8d-b87b-ccb4105c1913,site-220d1acb-c0b3b599,Site 220d1acb,,26.91,5,positive,2026-02-H2,False,Greenfield,2026-01-H1,-3,2751,1.0,0.02919,0.09873,0.50448,0.02294,0.37385,0.15421,0.05165,0.32881,150231.41354,0.0,results/chips_pos16par/site-220d1acb-c0b3b599/2026-01-H1.png
c0b3b599-1972-4e8d-b87b-ccb4105c1913,site-220d1acb-c0b3b599,Site 220d1acb,,26.91,5,positive,2026-02-H2,False,Greenfield,2026-01-H2,-2,2751,1.0,0.02902,0.07264,0.58047,0.03468,0.31221,0.12029,0.07327,0.36058,220893.61991,0.0,results/chips_pos16par/site-220d1acb-c0b3b599/2026-01-H2.png
c0b3b599-1972-4e8d-b87b-ccb4105c1913,site-220d1acb-c0b3b599,Site 220d1acb,,26.91,5,positive,2026-02-H2,False,Greenfield,2026-02-H1,-1,2751,1.0,0.02817,0.05271,0.59934,0.03861,0.30934,0.10175,0.09037,0.36705,210897.98568,0.0,results/chips_pos16par/site-220d1acb-c0b3b599/2026-02-H1.png
c0b3b599-1972-4e8d-b87b-ccb4105c1913,site-220d1acb-c0b3b599,Site 220d1acb,,26.91,5,positive,2026-02-H2,False,Greenfield,2026-02-H2,0,536,0.1965,0.03043,0.04927,0.58927,0.0724,0.28906,0.07611,0.08087,0.37656,43347.40391,0.0,results/chips_pos16par/site-220d1acb-c0b3b599/2026-02-H2.png
c0b3b599-1972-4e8d-b87b-ccb4105c1913,site-220d1acb-c0b3b599,Site 220d1acb,,26.91,5,positive,2026-02-H2,False,Greenfield,2026-03-H1,1,2751,1.0,0.02662,0.05763,0.53459,0.03305,0.37473,0.1082,0.08354,0.33947,190708.78386,98.96668,results/chips_pos16par/site-220d1acb-c0b3b599/2026-03-H1.png
c0b3b599-1972-4e8d-b87b-ccb4105c1913,site-220d1acb-c0b3b599,Site 220d1acb,,26.91,5,positive,2026-02-H2,False,Greenfield,2026-03-H2,2,2751,1.0,0.02694,0.05706,0.52583,0.03891,0.37821,0.10503,0.0771,0.33676,182791.44981,98.96668,results/chips_pos16par/site-220d1acb-c0b3b599/2026-03-H2.png
c0b3b599-1972-4e8d-b87b-ccb4105c1913,site-220d1acb-c0b3b599,Site 220d1acb,,26.91,5,positive,2026-02-H2,False,Greenfield,2026-04-H1,3,2751,1.0,0.0264,0.03585,0.58174,0.04319,0.33922,0.08897,0.10251,0.3588,206246.55192,98.96668,results/chips_pos16par/site-220d1acb-c0b3b599/2026-04-H1.png
c0b3b599-1972-4e8d-b87b-ccb4105c1913,site-220d1acb-c0b3b599,Site 220d1acb,,26.91,5,positive,2026-02-H2,False,Greenfield,2026-04-H2,4,2751,1.0,0.03179,0.05446,0.62272,0.09619,0.22663,0.09246,0.06658,0.39935,219211.18642,197.93335,results/chips_pos16par/site-220d1acb-c0b3b599/2026-04-H2.png
c0b3b599-1972-4e8d-b87b-ccb4105c1913,site-220d1acb-c0b3b599,Site 220d1acb,,26.91,5,positive,2026-02-H2,False,Greenfield,2026-05-H1,5,2751,1.0,0.02773,0.04092,0.61603,0.06578,0.27726,0.09272,0.08767,0.38215,218419.45302,98.96668,results/chips_pos16par/site-220d1acb-c0b3b599/2026-05-H1.png
c0b3b599-1972-4e8d-b87b-ccb4105c1913,site-220d1acb-c0b3b599,Site 220d1acb,,26.91,5,positive,2026-02-H2,False,Greenfield,2026-05-H2,6,2751,1.0,0.03166,0.0294,0.67389,0.10004,0.19668,0.08645,0.07254,0.40935,228514.05393,197.93335,results/chips_pos16par/site-220d1acb-c0b3b599/2026-05-H2.png
c0b3b599-1972-4e8d-b87b-ccb4105c1913,site-220d1acb-c0b3b599,Site 220d1acb,,26.91,5,positive,2026-02-H2,False,Greenfield,2026-06-H1,7,2751,1.0,0.03068,0.04059,0.66249,0.09887,0.19805,0.08785,0.07384,0.4124,223862.62018,197.93335,results/chips_pos16par/site-220d1acb-c0b3b599/2026-06-H1.png
c0b3b599-1972-4e8d-b87b-ccb4105c1913,site-220d1acb-c0b3b599,Site 220d1acb,,26.91,5,positive,2026-02-H2,False,Greenfield,2026-06-H2,8,2751,1.0,0.03044,0.04234,0.65747,0.09887,0.20132,0.08922,0.072,0.41073,220992.58659,296.90003,results/chips_pos16par/site-220d1acb-c0b3b599/2026-06-H2.png
c0b3b599-1972-4e8d-b87b-ccb4105c1913,site-220d1acb-c0b3b599,Site 220d1acb,,26.91,5,positive,2026-02-H2,False,Greenfield,2026-07-H1,9,2723,0.9982,0.02876,0.01465,0.6763,0.09274,0.2163,0.06408,0.10376,0.41461,222477.08672,296.90003,results/chips_pos16par/site-220d1acb-c0b3b599/2026-07-H1.png
c0b3b599-1972-4e8d-b87b-ccb4105c1913,site-220d1acb-c0b3b599,Site 220d1acb,,26.91,5,positive,2026-02-H2,False,Greenfield,2026-07-H2,10,2633,0.9652,0.0269,0.0046,0.65681,0.08768,0.25091,0.05195,0.11883,0.40441,205454.81852,296.90003,results/chips_pos16par/site-220d1acb-c0b3b599/2026-07-H2.png
c0b3b599-1972-4e8d-b87b-ccb4105c1913,site-220d1acb-c0b3b599,Site 220d1acb,,26.91,5,positive,2026-02-H2,False,Greenfield,2026-08-H1,11,2555,0.9366,0.02622,0.01184,0.64887,0.06583,0.27347,0.06492,0.11766,0.39264,194766.41755,98.96668,results/chips_pos16par/site-220d1acb-c0b3b599/2026-08-H1.png
c0b3b599-1972-4e8d-b87b-ccb4105c1913,site-220d1acb-c0b3b599,Site 220d1acb,,26.91,5,positive,2026-02-H2,False,Greenfield,2026-08-H2,12,2555,0.9366,0.02528,0.00986,0.6146,0.05997,0.31556,0.05907,0.11964,0.37671,181702.81638,98.96668,results/chips_pos16par/site-220d1acb-c0b3b599/2026-08-H2.png
c0b3b599-1972-4e8d-b87b-ccb4105c1913,site-220d1acb-c0b3b599,Site 220d1acb,,26.91,5,positive,2026-02-H2,False,Greenfield,2026-09-H1,13,2555,0.9366,0.02635,0.00513,0.6121,0.06012,0.32265,0.05549,0.11712,0.36956,185364.58337,98.96668,results/chips_pos16par/site-220d1acb-c0b3b599/2026-09-H1.png
15ca8610-4b01-11f0-9252-3f964fb5c089,site-2b7f5c56-15ca8610,Site 2b7f5c56,,10.42,3,positive,2025-12-H1,False,Greenfield,2023-01-H1,-70,1095,1.0,0.04032,0.11827,0.08943,2e-05,0.79228,0.40954,0.12233,0.18912,0.0,0.0,results/chips_pos16par/site-2b7f5c56-15ca8610/2023-01-H1.png
15ca8610-4b01-11f0-9252-3f964fb5c089,site-2b7f5c56-15ca8610,Site 2b7f5c56,,10.42,3,positive,2025-12-H1,False,Greenfield,2023-01-H2,-69,1041,1.0,0.03943,0.12824,0.07109,0.0,0.80066,0.44378,0.09685,0.18737,0.0,0.0,results/chips_pos16par/site-2b7f5c56-15ca8610/2023-01-H2.png
15ca8610-4b01-11f0-9252-3f964fb5c089,site-2b7f5c56-15ca8610,Site 2b7f5c56,,10.42,3,positive,2025-12-H1,False,Greenfield,2023-02-H1,-68,1095,1.0,0.04012,0.1284,0.07476,0.0,0.79684,0.41671,0.11895,0.18793,0.0,0.0,results/chips_pos16par/site-2b7f5c56-15ca8610/2023-02-H1.png
15ca8610-4b01-11f0-9252-3f964fb5c089,site-2b7f5c56-15ca8610,Site 2b7f5c56,,10.42,3,positive,2025-12-H1,False,Greenfield,2023-02-H2,-67,1095,1.0,0.03745,0.13951,0.10172,1e-05,0.75876,0.44113,0.10675,0.20451,0.0,0.0,results/chips_pos16par/site-2b7f5c56-15ca8610/2023-02-H2.png
15ca8610-4b01-11f0-9252-3f964fb5c089,site-2b7f5c56-15ca8610,Site 2b7f5c56,,10.42,3,positive,2025-12-H1,False,Greenfield,2023-03-H1,-66,1095,1.0,0.0363,0.16003,0.08537,5e-05,0.75455,0.45809,0.08133,0.20093,0.0,0.0,results/chips_pos16par/site-2b7f5c56-15ca8610/2023-03-H1.png
15ca8610-4b01-11f0-9252-3f964fb5c089,site-2b7f5c56-15ca8610,Site 2b7f5c56,,10.42,3,positive,2025-12-H1,False,Greenfield,2023-03-H2,-65,1095,1.0,0.02927,0.22318,0.0578,6e-05,0.71896,0.55981,-0.04841,0.18915,0.0,0.0,results/chips_pos16par/site-2b7f5c56-15ca8610/2023-03-H2.png
15ca8610-4b01-11f0-9252-3f964fb5c089,site-2b7f5c56-15ca8610,Site 2b7f5c56,,10.42,3,positive,2025-12-H1,False,Greenfield,2023-04-H1,-64,1095,1.0,0.0307,0.26569,0.02495,6e-05,0.70929,0.64073,-0.13589,0.16921,0.0,0.0,results/chips_pos16par/site-2b7f5c56-15ca8610/2023-04-H1.png
15ca8610-4b01-11f0-9252-3f964fb5c089,site-2b7f5c56-15ca8610,Site 2b7f5c56,,10.42,3,positive,2025-12-H1,False,Greenfield,2023-04-H2,-63,1095,1.0,0.02706,0.29267,0.03778,0.00049,0.66906,0.64558,-0.15674,0.18082,0.0,0.0,results/chips_pos16par/site-2b7f5c56-15ca8610/2023-04-H2.png
15ca8610-4b01-11f0-9252-3f964fb5c089,site-2b7f5c56-15ca8610,Site 2b7f5c56,,10.42,3,positive,2025-12-H1,False,Greenfield,2023-05-H1,-62,1095,1.0,0.0221,0.35749,0.08808,0.00087,0.55357,0.61381,-0.15066,0.21826,0.0,0.0,results/chips_pos16par/site-2b7f5c56-15ca8610/2023-05-H1.png
15ca8610-4b01-11f0-9252-3f964fb5c089,site-2b7f5c56-15ca8610,Site 2b7f5c56,,10.42,3,positive,2025-12-H1,False,Greenfield,2023-05-H2,-61,1095,1.0,0.02611,0.32551,0.036,0.00131,0.63718,0.67383,-0.18323,0.18705,101.82118,0.0,results/chips_pos16par/site-2b7f5c56-15ca8610/2023-05-H2.png
15ca8610-4b01-11f0-9252-3f964fb5c089,site-2b7f5c56-15ca8610,Site 2b7f5c56,,10.42,3,positive,2025-12-H1,False,Greenfield,2023-06-H2,-59,1095,1.0,0.02116,0.36215,0.0411,0.01853,0.57822,0.6915,-0.2304,0.19895,305.46354,101.82118,results/chips_pos16par/site-2b7f5c56-15ca8610/2023-06-H2.png
15ca8610-4b01-11f0-9252-3f964fb5c089,site-2b7f5c56-15ca8610,Site 2b7f5c56,,10.42,3,positive,2025-12-H1,False,Greenfield,2023-07-H1,-58,1091,1.0,0.0263,0.30554,0.01447,0.01046,0.66953,0.69382,-0.23326,0.16511,0.0,0.0,results/chips_pos16par/site-2b7f5c56-15ca8610/2023-07-H1.png
15ca8610-4b01-11f0-9252-3f964fb5c089,site-2b7f5c56-15ca8610,Site 2b7f5c56,,10.42,3,positive,2025-12-H1,False,Greenfield,2023-07-H2,-57,1095,1.0,0.0205,0.38683,0.03414,0.00042,0.5786,0.70747,-0.22764,0.19418,0.0,0.0,results/chips_pos16par/site-2b7f5c56-15ca8610/2023-07-H2.png
15ca8610-4b01-11f0-9252-3f964fb5c089,site-2b7f5c56-15ca8610,Site 2b7f5c56,,10.42,3,positive,2025-12-H1,False,Greenfield,2023-08-H1,-56,1095,1.0,0.02978,0.30685,0.00827,0.00014,0.68473,0.72427,-0.23655,0.15668,0.0,0.0,results/chips_pos16par/site-2b7f5c56-15ca8610/2023-08-H1.png
15ca8610-4b01-11f0-9252-3f964fb5c089,site-2b7f5c56-15ca8610,Site 2b7f5c56,,10.42,3,positive,2025-12-H1,False,Greenfield,2023-08-H2,-55,1095,1.0,0.0249,0.35567,0.02187,0.0001,0.62235,0.71424,-0.22028,0.18412,0.0,0.0,results/chips_pos16par/site-2b7f5c56-15ca8610/2023-08-H2.png
15ca8610-4b01-11f0-9252-3f964fb5c089,site-2b7f5c56-15ca8610,Site 2b7f5c56,,10.42,3,positive,2025-12-H1,False,Greenfield,2023-09-H1,-54,1095,1.0,0.03268,0.26481,0.07921,0.00013,0.65585,0.63186,-0.07933,0.20216,0.0,0.0,results/chips_pos16par/site-2b7f5c56-15ca8610/2023-09-H1.png
15ca8610-4b01-11f0-9252-3f964fb5c089,site-2b7f5c56-15ca8610,Site 2b7f5c56,,10.42,3,positive,2025-12-H1,False,Greenfield,2023-09-H2,-53,1095,1.0,0.02555,0.31099,0.0536,0.00028,0.63513,0.65767,-0.14802,0.19622,0.0,0.0,results/chips_pos16par/site-2b7f5c56-15ca8610/2023-09-H2.png
15ca8610-4b01-11f0-9252-3f964fb5c089,site-2b7f5c56-15ca8610,Site 2b7f5c56,,10.42,3,positive,2025-12-H1,False,Greenfield,2023-10-H1,-52,1095,1.0,0.03599,0.29254,0.02109,6e-05,0.68631,0.70957,-0.15545,0.1709,0.0,0.0,results/chips_pos16par/site-2b7f5c56-15ca8610/2023-10-H1.png
15ca8610-4b01-11f0-9252-3f964fb5c089,site-2b7f5c56-15ca8610,Site 2b7f5c56,,10.42,3,positive,2025-12-H1,False,Greenfield,2023-10-H2,-51,1063,1.0,0.04065,0.262,0.00763,0.0,0.73036,0.717,-0.14898,0.15457,0.0,0.0,results/chips_pos16par/site-2b7f5c56-15ca8610/2023-10-H2.png
15ca8610-4b01-11f0-9252-3f964fb5c089,site-2b7f5c56-15ca8610,Site 2b7f5c56,,10.42,3,positive,2025-12-H1,False,Greenfield,2023-11-H1,-50,1094,1.0,0.03777,0.24992,0.02954,1e-05,0.72053,0.64337,-0.06925,0.17907,0.0,0.0,results/chips_pos16par/site-2b7f5c56-15ca8610/2023-11-H1.png
15ca8610-4b01-11f0-9252-3f964fb5c089,site-2b7f5c56-15ca8610,Site 2b7f5c56,,10.42,3,positive,2025-12-H1,False,Greenfield,2023-11-H2,-49,1082,1.0,0.03691,0.21538,0.0192,1e-05,0.76541,0.60383,-0.06304,0.16452,0.0,0.0,results/chips_pos16par/site-2b7f5c56-15ca8610/2023-11-H2.png
15ca8610-4b01-11f0-9252-3f964fb5c089,site-2b7f5c56-15ca8610,Site 2b7f5c56,,10.42,3,positive,2025-12-H1,False,Greenfield,2023-12-H1,-48,1081,1.0,0.0406,0.18719,0.03824,3e-05,0.77454,0.55633,0.02329,0.17585,0.0,0.0,results/chips_pos16par/site-2b7f5c56-15ca8610/2023-12-H1.png
15ca8610-4b01-11f0-9252-3f964fb5c089,site-2b7f5c56-15ca8610,Site 2b7f5c56,,10.42,3,positive,2025-12-H1,False,Greenfield,2023-12-H2,-47,429,0.421,0.02231,0.05059,0.06483,0.03294,0.85163,0.29416,0.02238,0.1563,0.0,0.0,results/chips_pos16par/site-2b7f5c56-15ca8610/2023-12-H2.png
15ca8610-4b01-11f0-9252-3f964fb5c089,site-2b7f5c56-15ca8610,Site 2b7f5c56,,10.42,3,positive,2025-12-H1,False,Greenfield,2024-01-H1,-46,1094,1.0,0.03763,0.15067,0.04983,0.0,0.7995,0.47671,0.03692,0.17036,0.0,0.0,results/chips_pos16par/site-2b7f5c56-15ca8610/2024-01-H1.png
15ca8610-4b01-11f0-9252-3f964fb5c089,site-2b7f5c56-15ca8610,Site 2b7f5c56,,10.42,3,positive,2025-12-H1,False,Greenfield,2024-01-H2,-45,1081,1.0,0.04109,0.13861,0.05312,0.0,0.80828,0.44995,0.08755,0.17641,0.0,0.0,results/chips_pos16par/site-2b7f5c56-15ca8610/2024-01-H2.png
15ca8610-4b01-11f0-9252-3f964fb5c089,site-2b7f5c56-15ca8610,Site 2b7f5c56,,10.42,3,positive,2025-12-H1,False,Greenfield,2024-02-H1,-44,1095,1.0,0.03727,0.13507,0.08353,2e-05,0.78138,0.43572,0.09019,0.18934,0.0,0.0,results/chips_pos16par/site-2b7f5c56-15ca8610/2024-02-H1.png
15ca8610-4b01-11f0-9252-3f964fb5c089,site-2b7f5c56-15ca8610,Site 2b7f5c56,,10.42,3,positive,2025-12-H1,False,Greenfield,2024-02-H2,-43,127,0.1246,0.02975,0.17714,0.10231,1e-05,0.72054,0.49403,0.03038,0.21309,0.0,0.0,results/chips_pos16par/site-2b7f5c56-15ca8610/2024-02-H2.png
15ca8610-4b01-11f0-9252-3f964fb5c089,site-2b7f5c56-15ca8610,Site 2b7f5c56,,10.42,3,positive,2025-12-H1,False,Greenfield,2024-03-H1,-42,1095,1.0,0.03098,0.16505,0.08774,5e-05,0.74716,0.47079,0.04294,0.19753,0.0,0.0,results/chips_pos16par/site-2b7f5c56-15ca8610/2024-03-H1.png
15ca8610-4b01-11f0-9252-3f964fb5c089,site-2b7f5c56-15ca8610,Site 2b7f5c56,,10.42,3,positive,2025-12-H1,False,Greenfield,2024-03-H2,-41,1095,1.0,0.03265,0.23155,0.0455,9e-05,0.72287,0.58242,-0.03977,0.18757,0.0,0.0,results/chips_pos16par/site-2b7f5c56-15ca8610/2024-03-H2.png
15ca8610-4b01-11f0-9252-3f964fb5c089,site-2b7f5c56-15ca8610,Site 2b7f5c56,,10.42,3,positive,2025-12-H1,False,Greenfield,2024-04-H1,-40,1095,1.0,0.02491,0.30804,0.0815,0.0002,0.61026,0.61935,-0.10977,0.21256,0.0,0.0,results/chips_pos16par/site-2b7f5c56-15ca8610/2024-04-H1.png
15ca8610-4b01-11f0-9252-3f964fb5c089,site-2b7f5c56-15ca8610,Site 2b7f5c56,,10.42,3,positive,2025-12-H1,False,Greenfield,2024-04-H2,-39,1095,1.0,0.02829,0.31174,0.03008,0.00012,0.65806,0.68589,-0.1959,0.174,0.0,0.0,results/chips_pos16par/site-2b7f5c56-15ca8610/2024-04-H2.png
15ca8610-4b01-11f0-9252-3f964fb5c089,site-2b7f5c56-15ca8610,Site 2b7f5c56,,10.42,3,positive,2025-12-H1,False,Greenfield,2024-05-H2,-37,1095,1.0,0.0273,0.35599,0.01867,0.01314,0.61221,0.7218,-0.23407,0.18403,0.0,0.0,results/chips_pos16par/site-2b7f5c56-15ca8610/2024-05-H2.png
15ca8610-4b01-11f0-9252-3f964fb5c089,site-2b7f5c56-15ca8610,Site 2b7f5c56,,10.42,3,positive,2025-12-H1,False,Greenfield,2024-06-H1,-36,1095,1.0,0.02185,0.4052,0.05351,0.0004,0.5409,0.69847,-0.18836,0.2127,0.0,0.0,results/chips_pos16par/site-2b7f5c56-15ca8610/2024-06-H1.png
15ca8610-4b01-11f0-9252-3f964fb5c089,site-2b7f5c56-15ca8610,Site 2b7f5c56,,10.42,3,positive,2025-12-H1,False,Greenfield,2024-06-H2,-35,1095,1.0,0.01694,0.37168,0.06253,0.03005,0.53574,0.64742,-0.2119,0.22183,0.0,0.0,results/chips_pos16par/site-2b7f5c56-15ca8610/2024-06-H2.png
15ca8610-4b01-11f0-9252-3f964fb5c089,site-2b7f5c56-15ca8610,Site 2b7f5c56,,10.42,3,positive,2025-12-H1,False,Greenfield,2024-07-H1,-34,1095,1.0,0.02469,0.31165,0.05466,0.02576,0.60793,0.67071,-0.19005,0.20395,0.0,0.0,results/chips_pos16par/site-2b7f5c56-15ca8610/2024-07-H1.png
15ca8610-4b01-11f0-9252-3f964fb5c089,site-2b7f5c56-15ca8610,Site 2b7f5c56,,10.42,3,positive,2025-12-H1,False,Greenfield,2024-07-H2,-33,1095,1.0,0.03241,0.31298,0.0241,0.00607,0.65685,0.71302,-0.17573,0.18276,0.0,0.0,results/chips_pos16par/site-2b7f5c56-15ca8610/2024-07-H2.png
15ca8610-4b01-11f0-9252-3f964fb5c089,site-2b7f5c56-15ca8610,Site 2b7f5c56,,10.42,3,positive,2025-12-H1,False,Greenfield,2024-08-H1,-32,1095,1.0,0.02864,0.30908,0.01098,0.00066,0.67929,0.71812,-0.23008,0.16116,0.0,0.0,results/chips_pos16par/site-2b7f5c56-15ca8610/2024-08-H1.png
15ca8610-4b01-11f0-9252-3f964fb5c089,site-2b7f5c56-15ca8610,Site 2b7f5c56,,10.42,3,positive,2025-12-H1,False,Greenfield,2024-08-H2,-31,1095,1.0,0.02857,0.36088,0.02005,0.00017,0.6189,0.72671,-0.21246,0.18046,0.0,0.0,results/chips_pos16par/site-2b7f5c56-15ca8610/2024-08-H2.png
15ca8610-4b01-11f0-9252-3f964fb5c089,site-2b7f5c56-15ca8610,Site 2b7f5c56,,10.42,3,positive,2025-12-H1,False,Greenfield,2024-09-H1,-30,1095,1.0,0.03535,0.27273,0.02361,0.00129,0.70237,0.70169,-0.17675,0.16578,101.82118,203.64236,results/chips_pos16par/site-2b7f5c56-15ca8610/2024-09-H1.png
15ca8610-4b01-11f0-9252-3f964fb5c089,site-2b7f5c56-15ca8610,Site 2b7f5c56,,10.42,3,positive,2025-12-H1,False,Greenfield,2024-09-H2,-29,1095,1.0,0.03622,0.2368,0.01889,5e-05,0.74426,0.67563,-0.13509,0.1598,0.0,0.0,results/chips_pos16par/site-2b7f5c56-15ca8610/2024-09-H2.png
15ca8610-4b01-11f0-9252-3f964fb5c089,site-2b7f5c56-15ca8610,Site 2b7f5c56,,10.42,3,positive,2025-12-H1,False,Greenfield,2024-10-H1,-28,1095,1.0,0.03609,0.27183,0.0152,4e-05,0.71293,0.69265,-0.15156,0.1628,0.0,0.0,results/chips_pos16par/site-2b7f5c56-15ca8610/2024-10-H1.png
15ca8610-4b01-11f0-9252-3f964fb5c089,site-2b7f5c56-15ca8610,Site 2b7f5c56,,10.42,3,positive,2025-12-H1,False,Greenfield,2024-10-H2,-27,1095,1.0,0.03749,0.26159,0.01653,5e-05,0.72183,0.68019,-0.13375,0.16387,0.0,0.0,results/chips_pos16par/site-2b7f5c56-15ca8610/2024-10-H2.png
15ca8610-4b01-11f0-9252-3f964fb5c089,site-2b7f5c56-15ca8610,Site 2b7f5c56,,10.42,3,positive,2025-12-H1,False,Greenfield,2024-11-H1,-26,1095,1.0,0.02741,0.13139,0.01282,0.00043,0.85536,0.49457,-0.06206,0.13367,0.0,0.0,results/chips_pos16par/site-2b7f5c56-15ca8610/2024-11-H1.png
15ca8610-4b01-11f0-9252-3f964fb5c089,site-2b7f5c56-15ca8610,Site 2b7f5c56,,10.42,3,positive,2025-12-H1,False,Greenfield,2024-11-H2,-25,1095,1.0,0.03967,0.20829,0.01798,0.0,0.77373,0.63438,-0.07202,0.15729,0.0,0.0,results/chips_pos16par/site-2b7f5c56-15ca8610/2024-11-H2.png
15ca8610-4b01-11f0-9252-3f964fb5c089,site-2b7f5c56-15ca8610,Site 2b7f5c56,,10.42,3,positive,2025-12-H1,False,Greenfield,2024-12-H1,-24,1068,1.0,0.03635,0.1976,0.03962,0.0,0.76278,0.57409,-0.03162,0.17533,0.0,0.0,results/chips_pos16par/site-2b7f5c56-15ca8610/2024-12-H1.png
15ca8610-4b01-11f0-9252-3f964fb5c089,site-2b7f5c56-15ca8610,Site 2b7f5c56,,10.42,3,positive,2025-12-H1,False,Greenfield,2024-12-H2,-23,1090,1.0,0.04367,0.14246,0.04222,0.0,0.81532,0.50969,0.08418,0.17218,0.0,0.0,results/chips_pos16par/site-2b7f5c56-15ca8610/2024-12-H2.png
15ca8610-4b01-11f0-9252-3f964fb5c089,site-2b7f5c56-15ca8610,Site 2b7f5c56,,10.42,3,positive,2025-12-H1,False,Greenfield,2025-01-H1,-22,1090,1.0,0.04369,0.1337,0.04925,0.0,0.81705,0.49164,0.1056,0.17585,0.0,0.0,results/chips_pos16par/site-2b7f5c56-15ca8610/2025-01-H1.png
15ca8610-4b01-11f0-9252-3f964fb5c089,site-2b7f5c56-15ca8610,Site 2b7f5c56,,10.42,3,positive,2025-12-H1,False,Greenfield,2025-01-H2,-21,1053,1.0,0.03462,0.163,0.0902,0.00019,0.74661,0.48163,0.04541,0.19871,0.0,0.0,results/chips_pos16par/site-2b7f5c56-15ca8610/2025-01-H2.png
15ca8610-4b01-11f0-9252-3f964fb5c089,site-2b7f5c56-15ca8610,Site 2b7f5c56,,10.42,3,positive,2025-12-H1,False,Greenfield,2025-02-H1,-20,1095,1.0,0.03875,0.13718,0.07523,0.00261,0.78497,0.43738,0.08445,0.18868,0.0,203.64236,results/chips_pos16par/site-2b7f5c56-15ca8610/2025-02-H1.png
15ca8610-4b01-11f0-9252-3f964fb5c089,site-2b7f5c56-15ca8610,Site 2b7f5c56,,10.42,3,positive,2025-12-H1,False,Greenfield,2025-02-H2,-19,1038,1.0,0.03684,0.14524,0.07972,3e-05,0.77501,0.48218,0.06909,0.19387,0.0,0.0,results/chips_pos16par/site-2b7f5c56-15ca8610/2025-02-H2.png
15ca8610-4b01-11f0-9252-3f964fb5c089,site-2b7f5c56-15ca8610,Site 2b7f5c56,,10.42,3,positive,2025-12-H1,False,Greenfield,2025-03-H1,-18,1095,1.0,0.03405,0.14993,0.14419,0.00019,0.70568,0.41007,0.10752,0.22703,0.0,0.0,results/chips_pos16par/site-2b7f5c56-15ca8610/2025-03-H1.png
15ca8610-4b01-11f0-9252-3f964fb5c089,site-2b7f5c56-15ca8610,Site 2b7f5c56,,10.42,3,positive,2025-12-H1,False,Greenfield,2025-03-H2,-17,1095,1.0,0.0316,0.19179,0.14206,0.00065,0.6655,0.46172,0.05738,0.23084,0.0,0.0,results/chips_pos16par/site-2b7f5c56-15ca8610/2025-03-H2.png
15ca8610-4b01-11f0-9252-3f964fb5c089,site-2b7f5c56-15ca8610,Site 2b7f5c56,,10.42,3,positive,2025-12-H1,False,Greenfield,2025-04-H1,-16,1095,1.0,0.03212,0.27567,0.04368,0.00055,0.6801,0.65446,-0.12579,0.18432,0.0,0.0,results/chips_pos16par/site-2b7f5c56-15ca8610/2025-04-H1.png
15ca8610-4b01-11f0-9252-3f964fb5c089,site-2b7f5c56-15ca8610,Site 2b7f5c56,,10.42,3,positive,2025-12-H1,False,Greenfield,2025-04-H2,-15,1095,1.0,0.02384,0.27612,0.04947,0.00058,0.67383,0.62346,-0.14851,0.18467,0.0,0.0,results/chips_pos16par/site-2b7f5c56-15ca8610/2025-04-H2.png
15ca8610-4b01-11f0-9252-3f964fb5c089,site-2b7f5c56-15ca8610,Site 2b7f5c56,,10.42,3,positive,2025-12-H1,False,Greenfield,2025-05-H1,-14,609,0.5976,0.01856,0.36271,0.05982,0.00672,0.57075,0.69027,-0.2249,0.20504,0.0,0.0,results/chips_pos16par/site-2b7f5c56-15ca8610/2025-05-H1.png
15ca8610-4b01-11f0-9252-3f964fb5c089,site-2b7f5c56-15ca8610,Site 2b7f5c56,,10.42,3,positive,2025-12-H1,False,Greenfield,2025-05-H2,-13,1095,1.0,0.025,0.39961,0.03459,0.00068,0.56513,0.72777,-0.20073,0.20061,0.0,0.0,results/chips_pos16par/site-2b7f5c56-15ca8610/2025-05-H2.png
15ca8610-4b01-11f0-9252-3f964fb5c089,site-2b7f5c56-15ca8610,Site 2b7f5c56,,10.42,3,positive,2025-12-H1,False,Greenfield,2025-06-H1,-12,1037,1.0,0.03707,0.37389,0.01021,0.00017,0.61573,0.79974,-0.23889,0.17171,0.0,0.0,results/chips_pos16par/site-2b7f5c56-15ca8610/2025-06-H1.png
15ca8610-4b01-11f0-9252-3f964fb5c089,site-2b7f5c56-15ca8610,Site 2b7f5c56,,10.42,3,positive,2025-12-H1,False,Greenfield,2025-06-H2,-11,1035,1.0,0.02024,0.38392,0.16574,0.00569,0.44466,0.59542,-0.11693,0.26888,4072.84719,0.0,results/chips_pos16par/site-2b7f5c56-15ca8610/2025-06-H2.png
15ca8610-4b01-11f0-9252-3f964fb5c089,site-2b7f5c56-15ca8610,Site 2b7f5c56,,10.42,3,positive,2025-12-H1,False,Greenfield,2025-07-H1,-10,1091,1.0,0.02273,0.34426,0.12999,0.00044,0.52532,0.6279,-0.12502,0.24017,407.28472,0.0,results/chips_pos16par/site-2b7f5c56-15ca8610/2025-07-H1.png
15ca8610-4b01-11f0-9252-3f964fb5c089,site-2b7f5c56-15ca8610,Site 2b7f5c56,,10.42,3,positive,2025-12-H1,False,Greenfield,2025-07-H2,-9,1095,1.0,0.03293,0.28207,0.05303,0.00706,0.65784,0.68861,-0.14408,0.19307,0.0,0.0,results/chips_pos16par/site-2b7f5c56-15ca8610/2025-07-H2.png
15ca8610-4b01-11f0-9252-3f964fb5c089,site-2b7f5c56-15ca8610,Site 2b7f5c56,,10.42,3,positive,2025-12-H1,False,Greenfield,2025-08-H1,-8,1095,1.0,0.02707,0.20509,0.00894,5e-05,0.78592,0.61525,-0.16832,0.14484,0.0,0.0,results/chips_pos16par/site-2b7f5c56-15ca8610/2025-08-H1.png
15ca8610-4b01-11f0-9252-3f964fb5c089,site-2b7f5c56-15ca8610,Site 2b7f5c56,,10.42,3,positive,2025-12-H1,False,Greenfield,2025-08-H2,-7,876,0.8597,0.02791,0.3162,0.02898,0.00026,0.65456,0.74794,-0.20261,0.18289,0.0,0.0,results/chips_pos16par/site-2b7f5c56-15ca8610/2025-08-H2.png
15ca8610-4b01-11f0-9252-3f964fb5c089,site-2b7f5c56-15ca8610,Site 2b7f5c56,,10.42,3,positive,2025-12-H1,False,Greenfield,2025-09-H1,-6,1095,1.0,0.03673,0.28769,0.01887,5e-05,0.69339,0.73098,-0.1771,0.16664,0.0,0.0,results/chips_pos16par/site-2b7f5c56-15ca8610/2025-09-H1.png
15ca8610-4b01-11f0-9252-3f964fb5c089,site-2b7f5c56-15ca8610,Site 2b7f5c56,,10.42,3,positive,2025-12-H1,False,Greenfield,2025-09-H2,-5,1095,1.0,0.03434,0.30441,0.02758,0.0001,0.66791,0.71331,-0.14137,0.18097,0.0,0.0,results/chips_pos16par/site-2b7f5c56-15ca8610/2025-09-H2.png
15ca8610-4b01-11f0-9252-3f964fb5c089,site-2b7f5c56-15ca8610,Site 2b7f5c56,,10.42,3,positive,2025-12-H1,False,Greenfield,2025-10-H1,-4,1095,1.0,0.04124,0.19971,0.04496,3e-05,0.75529,0.6403,-0.04718,0.17064,0.0,0.0,results/chips_pos16par/site-2b7f5c56-15ca8610/2025-10-H1.png
15ca8610-4b01-11f0-9252-3f964fb5c089,site-2b7f5c56-15ca8610,Site 2b7f5c56,,10.42,3,positive,2025-12-H1,False,Greenfield,2025-10-H2,-3,1095,1.0,0.03748,0.23734,0.04646,0.00023,0.71597,0.6393,-0.08502,0.17702,203.64236,0.0,results/chips_pos16par/site-2b7f5c56-15ca8610/2025-10-H2.png
15ca8610-4b01-11f0-9252-3f964fb5c089,site-2b7f5c56-15ca8610,Site 2b7f5c56,,10.42,3,positive,2025-12-H1,False,Greenfield,2025-11-H1,-2,1095,1.0,0.03733,0.1978,0.04432,9e-05,0.75779,0.57193,-0.04253,0.17053,101.82118,0.0,results/chips_pos16par/site-2b7f5c56-15ca8610/2025-11-H1.png
15ca8610-4b01-11f0-9252-3f964fb5c089,site-2b7f5c56-15ca8610,Site 2b7f5c56,,10.42,3,positive,2025-12-H1,False,Greenfield,2025-11-H2,-1,1095,1.0,0.03891,0.18088,0.05699,3e-05,0.7621,0.52265,0.02972,0.18499,203.64236,0.0,results/chips_pos16par/site-2b7f5c56-15ca8610/2025-11-H2.png
15ca8610-4b01-11f0-9252-3f964fb5c089,site-2b7f5c56-15ca8610,Site 2b7f5c56,,10.42,3,positive,2025-12-H1,False,Greenfield,2025-12-H1,0,1072,1.0,0.039,0.14478,0.04447,3e-05,0.81072,0.50566,0.02251,0.16418,0.0,0.0,results/chips_pos16par/site-2b7f5c56-15ca8610/2025-12-H1.png
15ca8610-4b01-11f0-9252-3f964fb5c089,site-2b7f5c56-15ca8610,Site 2b7f5c56,,10.42,3,positive,2025-12-H1,False,Greenfield,2025-12-H2,1,1066,1.0,0.04376,0.11472,0.09899,0.00036,0.78592,0.40121,0.13866,0.19366,1120.03298,0.0,results/chips_pos16par/site-2b7f5c56-15ca8610/2025-12-H2.png
15ca8610-4b01-11f0-9252-3f964fb5c089,site-2b7f5c56-15ca8610,Site 2b7f5c56,,10.42,3,positive,2025-12-H1,False,Greenfield,2026-01-H1,2,1095,1.0,0.0417,0.11276,0.08669,0.00189,0.79866,0.41167,0.11613,0.18293,1018.2118,0.0,results/chips_pos16par/site-2b7f5c56-15ca8610/2026-01-H1.png
15ca8610-4b01-11f0-9252-3f964fb5c089,site-2b7f5c56-15ca8610,Site 2b7f5c56,,10.42,3,positive,2025-12-H1,False,Greenfield,2026-01-H2,3,1095,1.0,0.038,0.12125,0.09355,0.00496,0.78024,0.37333,0.09481,0.19091,0.0,0.0,results/chips_pos16par/site-2b7f5c56-15ca8610/2026-01-H2.png
15ca8610-4b01-11f0-9252-3f964fb5c089,site-2b7f5c56-15ca8610,Site 2b7f5c56,,10.42,3,positive,2025-12-H1,False,Greenfield,2026-02-H1,4,1095,1.0,0.03812,0.11604,0.14383,0.00387,0.73626,0.36152,0.12468,0.21287,3869.20483,0.0,results/chips_pos16par/site-2b7f5c56-15ca8610/2026-02-H1.png
15ca8610-4b01-11f0-9252-3f964fb5c089,site-2b7f5c56-15ca8610,Site 2b7f5c56,,10.42,3,positive,2025-12-H1,False,Greenfield,2026-02-H2,5,1046,1.0,0.03256,0.13707,0.11855,0.00645,0.73793,0.3913,0.06832,0.20772,0.0,0.0,results/chips_pos16par/site-2b7f5c56-15ca8610/2026-02-H2.png
15ca8610-4b01-11f0-9252-3f964fb5c089,site-2b7f5c56-15ca8610,Site 2b7f5c56,,10.42,3,positive,2025-12-H1,False,Greenfield,2026-03-H1,6,1095,1.0,0.03112,0.12788,0.16877,0.00522,0.69813,0.31461,0.10244,0.22915,0.0,0.0,results/chips_pos16par/site-2b7f5c56-15ca8610/2026-03-H1.png
15ca8610-4b01-11f0-9252-3f964fb5c089,site-2b7f5c56-15ca8610,Site 2b7f5c56,,10.42,3,positive,2025-12-H1,False,Greenfield,2026-03-H2,7,1095,1.0,0.02605,0.17771,0.26948,0.01525,0.53756,0.37735,0.05448,0.27796,23113.40781,0.0,results/chips_pos16par/site-2b7f5c56-15ca8610/2026-03-H2.png
15ca8610-4b01-11f0-9252-3f964fb5c089,site-2b7f5c56-15ca8610,Site 2b7f5c56,,10.42,3,positive,2025-12-H1,False,Greenfield,2026-04-H1,8,1095,1.0,0.02188,0.2107,0.29614,0.01461,0.47855,0.43516,-0.00357,0.28673,28509.93034,0.0,results/chips_pos16par/site-2b7f5c56-15ca8610/2026-04-H1.png
15ca8610-4b01-11f0-9252-3f964fb5c089,site-2b7f5c56-15ca8610,Site 2b7f5c56,,10.42,3,positive,2025-12-H1,False,Greenfield,2026-04-H2,9,1095,1.0,0.02632,0.2084,0.24451,0.01251,0.53458,0.44983,-0.01295,0.26209,22502.48073,0.0,results/chips_pos16par/site-2b7f5c56-15ca8610/2026-04-H2.png
15ca8610-4b01-11f0-9252-3f964fb5c089,site-2b7f5c56-15ca8610,Site 2b7f5c56,,10.42,3,positive,2025-12-H1,False,Greenfield,2026-05-H1,10,1095,1.0,0.02606,0.22537,0.20384,0.01658,0.55421,0.4828,-0.05501,0.2439,14051.32281,0.0,results/chips_pos16par/site-2b7f5c56-15ca8610/2026-05-H1.png
15ca8610-4b01-11f0-9252-3f964fb5c089,site-2b7f5c56-15ca8610,Site 2b7f5c56,,10.42,3,positive,2025-12-H1,False,Greenfield,2026-05-H2,11,1095,1.0,0.02891,0.19947,0.26749,0.04397,0.48907,0.4371,-0.02396,0.28256,25658.9373,0.0,results/chips_pos16par/site-2b7f5c56-15ca8610/2026-05-H2.png
15ca8610-4b01-11f0-9252-3f964fb5c089,site-2b7f5c56-15ca8610,Site 2b7f5c56,,10.42,3,positive,2025-12-H1,False,Greenfield,2026-06-H2,13,860,0.844,0.0223,0.30326,0.26031,0.03465,0.40179,0.51064,-0.06158,0.30126,16902.31584,0.0,results/chips_pos16par/site-2b7f5c56-15ca8610/2026-06-H2.png
15ca8610-4b01-11f0-9252-3f964fb5c089,site-2b7f5c56-15ca8610,Site 2b7f5c56,,10.42,3,positive,2025-12-H1,False,Greenfield,2026-07-H1,14,882,0.8656,0.0204,0.25079,0.21494,0.03484,0.49943,0.47946,-0.07518,0.26667,13745.85927,0.0,results/chips_pos16par/site-2b7f5c56-15ca8610/2026-07-H1.png
15ca8610-4b01-11f0-9252-3f964fb5c089,site-2b7f5c56-15ca8610,Site 2b7f5c56,,10.42,3,positive,2025-12-H1,False,Greenfield,2026-07-H2,15,1095,1.0,0.02313,0.26675,0.20103,0.04465,0.48757,0.48896,-0.06329,0.27103,8756.62146,0.0,results/chips_pos16par/site-2b7f5c56-15ca8610/2026-07-H2.png
15ca8610-4b01-11f0-9252-3f964fb5c089,site-2b7f5c56-15ca8610,Site 2b7f5c56,,10.42,3,positive,2025-12-H1,False,Greenfield,2026-08-H1,16,874,0.8577,0.02778,0.29598,0.12559,0.03036,0.54807,0.55972,-0.0883,0.23645,4887.41663,0.0,results/chips_pos16par/site-2b7f5c56-15ca8610/2026-08-H1.png
15ca8610-4b01-11f0-9252-3f964fb5c089,site-2b7f5c56-15ca8610,Site 2b7f5c56,,10.42,3,positive,2025-12-H1,False,Greenfield,2026-08-H2,17,846,0.8302,0.02506,0.27721,0.21544,0.06257,0.44479,0.52169,-0.09772,0.28656,14153.14399,0.0,results/chips_pos16par/site-2b7f5c56-15ca8610/2026-08-H2.png
15ca8610-4b01-11f0-9252-3f964fb5c089,site-2b7f5c56-15ca8610,Site 2b7f5c56,,10.42,3,positive,2025-12-H1,False,Greenfield,2026-09-H1,18,766,0.7517,0.02808,0.19823,0.22245,0.03486,0.54447,0.46001,-0.03764,0.2624,15069.53461,0.0,results/chips_pos16par/site-2b7f5c56-15ca8610/2026-09-H1.png
21aac900-577b-11f0-8e9f-9918df6d2d7a,tech-park-at-brambleton-llc-campus-21aac900,Tech Park At Brambleton Llc Campus,VA,6.22,4,positive,2024-12-H1,False,Greenfield,2023-01-H1,-46,679,1.0,0.03089,0.14788,0.1864,0.00022,0.6655,0.36406,0.09028,0.24469,0.0,0.0,results/chips_pos16par/tech-park-at-brambleton-llc-campus-21aac900/2023-01-H1.png
21aac900-577b-11f0-8e9f-9918df6d2d7a,tech-park-at-brambleton-llc-campus-21aac900,Tech Park At Brambleton Llc Campus,VA,6.22,4,positive,2024-12-H1,False,Greenfield,2023-02-H1,-44,679,1.0,0.02938,0.12439,0.2282,0.00013,0.64728,0.3218,0.11957,0.25836,0.0,0.0,results/chips_pos16par/tech-park-at-brambleton-llc-campus-21aac900/2023-02-H1.png
21aac900-577b-11f0-8e9f-9918df6d2d7a,tech-park-at-brambleton-llc-campus-21aac900,Tech Park At Brambleton Llc Campus,VA,6.22,4,positive,2024-12-H1,False,Greenfield,2023-02-H2,-43,657,1.0,0.02705,0.13922,0.25394,0.00033,0.6065,0.32861,0.10491,0.2722,0.0,0.0,results/chips_pos16par/tech-park-at-brambleton-llc-campus-21aac900/2023-02-H2.png
21aac900-577b-11f0-8e9f-9918df6d2d7a,tech-park-at-brambleton-llc-campus-21aac900,Tech Park At Brambleton Llc Campus,VA,6.22,4,positive,2024-12-H1,False,Greenfield,2023-03-H1,-42,679,1.0,0.02699,0.13978,0.21887,0.00011,0.64124,0.33709,0.09595,0.25621,0.0,0.0,results/chips_pos16par/tech-park-at-brambleton-llc-campus-21aac900/2023-03-H1.png
21aac900-577b-11f0-8e9f-9918df6d2d7a,tech-park-at-brambleton-llc-campus-21aac900,Tech Park At Brambleton Llc Campus,VA,6.22,4,positive,2024-12-H1,False,Greenfield,2023-03-H2,-41,679,1.0,0.02616,0.14048,0.27453,0.0002,0.5848,0.33391,0.10814,0.28207,401.67239,0.0,results/chips_pos16par/tech-park-at-brambleton-llc-campus-21aac900/2023-03-H2.png
21aac900-577b-11f0-8e9f-9918df6d2d7a,tech-park-at-brambleton-llc-campus-21aac900,Tech Park At Brambleton Llc Campus,VA,6.22,4,positive,2024-12-H1,False,Greenfield,2023-04-H1,-40,679,1.0,0.02094,0.21923,0.19417,0.00025,0.58636,0.45671,-0.00185,0.25449,0.0,0.0,results/chips_pos16par/tech-park-at-brambleton-llc-campus-21aac900/2023-04-H1.png
21aac900-577b-11f0-8e9f-9918df6d2d7a,tech-park-at-brambleton-llc-campus-21aac900,Tech Park At Brambleton Llc Campus,VA,6.22,4,positive,2024-12-H1,False,Greenfield,2023-04-H2,-39,679,1.0,0.01554,0.26533,0.2038,0.00097,0.52991,0.49712,-0.04465,0.26428,0.0,0.0,results/chips_pos16par/tech-park-at-brambleton-llc-campus-21aac900/2023-04-H2.png
21aac900-577b-11f0-8e9f-9918df6d2d7a,tech-park-at-brambleton-llc-campus-21aac900,Tech Park At Brambleton Llc Campus,VA,6.22,4,positive,2024-12-H1,False,Greenfield,2023-05-H2,-37,679,1.0,0.01516,0.42494,0.09405,0.00089,0.48013,0.6573,-0.18371,0.24021,0.0,0.0,results/chips_pos16par/tech-park-at-brambleton-llc-campus-21aac900/2023-05-H2.png
21aac900-577b-11f0-8e9f-9918df6d2d7a,tech-park-at-brambleton-llc-campus-21aac900,Tech Park At Brambleton Llc Campus,VA,6.22,4,positive,2024-12-H1,False,Greenfield,2023-06-H1,-36,679,1.0,0.01422,0.36102,0.06203,0.00025,0.57669,0.64368,-0.18129,0.21144,0.0,0.0,results/chips_pos16par/tech-park-at-brambleton-llc-campus-21aac900/2023-06-H1.png
21aac900-577b-11f0-8e9f-9918df6d2d7a,tech-park-at-brambleton-llc-campus-21aac900,Tech Park At Brambleton Llc Campus,VA,6.22,4,positive,2024-12-H1,False,Greenfield,2023-07-H1,-34,504,0.8195,0.01163,0.33437,0.0917,0.00783,0.5661,0.58991,-0.15217,0.22378,0.0,0.0,results/chips_pos16par/tech-park-at-brambleton-llc-campus-21aac900/2023-07-H1.png
21aac900-577b-11f0-8e9f-9918df6d2d7a,tech-park-at-brambleton-llc-campus-21aac900,Tech Park At Brambleton Llc Campus,VA,6.22,4,positive,2024-12-H1,False,Greenfield,2023-07-H2,-33,679,1.0,0.01895,0.37862,0.08664,0.00011,0.53463,0.66226,-0.14255,0.23598,0.0,0.0,results/chips_pos16par/tech-park-at-brambleton-llc-campus-21aac900/2023-07-H2.png
21aac900-577b-11f0-8e9f-9918df6d2d7a,tech-park-at-brambleton-llc-campus-21aac900,Tech Park At Brambleton Llc Campus,VA,6.22,4,positive,2024-12-H1,False,Greenfield,2023-08-H1,-32,109,0.1772,0.01598,0.41596,0.02789,0.06843,0.48772,0.57682,-0.26457,0.22775,0.0,0.0,results/chips_pos16par/tech-park-at-brambleton-llc-campus-21aac900/2023-08-H1.png
21aac900-577b-11f0-8e9f-9918df6d2d7a,tech-park-at-brambleton-llc-campus-21aac900,Tech Park At Brambleton Llc Campus,VA,6.22,4,positive,2024-12-H1,False,Greenfield,2023-08-H2,-31,679,1.0,0.0256,0.27448,0.10192,0.0001,0.6235,0.58597,-0.07561,0.22494,0.0,0.0,results/chips_pos16par/tech-park-at-brambleton-llc-campus-21aac900/2023-08-H2.png
21aac900-577b-11f0-8e9f-9918df6d2d7a,tech-park-at-brambleton-llc-campus-21aac900,Tech Park At Brambleton Llc Campus,VA,6.22,4,positive,2024-12-H1,False,Greenfield,2023-09-H1,-30,679,1.0,0.02663,0.27889,0.07104,0.0,0.65007,0.61369,-0.08648,0.21456,0.0,0.0,results/chips_pos16par/tech-park-at-brambleton-llc-campus-21aac900/2023-09-H1.png
21aac900-577b-11f0-8e9f-9918df6d2d7a,tech-park-at-brambleton-llc-campus-21aac900,Tech Park At Brambleton Llc Campus,VA,6.22,4,positive,2024-12-H1,False,Greenfield,2023-09-H2,-29,679,1.0,0.01424,0.33143,0.07217,0.00046,0.59594,0.63043,-0.1476,0.21697,0.0,0.0,results/chips_pos16par/tech-park-at-brambleton-llc-campus-21aac900/2023-09-H2.png
21aac900-577b-11f0-8e9f-9918df6d2d7a,tech-park-at-brambleton-llc-campus-21aac900,Tech Park At Brambleton Llc Campus,VA,6.22,4,positive,2024-12-H1,False,Greenfield,2023-10-H1,-28,679,1.0,0.02356,0.32351,0.03161,5e-05,0.64483,0.66688,-0.13945,0.20354,0.0,0.0,results/chips_pos16par/tech-park-at-brambleton-llc-campus-21aac900/2023-10-H1.png
21aac900-577b-11f0-8e9f-9918df6d2d7a,tech-park-at-brambleton-llc-campus-21aac900,Tech Park At Brambleton Llc Campus,VA,6.22,4,positive,2024-12-H1,False,Greenfield,2023-10-H2,-27,675,1.0,0.03014,0.31046,0.01662,0.0,0.67292,0.67905,-0.13372,0.19287,0.0,0.0,results/chips_pos16par/tech-park-at-brambleton-llc-campus-21aac900/2023-10-H2.png
21aac900-577b-11f0-8e9f-9918df6d2d7a,tech-park-at-brambleton-llc-campus-21aac900,Tech Park At Brambleton Llc Campus,VA,6.22,4,positive,2024-12-H1,False,Greenfield,2023-11-H1,-26,679,1.0,0.02467,0.28952,0.00546,0.0,0.70502,0.61402,-0.17435,0.16966,0.0,0.0,results/chips_pos16par/tech-park-at-brambleton-llc-campus-21aac900/2023-11-H1.png
21aac900-577b-11f0-8e9f-9918df6d2d7a,tech-park-at-brambleton-llc-campus-21aac900,Tech Park At Brambleton Llc Campus,VA,6.22,4,positive,2024-12-H1,False,Greenfield,2023-11-H2,-25,678,1.0,0.029,0.25898,0.04272,0.0,0.6983,0.58962,-0.08457,0.19272,0.0,0.0,results/chips_pos16par/tech-park-at-brambleton-llc-campus-21aac900/2023-11-H2.png
21aac900-577b-11f0-8e9f-9918df6d2d7a,tech-park-at-brambleton-llc-campus-21aac900,Tech Park At Brambleton Llc Campus,VA,6.22,4,positive,2024-12-H1,False,Greenfield,2023-12-H1,-24,679,1.0,0.02719,0.20335,0.06986,4e-05,0.72676,0.50447,-0.02616,0.19421,0.0,0.0,results/chips_pos16par/tech-park-at-brambleton-llc-campus-21aac900/2023-12-H1.png
21aac900-577b-11f0-8e9f-9918df6d2d7a,tech-park-at-brambleton-llc-campus-21aac900,Tech Park At Brambleton Llc Campus,VA,6.22,4,positive,2024-12-H1,False,Greenfield,2024-01-H1,-22,679,1.0,0.02574,0.18868,0.13717,0.00018,0.67396,0.43764,0.01234,0.22258,0.0,0.0,results/chips_pos16par/tech-park-at-brambleton-llc-campus-21aac900/2024-01-H1.png
21aac900-577b-11f0-8e9f-9918df6d2d7a,tech-park-at-brambleton-llc-campus-21aac900,Tech Park At Brambleton Llc Campus,VA,6.22,4,positive,2024-12-H1,False,Greenfield,2024-02-H1,-20,679,1.0,0.02832,0.1556,0.18949,0.00013,0.65478,0.38663,0.07207,0.24324,0.0,0.0,results/chips_pos16par/tech-park-at-brambleton-llc-campus-21aac900/2024-02-H1.png
21aac900-577b-11f0-8e9f-9918df6d2d7a,tech-park-at-brambleton-llc-campus-21aac900,Tech Park At Brambleton Llc Campus,VA,6.22,4,positive,2024-12-H1,False,Greenfield,2024-02-H2,-19,676,1.0,0.02546,0.15988,0.21414,0.00057,0.6254,0.36074,0.06924,0.25518,0.0,0.0,results/chips_pos16par/tech-park-at-brambleton-llc-campus-21aac900/2024-02-H2.png
21aac900-577b-11f0-8e9f-9918df6d2d7a,tech-park-at-brambleton-llc-campus-21aac900,Tech Park At Brambleton Llc Campus,VA,6.22,4,positive,2024-12-H1,False,Greenfield,2024-03-H2,-17,679,1.0,0.02008,0.19089,0.25947,0.00018,0.54946,0.38975,0.03624,0.27498,0.0,0.0,results/chips_pos16par/tech-park-at-brambleton-llc-campus-21aac900/2024-03-H2.png
21aac900-577b-11f0-8e9f-9918df6d2d7a,tech-park-at-brambleton-llc-campus-21aac900,Tech Park At Brambleton Llc Campus,VA,6.22,4,positive,2024-12-H1,False,Greenfield,2024-04-H1,-16,679,1.0,0.01889,0.23036,0.237,0.00047,0.53218,0.4636,0.00102,0.27377,0.0,0.0,results/chips_pos16par/tech-park-at-brambleton-llc-campus-21aac900/2024-04-H1.png
21aac900-577b-11f0-8e9f-9918df6d2d7a,tech-park-at-brambleton-llc-campus-21aac900,Tech Park At Brambleton Llc Campus,VA,6.22,4,positive,2024-12-H1,False,Greenfield,2024-04-H2,-15,272,0.4423,0.01862,0.31612,0.18466,0.00129,0.49794,0.56035,-0.07848,0.26839,0.0,0.0,results/chips_pos16par/tech-park-at-brambleton-llc-campus-21aac900/2024-04-H2.png
21aac900-577b-11f0-8e9f-9918df6d2d7a,tech-park-at-brambleton-llc-campus-21aac900,Tech Park At Brambleton Llc Campus,VA,6.22,4,positive,2024-12-H1,False,Greenfield,2024-05-H2,-13,679,1.0,0.01722,0.34993,0.07465,0.00045,0.57496,0.63846,-0.14533,0.22337,0.0,0.0,results/chips_pos16par/tech-park-at-brambleton-llc-campus-21aac900/2024-05-H2.png
21aac900-577b-11f0-8e9f-9918df6d2d7a,tech-park-at-brambleton-llc-campus-21aac900,Tech Park At Brambleton Llc Campus,VA,6.22,4,positive,2024-12-H1,False,Greenfield,2024-06-H1,-12,679,1.0,0.01944,0.42609,0.10137,0.00091,0.47162,0.67365,-0.1607,0.25027,0.0,0.0,results/chips_pos16par/tech-park-at-brambleton-llc-campus-21aac900/2024-06-H1.png
21aac900-577b-11f0-8e9f-9918df6d2d7a,tech-park-at-brambleton-llc-campus-21aac900,Tech Park At Brambleton Llc Campus,VA,6.22,4,positive,2024-12-H1,False,Greenfield,2024-06-H2,-11,679,1.0,0.01924,0.37369,0.22963,0.00065,0.39603,0.57129,-0.07559,0.30207,0.0,0.0,results/chips_pos16par/tech-park-at-brambleton-llc-campus-21aac900/2024-06-H2.png
21aac900-577b-11f0-8e9f-9918df6d2d7a,tech-park-at-brambleton-llc-campus-21aac900,Tech Park At Brambleton Llc Campus,VA,6.22,4,positive,2024-12-H1,False,Greenfield,2024-07-H1,-10,679,1.0,0.01625,0.32453,0.26452,0.00192,0.40903,0.52099,-0.04669,0.30641,502.09048,0.0,results/chips_pos16par/tech-park-at-brambleton-llc-campus-21aac900/2024-07-H1.png
21aac900-577b-11f0-8e9f-9918df6d2d7a,tech-park-at-brambleton-llc-campus-21aac900,Tech Park At Brambleton Llc Campus,VA,6.22,4,positive,2024-12-H1,False,Greenfield,2024-07-H2,-9,679,1.0,0.02295,0.23453,0.17474,4e-05,0.59069,0.51391,-0.00205,0.25358,0.0,0.0,results/chips_pos16par/tech-park-at-brambleton-llc-campus-21aac900/2024-07-H2.png
21aac900-577b-11f0-8e9f-9918df6d2d7a,tech-park-at-brambleton-llc-campus-21aac900,Tech Park At Brambleton Llc Campus,VA,6.22,4,positive,2024-12-H1,False,Greenfield,2024-08-H1,-8,679,1.0,0.02181,0.25801,0.12378,7e-05,0.61814,0.57006,-0.0495,0.23372,0.0,0.0,results/chips_pos16par/tech-park-at-brambleton-llc-campus-21aac900/2024-08-H1.png
21aac900-577b-11f0-8e9f-9918df6d2d7a,tech-park-at-brambleton-llc-campus-21aac900,Tech Park At Brambleton Llc Campus,VA,6.22,4,positive,2024-12-H1,False,Greenfield,2024-08-H2,-7,679,1.0,0.01901,0.25705,0.13277,0.00029,0.60989,0.55247,-0.05315,0.23628,0.0,0.0,results/chips_pos16par/tech-park-at-brambleton-llc-campus-21aac900/2024-08-H2.png
21aac900-577b-11f0-8e9f-9918df6d2d7a,tech-park-at-brambleton-llc-campus-21aac900,Tech Park At Brambleton Llc Campus,VA,6.22,4,positive,2024-12-H1,False,Greenfield,2024-09-H1,-6,679,1.0,0.0244,0.3021,0.10625,0.00354,0.58812,0.59417,-0.09511,0.23479,0.0,0.0,results/chips_pos16par/tech-park-at-brambleton-llc-campus-21aac900/2024-09-H1.png
21aac900-577b-11f0-8e9f-9918df6d2d7a,tech-park-at-brambleton-llc-campus-21aac900,Tech Park At Brambleton Llc Campus,VA,6.22,4,positive,2024-12-H1,False,Greenfield,2024-10-H1,-4,679,1.0,0.02381,0.31082,0.08419,0.00063,0.60436,0.63197,-0.10359,0.22506,0.0,0.0,results/chips_pos16par/tech-park-at-brambleton-llc-campus-21aac900/2024-10-H1.png
21aac900-577b-11f0-8e9f-9918df6d2d7a,tech-park-at-brambleton-llc-campus-21aac900,Tech Park At Brambleton Llc Campus,VA,6.22,4,positive,2024-12-H1,False,Greenfield,2024-10-H2,-3,679,1.0,0.02399,0.30087,0.1016,0.00101,0.59652,0.59943,-0.0855,0.23195,0.0,0.0,results/chips_pos16par/tech-park-at-brambleton-llc-campus-21aac900/2024-10-H2.png
21aac900-577b-11f0-8e9f-9918df6d2d7a,tech-park-at-brambleton-llc-campus-21aac900,Tech Park At Brambleton Llc Campus,VA,6.22,4,positive,2024-12-H1,False,Greenfield,2024-11-H1,-2,679,1.0,0.03095,0.24485,0.12061,0.00072,0.63382,0.52782,-0.01198,0.23672,0.0,0.0,results/chips_pos16par/tech-park-at-brambleton-llc-campus-21aac900/2024-11-H1.png
21aac900-577b-11f0-8e9f-9918df6d2d7a,tech-park-at-brambleton-llc-campus-21aac900,Tech Park At Brambleton Llc Campus,VA,6.22,4,positive,2024-12-H1,False,Greenfield,2024-11-H2,-1,679,1.0,0.02765,0.22587,0.14146,0.00031,0.63236,0.49002,0.00324,0.23893,0.0,0.0,results/chips_pos16par/tech-park-at-brambleton-llc-campus-21aac900/2024-11-H2.png
21aac900-577b-11f0-8e9f-9918df6d2d7a,tech-park-at-brambleton-llc-campus-21aac900,Tech Park At Brambleton Llc Campus,VA,6.22,4,positive,2024-12-H1,False,Greenfield,2024-12-H1,0,679,1.0,0.02427,0.19958,0.14431,0.00031,0.6558,0.45442,0.00388,0.22752,0.0,0.0,results/chips_pos16par/tech-park-at-brambleton-llc-campus-21aac900/2024-12-H1.png
21aac900-577b-11f0-8e9f-9918df6d2d7a,tech-park-at-brambleton-llc-campus-21aac900,Tech Park At Brambleton Llc Campus,VA,6.22,4,positive,2024-12-H1,False,Greenfield,2024-12-H2,1,679,1.0,0.02437,0.1297,0.21683,0.00549,0.64798,0.27594,0.06808,0.24235,0.0,0.0,results/chips_pos16par/tech-park-at-brambleton-llc-campus-21aac900/2024-12-H2.png
21aac900-577b-11f0-8e9f-9918df6d2d7a,tech-park-at-brambleton-llc-campus-21aac900,Tech Park At Brambleton Llc Campus,VA,6.22,4,positive,2024-12-H1,False,Greenfield,2025-01-H2,3,679,1.0,0.02305,0.12865,0.15947,0.01535,0.69654,0.22019,-0.01245,0.20465,0.0,0.0,results/chips_pos16par/tech-park-at-brambleton-llc-campus-21aac900/2025-01-H2.png
21aac900-577b-11f0-8e9f-9918df6d2d7a,tech-park-at-brambleton-llc-campus-21aac900,Tech Park At Brambleton Llc Campus,VA,6.22,4,positive,2024-12-H1,False,Greenfield,2025-02-H1,4,679,1.0,0.0217,0.12414,0.08925,0.01462,0.772,0.22292,-0.04352,0.1732,0.0,0.0,results/chips_pos16par/tech-park-at-brambleton-llc-campus-21aac900/2025-02-H1.png
21aac900-577b-11f0-8e9f-9918df6d2d7a,tech-park-at-brambleton-llc-campus-21aac900,Tech Park At Brambleton Llc Campus,VA,6.22,4,positive,2024-12-H1,False,Greenfield,2025-02-H2,5,679,1.0,0.02927,0.11752,0.26003,0.02148,0.60097,0.17912,0.00523,0.24054,0.0,0.0,results/chips_pos16par/tech-park-at-brambleton-llc-campus-21aac900/2025-02-H2.png
21aac900-577b-11f0-8e9f-9918df6d2d7a,tech-park-at-brambleton-llc-campus-21aac900,Tech Park At Brambleton Llc Campus,VA,6.22,4,positive,2024-12-H1,False,Greenfield,2025-03-H1,6,679,1.0,0.02707,0.09995,0.30672,0.02695,0.56639,0.16408,0.01037,0.25256,100.4181,0.0,results/chips_pos16par/tech-park-at-brambleton-llc-campus-21aac900/2025-03-H1.png
21aac900-577b-11f0-8e9f-9918df6d2d7a,tech-park-at-brambleton-llc-campus-21aac900,Tech Park At Brambleton Llc Campus,VA,6.22,4,positive,2024-12-H1,False,Greenfield,2025-03-H2,7,679,1.0,0.02613,0.10757,0.27524,0.03168,0.58551,0.16576,0.00598,0.24788,0.0,0.0,results/chips_pos16par/tech-park-at-brambleton-llc-campus-21aac900/2025-03-H2.png
21aac900-577b-11f0-8e9f-9918df6d2d7a,tech-park-at-brambleton-llc-campus-21aac900,Tech Park At Brambleton Llc Campus,VA,6.22,4,positive,2024-12-H1,False,Greenfield,2025-04-H1,8,679,1.0,0.0246,0.12402,0.25152,0.03157,0.59289,0.19338,-0.04027,0.23251,100.4181,0.0,results/chips_pos16par/tech-park-at-brambleton-llc-campus-21aac900/2025-04-H1.png
21aac900-577b-11f0-8e9f-9918df6d2d7a,tech-park-at-brambleton-llc-campus-21aac900,Tech Park At Brambleton Llc Campus,VA,6.22,4,positive,2024-12-H1,False,Greenfield,2025-04-H2,9,679,1.0,0.0258,0.13737,0.24639,0.03452,0.58172,0.19786,-0.04666,0.23682,100.4181,0.0,results/chips_pos16par/tech-park-at-brambleton-llc-campus-21aac900/2025-04-H2.png
21aac900-577b-11f0-8e9f-9918df6d2d7a,tech-park-at-brambleton-llc-campus-21aac900,Tech Park At Brambleton Llc Campus,VA,6.22,4,positive,2024-12-H1,False,Greenfield,2025-05-H2,11,679,1.0,0.02379,0.1474,0.16809,0.02477,0.65975,0.21496,-0.07387,0.20401,0.0,0.0,results/chips_pos16par/tech-park-at-brambleton-llc-campus-21aac900/2025-05-H2.png
21aac900-577b-11f0-8e9f-9918df6d2d7a,tech-park-at-brambleton-llc-campus-21aac900,Tech Park At Brambleton Llc Campus,VA,6.22,4,positive,2024-12-H1,False,Greenfield,2025-06-H1,12,679,1.0,0.02534,0.17413,0.2339,0.0399,0.55207,0.22974,-0.07091,0.24027,0.0,0.0,results/chips_pos16par/tech-park-at-brambleton-llc-campus-21aac900/2025-06-H1.png
21aac900-577b-11f0-8e9f-9918df6d2d7a,tech-park-at-brambleton-llc-campus-21aac900,Tech Park At Brambleton Llc Campus,VA,6.22,4,positive,2024-12-H1,False,Greenfield,2025-06-H2,13,679,1.0,0.02608,0.11887,0.29252,0.03026,0.55835,0.17198,-0.01517,0.25041,3012.5429,0.0,results/chips_pos16par/tech-park-at-brambleton-llc-campus-21aac900/2025-06-H2.png
21aac900-577b-11f0-8e9f-9918df6d2d7a,tech-park-at-brambleton-llc-campus-21aac900,Tech Park At Brambleton Llc Campus,VA,6.22,4,positive,2024-12-H1,False,Greenfield,2025-07-H1,14,679,1.0,0.02509,0.15058,0.28263,0.05938,0.50741,0.20135,-0.05367,0.26279,200.83619,0.0,results/chips_pos16par/tech-park-at-brambleton-llc-campus-21aac900/2025-07-H1.png
21aac900-577b-11f0-8e9f-9918df6d2d7a,tech-park-at-brambleton-llc-campus-21aac900,Tech Park At Brambleton Llc Campus,VA,6.22,4,positive,2024-12-H1,False,Greenfield,2025-07-H2,15,679,1.0,0.01722,0.15359,0.07886,0.02943,0.73812,0.21763,-0.11657,0.17058,0.0,0.0,results/chips_pos16par/tech-park-at-brambleton-llc-campus-21aac900/2025-07-H2.png
21aac900-577b-11f0-8e9f-9918df6d2d7a,tech-park-at-brambleton-llc-campus-21aac900,Tech Park At Brambleton Llc Campus,VA,6.22,4,positive,2024-12-H1,False,Greenfield,2025-08-H1,16,679,1.0,0.02543,0.15004,0.2236,0.03047,0.59588,0.21432,-0.08411,0.21708,0.0,0.0,results/chips_pos16par/tech-park-at-brambleton-llc-campus-21aac900/2025-08-H1.png
21aac900-577b-11f0-8e9f-9918df6d2d7a,tech-park-at-brambleton-llc-campus-21aac900,Tech Park At Brambleton Llc Campus,VA,6.22,4,positive,2024-12-H1,False,Greenfield,2025-08-H2,17,679,1.0,0.02634,0.15692,0.1868,0.028,0.62828,0.21633,-0.10704,0.20166,0.0,0.0,results/chips_pos16par/tech-park-at-brambleton-llc-campus-21aac900/2025-08-H2.png
21aac900-577b-11f0-8e9f-9918df6d2d7a,tech-park-at-brambleton-llc-campus-21aac900,Tech Park At Brambleton Llc Campus,VA,6.22,4,positive,2024-12-H1,False,Greenfield,2025-09-H1,18,679,1.0,0.02467,0.15716,0.21436,0.02841,0.60008,0.21525,-0.07922,0.21912,0.0,0.0,results/chips_pos16par/tech-park-at-brambleton-llc-campus-21aac900/2025-09-H1.png
21aac900-577b-11f0-8e9f-9918df6d2d7a,tech-park-at-brambleton-llc-campus-21aac900,Tech Park At Brambleton Llc Campus,VA,6.22,4,positive,2024-12-H1,False,Greenfield,2025-09-H2,19,679,1.0,0.02253,0.12561,0.11643,0.00945,0.74851,0.19384,-0.08605,0.16668,0.0,0.0,results/chips_pos16par/tech-park-at-brambleton-llc-campus-21aac900/2025-09-H2.png
21aac900-577b-11f0-8e9f-9918df6d2d7a,tech-park-at-brambleton-llc-campus-21aac900,Tech Park At Brambleton Llc Campus,VA,6.22,4,positive,2024-12-H1,False,Greenfield,2025-10-H1,20,679,1.0,0.02878,0.13072,0.23132,0.01856,0.6194,0.1978,-0.04161,0.22036,0.0,0.0,results/chips_pos16par/tech-park-at-brambleton-llc-campus-21aac900/2025-10-H1.png
21aac900-577b-11f0-8e9f-9918df6d2d7a,tech-park-at-brambleton-llc-campus-21aac900,Tech Park At Brambleton Llc Campus,VA,6.22,4,positive,2024-12-H1,False,Greenfield,2025-10-H2,21,679,1.0,0.02673,0.11007,0.16081,0.03132,0.6978,0.16638,-0.03749,0.19882,0.0,0.0,results/chips_pos16par/tech-park-at-brambleton-llc-campus-21aac900/2025-10-H2.png
21aac900-577b-11f0-8e9f-9918df6d2d7a,tech-park-at-brambleton-llc-campus-21aac900,Tech Park At Brambleton Llc Campus,VA,6.22,4,positive,2024-12-H1,False,Greenfield,2025-11-H1,22,679,1.0,0.02708,0.09104,0.138,0.0436,0.72737,0.13956,-0.02629,0.19265,0.0,0.0,results/chips_pos16par/tech-park-at-brambleton-llc-campus-21aac900/2025-11-H1.png
21aac900-577b-11f0-8e9f-9918df6d2d7a,tech-park-at-brambleton-llc-campus-21aac900,Tech Park At Brambleton Llc Campus,VA,6.22,4,positive,2024-12-H1,False,Greenfield,2025-11-H2,23,679,1.0,0.02095,0.06443,0.09886,0.04729,0.78942,0.12391,0.0072,0.17875,0.0,0.0,results/chips_pos16par/tech-park-at-brambleton-llc-campus-21aac900/2025-11-H2.png
21aac900-577b-11f0-8e9f-9918df6d2d7a,tech-park-at-brambleton-llc-campus-21aac900,Tech Park At Brambleton Llc Campus,VA,6.22,4,positive,2024-12-H1,False,Greenfield,2025-12-H1,24,679,1.0,0.02342,0.07245,0.05919,0.05223,0.81613,0.13885,-0.04123,0.16208,0.0,0.0,results/chips_pos16par/tech-park-at-brambleton-llc-campus-21aac900/2025-12-H1.png
21aac900-577b-11f0-8e9f-9918df6d2d7a,tech-park-at-brambleton-llc-campus-21aac900,Tech Park At Brambleton Llc Campus,VA,6.22,4,positive,2024-12-H1,False,Greenfield,2025-12-H2,25,34,0.0553,0.01786,0.0378,0.01925,0.1195,0.82344,0.06456,-0.09396,0.15775,0.0,0.0,results/chips_pos16par/tech-park-at-brambleton-llc-campus-21aac900/2025-12-H2.png
21aac900-577b-11f0-8e9f-9918df6d2d7a,tech-park-at-brambleton-llc-campus-21aac900,Tech Park At Brambleton Llc Campus,VA,6.22,4,positive,2024-12-H1,False,Greenfield,2026-01-H1,26,679,1.0,0.02517,0.05454,0.06163,0.06708,0.81676,0.10787,-0.0257,0.16352,0.0,0.0,results/chips_pos16par/tech-park-at-brambleton-llc-campus-21aac900/2026-01-H1.png
21aac900-577b-11f0-8e9f-9918df6d2d7a,tech-park-at-brambleton-llc-campus-21aac900,Tech Park At Brambleton Llc Campus,VA,6.22,4,positive,2024-12-H1,False,Greenfield,2026-01-H2,27,679,1.0,0.02359,0.0681,0.1224,0.06655,0.74295,0.11132,-0.01039,0.194,0.0,0.0,results/chips_pos16par/tech-park-at-brambleton-llc-campus-21aac900/2026-01-H2.png
21aac900-577b-11f0-8e9f-9918df6d2d7a,tech-park-at-brambleton-llc-campus-21aac900,Tech Park At Brambleton Llc Campus,VA,6.22,4,positive,2024-12-H1,False,Greenfield,2026-02-H1,28,60,0.0976,0.02369,0.09665,0.06437,0.0337,0.80528,0.11392,-0.14232,0.14272,0.0,0.0,results/chips_pos16par/tech-park-at-brambleton-llc-campus-21aac900/2026-02-H1.png
21aac900-577b-11f0-8e9f-9918df6d2d7a,tech-park-at-brambleton-llc-campus-21aac900,Tech Park At Brambleton Llc Campus,VA,6.22,4,positive,2024-12-H1,False,Greenfield,2026-02-H2,29,679,1.0,0.02116,0.06447,0.11792,0.05256,0.76506,0.0938,-0.00691,0.18465,0.0,0.0,results/chips_pos16par/tech-park-at-brambleton-llc-campus-21aac900/2026-02-H2.png
21aac900-577b-11f0-8e9f-9918df6d2d7a,tech-park-at-brambleton-llc-campus-21aac900,Tech Park At Brambleton Llc Campus,VA,6.22,4,positive,2024-12-H1,False,Greenfield,2026-03-H1,30,679,1.0,0.02353,0.06257,0.11774,0.03893,0.78076,0.08262,0.00941,0.1793,100.4181,0.0,results/chips_pos16par/tech-park-at-brambleton-llc-campus-21aac900/2026-03-H1.png
21aac900-577b-11f0-8e9f-9918df6d2d7a,tech-park-at-brambleton-llc-campus-21aac900,Tech Park At Brambleton Llc Campus,VA,6.22,4,positive,2024-12-H1,False,Greenfield,2026-04-H1,32,679,1.0,0.01873,0.05737,0.13615,0.04382,0.76266,0.08432,0.00754,0.18411,0.0,0.0,results/chips_pos16par/tech-park-at-brambleton-llc-campus-21aac900/2026-04-H1.png
21aac900-577b-11f0-8e9f-9918df6d2d7a,tech-park-at-brambleton-llc-campus-21aac900,Tech Park At Brambleton Llc Campus,VA,6.22,4,positive,2024-12-H1,False,Greenfield,2026-04-H2,33,679,1.0,0.01794,0.09497,0.15481,0.04952,0.70069,0.14078,-0.02753,0.20041,0.0,0.0,results/chips_pos16par/tech-park-at-brambleton-llc-campus-21aac900/2026-04-H2.png
21aac900-577b-11f0-8e9f-9918df6d2d7a,tech-park-at-brambleton-llc-campus-21aac900,Tech Park At Brambleton Llc Campus,VA,6.22,4,positive,2024-12-H1,False,Greenfield,2026-05-H1,34,679,1.0,0.01951,0.09272,0.17674,0.06688,0.66367,0.13083,-0.03357,0.2122,0.0,0.0,results/chips_pos16par/tech-park-at-brambleton-llc-campus-21aac900/2026-05-H1.png
21aac900-577b-11f0-8e9f-9918df6d2d7a,tech-park-at-brambleton-llc-campus-21aac900,Tech Park At Brambleton Llc Campus,VA,6.22,4,positive,2024-12-H1,False,Greenfield,2026-05-H2,35,679,1.0,0.02321,0.11078,0.17935,0.07073,0.63914,0.14349,-0.02641,0.21993,0.0,0.0,results/chips_pos16par/tech-park-at-brambleton-llc-campus-21aac900/2026-05-H2.png
21aac900-577b-11f0-8e9f-9918df6d2d7a,tech-park-at-brambleton-llc-campus-21aac900,Tech Park At Brambleton Llc Campus,VA,6.22,4,positive,2024-12-H1,False,Greenfield,2026-06-H1,36,639,1.0,0.03884,0.10129,0.25463,0.09881,0.54526,0.1538,0.00974,0.28251,6527.17628,4016.72387,results/chips_pos16par/tech-park-at-brambleton-llc-campus-21aac900/2026-06-H1.png
21aac900-577b-11f0-8e9f-9918df6d2d7a,tech-park-at-brambleton-llc-campus-21aac900,Tech Park At Brambleton Llc Campus,VA,6.22,4,positive,2024-12-H1,False,Greenfield,2026-06-H2,37,622,1.0,0.04759,0.10734,0.26829,0.11686,0.50752,0.15496,0.00031,0.2995,7430.93915,4820.06864,results/chips_pos16par/tech-park-at-brambleton-llc-campus-21aac900/2026-06-H2.png
21aac900-577b-11f0-8e9f-9918df6d2d7a,tech-park-at-brambleton-llc-campus-21aac900,Tech Park At Brambleton Llc Campus,VA,6.22,4,positive,2024-12-H1,False,Greenfield,2026-07-H1,38,679,1.0,0.0226,0.11262,0.19612,0.07225,0.61902,0.16736,-0.01787,0.22809,100.4181,0.0,results/chips_pos16par/tech-park-at-brambleton-llc-campus-21aac900/2026-07-H1.png
21aac900-577b-11f0-8e9f-9918df6d2d7a,tech-park-at-brambleton-llc-campus-21aac900,Tech Park At Brambleton Llc Campus,VA,6.22,4,positive,2024-12-H1,False,Greenfield,2026-07-H2,39,679,1.0,0.02177,0.13075,0.14066,0.09063,0.63796,0.18836,-0.06287,0.21613,0.0,1606.68955,results/chips_pos16par/tech-park-at-brambleton-llc-campus-21aac900/2026-07-H2.png
21aac900-577b-11f0-8e9f-9918df6d2d7a,tech-park-at-brambleton-llc-campus-21aac900,Tech Park At Brambleton Llc Campus,VA,6.22,4,positive,2024-12-H1,False,Greenfield,2026-08-H1,40,444,0.722,0.03096,0.08569,0.26263,0.07417,0.57751,0.15514,0.02088,0.25213,5924.6677,301.25429,results/chips_pos16par/tech-park-at-brambleton-llc-campus-21aac900/2026-08-H1.png
21aac900-577b-11f0-8e9f-9918df6d2d7a,tech-park-at-brambleton-llc-campus-21aac900,Tech Park At Brambleton Llc Campus,VA,6.22,4,positive,2024-12-H1,False,Greenfield,2026-08-H2,41,444,0.722,0.01968,0.09468,0.15102,0.06338,0.69092,0.17101,-0.01896,0.20525,0.0,0.0,results/chips_pos16par/tech-park-at-brambleton-llc-campus-21aac900/2026-08-H2.png
21aac900-577b-11f0-8e9f-9918df6d2d7a,tech-park-at-brambleton-llc-campus-21aac900,Tech Park At Brambleton Llc Campus,VA,6.22,4,positive,2024-12-H1,False,Greenfield,2026-09-H1,42,679,1.0,0.0252,0.12623,0.06465,0.14071,0.66841,0.17639,-0.07094,0.21604,0.0,6225.92199,results/chips_pos16par/tech-park-at-brambleton-llc-campus-21aac900/2026-09-H1.png
440afddb-ea8a-45ff-aa07-c8a6deb8b398,westwood-solutions-llc-campus-440afddb,Westwood Solutions Llc Campus,NE,14.81,8,positive,2024-10-H1,False,Expansion,2023-02-H1,-40,1495,1.0,0.02181,0.07743,0.29229,0.04737,0.58292,0.15676,0.07287,0.27026,11708.88089,908.44766,results/chips_pos16par/westwood-solutions-llc-campus-440afddb/2023-02-H1.png
440afddb-ea8a-45ff-aa07-c8a6deb8b398,westwood-solutions-llc-campus-440afddb,Westwood Solutions Llc Campus,NE,14.81,8,positive,2024-10-H1,False,Expansion,2023-04-H1,-36,1495,1.0,0.01724,0.02809,0.56942,0.10309,0.2994,0.11311,0.10356,0.39003,113858.77284,1211.26354,results/chips_pos16par/westwood-solutions-llc-campus-440afddb/2023-04-H1.png
440afddb-ea8a-45ff-aa07-c8a6deb8b398,westwood-solutions-llc-campus-440afddb,Westwood Solutions Llc Campus,NE,14.81,8,positive,2024-10-H1,False,Expansion,2023-04-H2,-35,1495,1.0,0.01245,0.06351,0.48534,0.08017,0.37098,0.15481,0.08565,0.36091,66922.31063,908.44766,results/chips_pos16par/westwood-solutions-llc-campus-440afddb/2023-04-H2.png
440afddb-ea8a-45ff-aa07-c8a6deb8b398,westwood-solutions-llc-campus-440afddb,Westwood Solutions Llc Campus,NE,14.81,8,positive,2024-10-H1,False,Expansion,2023-05-H1,-34,1495,1.0,0.01675,0.05437,0.59392,0.10046,0.25125,0.15365,0.08148,0.40173,116987.87032,908.44766,results/chips_pos16par/westwood-solutions-llc-campus-440afddb/2023-05-H1.png
440afddb-ea8a-45ff-aa07-c8a6deb8b398,westwood-solutions-llc-campus-440afddb,Westwood Solutions Llc Campus,NE,14.81,8,positive,2024-10-H1,False,Expansion,2023-05-H2,-33,1176,0.8133,0.01482,0.10982,0.51245,0.09183,0.2859,0.22198,0.02868,0.37596,67225.12652,0.0,results/chips_pos16par/westwood-solutions-llc-campus-440afddb/2023-05-H2.png
440afddb-ea8a-45ff-aa07-c8a6deb8b398,westwood-solutions-llc-campus-440afddb,Westwood Solutions Llc Campus,NE,14.81,8,positive,2024-10-H1,False,Expansion,2023-06-H1,-32,1495,1.0,0.01399,0.08428,0.52614,0.08609,0.30348,0.19829,0.0695,0.37932,89330.68614,807.50903,results/chips_pos16par/westwood-solutions-llc-campus-440afddb/2023-06-H1.png
440afddb-ea8a-45ff-aa07-c8a6deb8b398,westwood-solutions-llc-campus-440afddb,Westwood Solutions Llc Campus,NE,14.81,8,positive,2024-10-H1,False,Expansion,2023-06-H2,-31,1495,1.0,0.01458,0.10107,0.5562,0.09758,0.24515,0.21227,0.07079,0.40786,94175.7403,908.44766,results/chips_pos16par/westwood-solutions-llc-campus-440afddb/2023-06-H2.png
440afddb-ea8a-45ff-aa07-c8a6deb8b398,westwood-solutions-llc-campus-440afddb,Westwood Solutions Llc Campus,NE,14.81,8,positive,2024-10-H1,False,Expansion,2023-07-H1,-30,1495,1.0,0.01522,0.11895,0.44683,0.08776,0.34646,0.25036,0.03376,0.35431,60462.23841,908.44766,results/chips_pos16par/westwood-solutions-llc-campus-440afddb/2023-07-H1.png
440afddb-ea8a-45ff-aa07-c8a6deb8b398,westwood-solutions-llc-campus-440afddb,Westwood Solutions Llc Campus,NE,14.81,8,positive,2024-10-H1,False,Expansion,2023-07-H2,-29,1495,1.0,0.0157,0.16776,0.40328,0.09036,0.3386,0.31611,0.00134,0.352,59957.54527,908.44766,results/chips_pos16par/westwood-solutions-llc-campus-440afddb/2023-07-H2.png
440afddb-ea8a-45ff-aa07-c8a6deb8b398,westwood-solutions-llc-campus-440afddb,Westwood Solutions Llc Campus,NE,14.81,8,positive,2024-10-H1,False,Expansion,2023-08-H1,-28,1400,0.9682,0.01607,0.23092,0.33871,0.08254,0.34782,0.38667,-0.06614,0.32493,46128.95318,1009.38628,results/chips_pos16par/westwood-solutions-llc-campus-440afddb/2023-08-H1.png
440afddb-ea8a-45ff-aa07-c8a6deb8b398,westwood-solutions-llc-campus-440afddb,Westwood Solutions Llc Campus,NE,14.81,8,positive,2024-10-H1,False,Expansion,2023-08-H2,-27,1495,1.0,0.01518,0.1724,0.36579,0.07626,0.38555,0.33598,-0.01787,0.32588,50671.19146,504.69314,results/chips_pos16par/westwood-solutions-llc-campus-440afddb/2023-08-H2.png
440afddb-ea8a-45ff-aa07-c8a6deb8b398,westwood-solutions-llc-campus-440afddb,Westwood Solutions Llc Campus,NE,14.81,8,positive,2024-10-H1,False,Expansion,2023-09-H1,-26,1495,1.0,0.01543,0.13363,0.41769,0.07804,0.37063,0.28352,0.01632,0.34037,57736.89545,706.5704,results/chips_pos16par/westwood-solutions-llc-campus-440afddb/2023-09-H1.png
440afddb-ea8a-45ff-aa07-c8a6deb8b398,westwood-solutions-llc-campus-440afddb,Westwood Solutions Llc Campus,NE,14.81,8,positive,2024-10-H1,False,Expansion,2023-10-H1,-24,1495,1.0,0.01938,0.09138,0.36888,0.07175,0.46798,0.23211,0.06699,0.31713,25739.35024,908.44766,results/chips_pos16par/westwood-solutions-llc-campus-440afddb/2023-10-H1.png
440afddb-ea8a-45ff-aa07-c8a6deb8b398,westwood-solutions-llc-campus-440afddb,Westwood Solutions Llc Campus,NE,14.81,8,positive,2024-10-H1,False,Expansion,2023-10-H2,-23,1495,1.0,0.02289,0.0883,0.39226,0.06594,0.45349,0.24846,0.0727,0.31933,46835.52358,1211.26354,results/chips_pos16par/westwood-solutions-llc-campus-440afddb/2023-10-H2.png
440afddb-ea8a-45ff-aa07-c8a6deb8b398,westwood-solutions-llc-campus-440afddb,Westwood Solutions Llc Campus,NE,14.81,8,positive,2024-10-H1,False,Expansion,2023-11-H1,-22,1495,1.0,0.02211,0.06717,0.39709,0.06857,0.46717,0.21088,0.08856,0.31744,40981.08313,1110.32491,results/chips_pos16par/westwood-solutions-llc-campus-440afddb/2023-11-H1.png
440afddb-ea8a-45ff-aa07-c8a6deb8b398,westwood-solutions-llc-campus-440afddb,Westwood Solutions Llc Campus,NE,14.81,8,positive,2024-10-H1,False,Expansion,2023-11-H2,-21,1149,0.7946,0.01913,0.04936,0.41632,0.08827,0.44605,0.15785,0.08219,0.32589,32805.05423,1514.07943,results/chips_pos16par/westwood-solutions-llc-campus-440afddb/2023-11-H2.png
440afddb-ea8a-45ff-aa07-c8a6deb8b398,westwood-solutions-llc-campus-440afddb,Westwood Solutions Llc Campus,NE,14.81,8,positive,2024-10-H1,False,Expansion,2023-12-H1,-20,1494,1.0,0.02127,0.06111,0.3656,0.06857,0.50472,0.184,0.10089,0.30818,32098.48383,2321.58845,results/chips_pos16par/westwood-solutions-llc-campus-440afddb/2023-12-H1.png
440afddb-ea8a-45ff-aa07-c8a6deb8b398,westwood-solutions-llc-campus-440afddb,Westwood Solutions Llc Campus,NE,14.81,8,positive,2024-10-H1,False,Expansion,2023-12-H2,-19,282,0.195,0.01393,0.04643,0.03851,0.14211,0.77295,0.08479,-0.09169,0.17819,0.0,1312.20217,results/chips_pos16par/westwood-solutions-llc-campus-440afddb/2023-12-H2.png
440afddb-ea8a-45ff-aa07-c8a6deb8b398,westwood-solutions-llc-campus-440afddb,Westwood Solutions Llc Campus,NE,14.81,8,positive,2024-10-H1,False,Expansion,2024-01-H2,-17,54,0.0373,0.01297,0.05784,0.06905,0.09781,0.7753,0.07828,-0.03843,0.18612,0.0,100.93863,results/chips_pos16par/westwood-solutions-llc-campus-440afddb/2024-01-H2.png
440afddb-ea8a-45ff-aa07-c8a6deb8b398,westwood-solutions-llc-campus-440afddb,Westwood Solutions Llc Campus,NE,14.81,8,positive,2024-10-H1,False,Expansion,2024-02-H1,-16,1456,1.0,0.03057,0.03755,0.34954,0.06846,0.54445,0.16058,0.1547,0.30397,18370.83037,1917.83394,results/chips_pos16par/westwood-solutions-llc-campus-440afddb/2024-02-H1.png
440afddb-ea8a-45ff-aa07-c8a6deb8b398,westwood-solutions-llc-campus-440afddb,Westwood Solutions Llc Campus,NE,14.81,8,positive,2024-10-H1,False,Expansion,2024-02-H2,-15,1495,1.0,0.01998,0.03423,0.37859,0.09927,0.48791,0.13634,0.06968,0.30894,31694.72932,2422.52708,results/chips_pos16par/westwood-solutions-llc-campus-440afddb/2024-02-H2.png
440afddb-ea8a-45ff-aa07-c8a6deb8b398,westwood-solutions-llc-campus-440afddb,Westwood Solutions Llc Campus,NE,14.81,8,positive,2024-10-H1,False,Expansion,2024-03-H1,-14,1495,1.0,0.02067,0.03816,0.40902,0.08146,0.47136,0.1533,0.1039,0.32076,29776.89538,2321.58845,results/chips_pos16par/westwood-solutions-llc-campus-440afddb/2024-03-H1.png
440afddb-ea8a-45ff-aa07-c8a6deb8b398,westwood-solutions-llc-campus-440afddb,Westwood Solutions Llc Campus,NE,14.81,8,positive,2024-10-H1,False,Expansion,2024-03-H2,-13,1495,1.0,0.02178,0.03491,0.49702,0.09077,0.3773,0.15729,0.11087,0.35892,73382.38285,2422.52708,results/chips_pos16par/westwood-solutions-llc-campus-440afddb/2024-03-H2.png
440afddb-ea8a-45ff-aa07-c8a6deb8b398,westwood-solutions-llc-campus-440afddb,Westwood Solutions Llc Campus,NE,14.81,8,positive,2024-10-H1,False,Expansion,2024-04-H1,-12,1495,1.0,0.02103,0.05513,0.50228,0.09175,0.35083,0.18658,0.09397,0.3656,77520.86661,2220.64982,results/chips_pos16par/westwood-solutions-llc-campus-440afddb/2024-04-H1.png
440afddb-ea8a-45ff-aa07-c8a6deb8b398,westwood-solutions-llc-campus-440afddb,Westwood Solutions Llc Campus,NE,14.81,8,positive,2024-10-H1,False,Expansion,2024-04-H2,-11,1495,1.0,0.01852,0.12295,0.4726,0.11014,0.29431,0.25118,0.02625,0.37436,71060.7944,2321.58845,results/chips_pos16par/westwood-solutions-llc-campus-440afddb/2024-04-H2.png
440afddb-ea8a-45ff-aa07-c8a6deb8b398,westwood-solutions-llc-campus-440afddb,Westwood Solutions Llc Campus,NE,14.81,8,positive,2024-10-H1,False,Expansion,2024-05-H2,-9,1495,1.0,0.01738,0.18472,0.42791,0.10556,0.28181,0.30601,-0.03334,0.35669,70051.40811,2018.77257,results/chips_pos16par/westwood-solutions-llc-campus-440afddb/2024-05-H2.png
440afddb-ea8a-45ff-aa07-c8a6deb8b398,westwood-solutions-llc-campus-440afddb,Westwood Solutions Llc Campus,NE,14.81,8,positive,2024-10-H1,False,Expansion,2024-06-H1,-8,1292,0.8935,0.01715,0.14757,0.48371,0.11913,0.24959,0.25103,-0.00544,0.38036,74492.70776,1917.83394,results/chips_pos16par/westwood-solutions-llc-campus-440afddb/2024-06-H1.png
440afddb-ea8a-45ff-aa07-c8a6deb8b398,westwood-solutions-llc-campus-440afddb,Westwood Solutions Llc Campus,NE,14.81,8,positive,2024-10-H1,False,Expansion,2024-06-H2,-7,1315,0.9094,0.01061,0.1468,0.31474,0.12672,0.41174,0.23498,-0.02374,0.32131,20187.72568,2220.64982,results/chips_pos16par/westwood-solutions-llc-campus-440afddb/2024-06-H2.png
440afddb-ea8a-45ff-aa07-c8a6deb8b398,westwood-solutions-llc-campus-440afddb,Westwood Solutions Llc Campus,NE,14.81,8,positive,2024-10-H1,False,Expansion,2024-07-H1,-6,37,0.0256,0.00719,0.16152,0.10973,0.04184,0.68691,0.33792,-0.07188,0.2058,0.0,0.0,results/chips_pos16par/westwood-solutions-llc-campus-440afddb/2024-07-H1.png
440afddb-ea8a-45ff-aa07-c8a6deb8b398,westwood-solutions-llc-campus-440afddb,Westwood Solutions Llc Campus,NE,14.81,8,positive,2024-10-H1,False,Expansion,2024-07-H2,-5,1292,0.8935,0.01787,0.20155,0.39395,0.10632,0.29817,0.33653,-0.03188,0.35475,56626.57053,2018.77257,results/chips_pos16par/westwood-solutions-llc-campus-440afddb/2024-07-H2.png
440afddb-ea8a-45ff-aa07-c8a6deb8b398,westwood-solutions-llc-campus-440afddb,Westwood Solutions Llc Campus,NE,14.81,8,positive,2024-10-H1,False,Expansion,2024-08-H1,-4,1495,1.0,0.0129,0.18027,0.21265,0.07061,0.53648,0.31732,-0.05578,0.26527,6863.82673,1514.07943,results/chips_pos16par/westwood-solutions-llc-campus-440afddb/2024-08-H1.png
440afddb-ea8a-45ff-aa07-c8a6deb8b398,westwood-solutions-llc-campus-440afddb,Westwood Solutions Llc Campus,NE,14.81,8,positive,2024-10-H1,False,Expansion,2024-08-H2,-3,1491,1.0,0.02085,0.16119,0.29055,0.08911,0.45915,0.34682,-0.00533,0.30181,30079.71126,1715.95668,results/chips_pos16par/westwood-solutions-llc-campus-440afddb/2024-08-H2.png
440afddb-ea8a-45ff-aa07-c8a6deb8b398,westwood-solutions-llc-campus-440afddb,Westwood Solutions Llc Campus,NE,14.81,8,positive,2024-10-H1,False,Expansion,2024-09-H1,-2,1491,1.0,0.02342,0.11448,0.39121,0.08724,0.40707,0.27797,0.05503,0.33413,58039.71133,1312.20217,results/chips_pos16par/westwood-solutions-llc-campus-440afddb/2024-09-H1.png
440afddb-ea8a-45ff-aa07-c8a6deb8b398,westwood-solutions-llc-campus-440afddb,Westwood Solutions Llc Campus,NE,14.81,8,positive,2024-10-H1,False,Expansion,2024-09-H2,-1,1495,1.0,0.02171,0.10141,0.39299,0.09055,0.41505,0.23502,0.07166,0.3418,50671.19146,1514.07943,results/chips_pos16par/westwood-solutions-llc-campus-440afddb/2024-09-H2.png
440afddb-ea8a-45ff-aa07-c8a6deb8b398,westwood-solutions-llc-campus-440afddb,Westwood Solutions Llc Campus,NE,14.81,8,positive,2024-10-H1,False,Expansion,2024-10-H1,0,1495,1.0,0.02235,0.08862,0.45724,0.09556,0.35858,0.20506,0.09275,0.37117,66720.43337,1110.32491,results/chips_pos16par/westwood-solutions-llc-campus-440afddb/2024-10-H1.png
440afddb-ea8a-45ff-aa07-c8a6deb8b398,westwood-solutions-llc-campus-440afddb,Westwood Solutions Llc Campus,NE,14.81,8,positive,2024-10-H1,False,Expansion,2024-10-H2,1,1292,0.8935,0.02361,0.06759,0.49013,0.08467,0.35761,0.17775,0.12632,0.37827,65307.29258,605.63177,results/chips_pos16par/westwood-solutions-llc-campus-440afddb/2024-10-H2.png
440afddb-ea8a-45ff-aa07-c8a6deb8b398,westwood-solutions-llc-campus-440afddb,Westwood Solutions Llc Campus,NE,14.81,8,positive,2024-10-H1,False,Expansion,2024-11-H1,2,1495,1.0,0.01946,0.07062,0.15665,0.03774,0.73499,0.17502,0.08423,0.21479,100.93863,100.93863,results/chips_pos16par/westwood-solutions-llc-campus-440afddb/2024-11-H1.png
440afddb-ea8a-45ff-aa07-c8a6deb8b398,westwood-solutions-llc-campus-440afddb,Westwood Solutions Llc Campus,NE,14.81,8,positive,2024-10-H1,False,Expansion,2024-11-H2,3,1495,1.0,0.02364,0.06519,0.19902,0.04007,0.69572,0.1634,0.11786,0.23645,1514.07943,201.87726,results/chips_pos16par/westwood-solutions-llc-campus-440afddb/2024-11-H2.png
440afddb-ea8a-45ff-aa07-c8a6deb8b398,westwood-solutions-llc-campus-440afddb,Westwood Solutions Llc Campus,NE,14.81,8,positive,2024-10-H1,False,Expansion,2024-12-H1,4,1158,0.8008,0.02228,0.02351,0.51233,0.04037,0.42378,0.13687,0.16964,0.3494,65509.16983,0.0,results/chips_pos16par/westwood-solutions-llc-campus-440afddb/2024-12-H1.png
440afddb-ea8a-45ff-aa07-c8a6deb8b398,westwood-solutions-llc-campus-440afddb,Westwood Solutions Llc Campus,NE,14.81,8,positive,2024-10-H1,False,Expansion,2024-12-H2,5,1495,1.0,0.02776,0.04314,0.35928,0.02514,0.57243,0.16053,0.17702,0.29139,33612.56326,403.75451,results/chips_pos16par/westwood-solutions-llc-campus-440afddb/2024-12-H2.png
440afddb-ea8a-45ff-aa07-c8a6deb8b398,westwood-solutions-llc-campus-440afddb,Westwood Solutions Llc Campus,NE,14.81,8,positive,2024-10-H1,False,Expansion,2025-01-H1,6,1495,1.0,0.02153,0.04224,0.41034,0.06531,0.48211,0.13653,0.12889,0.32156,52992.77991,2422.52708,results/chips_pos16par/westwood-solutions-llc-campus-440afddb/2025-01-H1.png
440afddb-ea8a-45ff-aa07-c8a6deb8b398,westwood-solutions-llc-campus-440afddb,Westwood Solutions Llc Campus,NE,14.81,8,positive,2024-10-H1,False,Expansion,2025-01-H2,7,1495,1.0,0.02514,0.0274,0.48567,0.04565,0.44128,0.1296,0.16747,0.34382,77016.17347,201.87726,results/chips_pos16par/westwood-solutions-llc-campus-440afddb/2025-01-H2.png
440afddb-ea8a-45ff-aa07-c8a6deb8b398,westwood-solutions-llc-campus-440afddb,Westwood Solutions Llc Campus,NE,14.81,8,positive,2024-10-H1,False,Expansion,2025-02-H2,9,1495,1.0,0.02309,0.0386,0.34337,0.0219,0.59612,0.13653,0.16544,0.28009,22711.19139,0.0,results/chips_pos16par/westwood-solutions-llc-campus-440afddb/2025-02-H2.png
440afddb-ea8a-45ff-aa07-c8a6deb8b398,westwood-solutions-llc-campus-440afddb,Westwood Solutions Llc Campus,NE,14.81,8,positive,2024-10-H1,False,Expansion,2025-03-H2,11,153,0.1058,0.0373,0.1133,0.02768,0.13419,0.72483,0.10435,-0.20648,0.16975,0.0,100.93863,results/chips_pos16par/westwood-solutions-llc-campus-440afddb/2025-03-H2.png
440afddb-ea8a-45ff-aa07-c8a6deb8b398,westwood-solutions-llc-campus-440afddb,Westwood Solutions Llc Campus,NE,14.81,8,positive,2024-10-H1,False,Expansion,2025-04-H1,12,1495,1.0,0.01767,0.03674,0.47999,0.01789,0.46538,0.15582,0.14898,0.32525,69849.53085,0.0,results/chips_pos16par/westwood-solutions-llc-campus-440afddb/2025-04-H1.png
440afddb-ea8a-45ff-aa07-c8a6deb8b398,westwood-solutions-llc-campus-440afddb,Westwood Solutions Llc Campus,NE,14.81,8,positive,2024-10-H1,False,Expansion,2025-05-H1,14,1495,1.0,0.01488,0.0652,0.59642,0.03284,0.30554,0.17903,0.10866,0.37928,116180.36129,0.0,results/chips_pos16par/westwood-solutions-llc-campus-440afddb/2025-05-H1.png
440afddb-ea8a-45ff-aa07-c8a6deb8b398,westwood-solutions-llc-campus-440afddb,Westwood Solutions Llc Campus,NE,14.81,8,positive,2024-10-H1,False,Expansion,2025-05-H2,15,1495,1.0,0.01722,0.05768,0.69193,0.07862,0.17177,0.15701,0.09166,0.43277,136771.84149,0.0,results/chips_pos16par/westwood-solutions-llc-campus-440afddb/2025-05-H2.png
440afddb-ea8a-45ff-aa07-c8a6deb8b398,westwood-solutions-llc-campus-440afddb,Westwood Solutions Llc Campus,NE,14.81,8,positive,2024-10-H1,False,Expansion,2025-06-H2,17,1495,1.0,0.02062,0.01009,0.77924,0.07273,0.13794,0.10642,0.13714,0.45193,147370.39747,0.0,results/chips_pos16par/westwood-solutions-llc-campus-440afddb/2025-06-H2.png
440afddb-ea8a-45ff-aa07-c8a6deb8b398,westwood-solutions-llc-campus-440afddb,Westwood Solutions Llc Campus,NE,14.81,8,positive,2024-10-H1,False,Expansion,2025-07-H1,18,1495,1.0,0.01768,0.07165,0.22723,0.0247,0.67641,0.11649,0.08125,0.23717,403.75451,0.0,results/chips_pos16par/westwood-solutions-llc-campus-440afddb/2025-07-H1.png
440afddb-ea8a-45ff-aa07-c8a6deb8b398,westwood-solutions-llc-campus-440afddb,Westwood Solutions Llc Campus,NE,14.81,8,positive,2024-10-H1,False,Expansion,2025-07-H2,19,1495,1.0,0.01589,0.03158,0.66126,0.03447,0.2727,0.13231,0.14151,0.40079,143635.66822,0.0,results/chips_pos16par/westwood-solutions-llc-campus-440afddb/2025-07-H2.png
440afddb-ea8a-45ff-aa07-c8a6deb8b398,westwood-solutions-llc-campus-440afddb,Westwood Solutions Llc Campus,NE,14.81,8,positive,2024-10-H1,False,Expansion,2025-08-H1,20,1495,1.0,0.01642,0.04113,0.62038,0.03098,0.30751,0.14236,0.14372,0.38998,114262.52735,0.0,results/chips_pos16par/westwood-solutions-llc-campus-440afddb/2025-08-H1.png
440afddb-ea8a-45ff-aa07-c8a6deb8b398,westwood-solutions-llc-campus-440afddb,Westwood Solutions Llc Campus,NE,14.81,8,positive,2024-10-H1,False,Expansion,2025-08-H2,21,23,0.0159,0.00653,0.08661,0.23808,0.12421,0.55109,0.18187,-0.01874,0.27653,0.0,0.0,results/chips_pos16par/westwood-solutions-llc-campus-440afddb/2025-08-H2.png
440afddb-ea8a-45ff-aa07-c8a6deb8b398,westwood-solutions-llc-campus-440afddb,Westwood Solutions Llc Campus,NE,14.81,8,positive,2024-10-H1,False,Expansion,2025-09-H1,22,1495,1.0,0.01909,0.0147,0.68101,0.02744,0.27685,0.10679,0.16527,0.40615,139093.42994,0.0,results/chips_pos16par/westwood-solutions-llc-campus-440afddb/2025-09-H1.png
440afddb-ea8a-45ff-aa07-c8a6deb8b398,westwood-solutions-llc-campus-440afddb,Westwood Solutions Llc Campus,NE,14.81,8,positive,2024-10-H1,False,Expansion,2025-09-H2,23,1495,1.0,0.01792,0.04345,0.42763,0.01756,0.51137,0.12971,0.13714,0.30642,39769.81959,0.0,results/chips_pos16par/westwood-solutions-llc-campus-440afddb/2025-09-H2.png
440afddb-ea8a-45ff-aa07-c8a6deb8b398,westwood-solutions-llc-campus-440afddb,Westwood Solutions Llc Campus,NE,14.81,8,positive,2024-10-H1,False,Expansion,2025-10-H1,24,1495,1.0,0.02114,0.0238,0.61448,0.03918,0.32254,0.12733,0.13748,0.3776,112748.44793,0.0,results/chips_pos16par/westwood-solutions-llc-campus-440afddb/2025-10-H1.png
440afddb-ea8a-45ff-aa07-c8a6deb8b398,westwood-solutions-llc-campus-440afddb,Westwood Solutions Llc Campus,NE,14.81,8,positive,2024-10-H1,False,Expansion,2025-11-H1,26,1495,1.0,0.02203,0.03511,0.55772,0.02187,0.38529,0.12809,0.14664,0.35627,97607.65367,0.0,results/chips_pos16par/westwood-solutions-llc-campus-440afddb/2025-11-H1.png
440afddb-ea8a-45ff-aa07-c8a6deb8b398,westwood-solutions-llc-campus-440afddb,Westwood Solutions Llc Campus,NE,14.81,8,positive,2024-10-H1,False,Expansion,2025-11-H2,27,122,0.0844,0.01104,0.04395,0.25268,0.02465,0.67872,0.14408,0.08197,0.22818,0.0,0.0,results/chips_pos16par/westwood-solutions-llc-campus-440afddb/2025-11-H2.png
440afddb-ea8a-45ff-aa07-c8a6deb8b398,westwood-solutions-llc-campus-440afddb,Westwood Solutions Llc Campus,NE,14.81,8,positive,2024-10-H1,False,Expansion,2025-12-H1,28,409,0.2828,0.04553,0.06675,0.03049,0.46923,0.43352,0.07363,-0.25621,0.27702,0.0,12718.26718,results/chips_pos16par/westwood-solutions-llc-campus-440afddb/2025-12-H1.png
440afddb-ea8a-45ff-aa07-c8a6deb8b398,westwood-solutions-llc-campus-440afddb,Westwood Solutions Llc Campus,NE,14.81,8,positive,2024-10-H1,False,Expansion,2025-12-H2,29,1495,1.0,0.02789,0.05772,0.50261,0.15237,0.28729,0.12898,0.014,0.36651,81154.65724,10194.80147,results/chips_pos16par/westwood-solutions-llc-campus-440afddb/2025-12-H2.png
440afddb-ea8a-45ff-aa07-c8a6deb8b398,westwood-solutions-llc-campus-440afddb,Westwood Solutions Llc Campus,NE,14.81,8,positive,2024-10-H1,False,Expansion,2026-02-H1,32,1451,1.0,0.02357,0.02794,0.52177,0.05393,0.39636,0.13028,0.13911,0.36644,67527.9424,504.69314,results/chips_pos16par/westwood-solutions-llc-campus-440afddb/2026-02-H1.png
440afddb-ea8a-45ff-aa07-c8a6deb8b398,westwood-solutions-llc-campus-440afddb,Westwood Solutions Llc Campus,NE,14.81,8,positive,2024-10-H1,False,Expansion,2026-03-H1,34,1495,1.0,0.02334,0.00641,0.63458,0.00916,0.34985,0.12805,0.18259,0.37108,136267.14834,0.0,results/chips_pos16par/westwood-solutions-llc-campus-440afddb/2026-03-H1.png
440afddb-ea8a-45ff-aa07-c8a6deb8b398,westwood-solutions-llc-campus-440afddb,Westwood Solutions Llc Campus,NE,14.81,8,positive,2024-10-H1,False,Expansion,2026-03-H2,35,1495,1.0,0.02272,0.00489,0.6974,0.01188,0.28583,0.12516,0.18069,0.39578,142525.3433,0.0,results/chips_pos16par/westwood-solutions-llc-campus-440afddb/2026-03-H2.png
440afddb-ea8a-45ff-aa07-c8a6deb8b398,westwood-solutions-llc-campus-440afddb,Westwood Solutions Llc Campus,NE,14.81,8,positive,2024-10-H1,False,Expansion,2026-04-H1,36,1495,1.0,0.01792,0.05059,0.28948,0.01272,0.64721,0.12803,0.1243,0.25117,5551.62456,0.0,results/chips_pos16par/westwood-solutions-llc-campus-440afddb/2026-04-H1.png
440afddb-ea8a-45ff-aa07-c8a6deb8b398,westwood-solutions-llc-campus-440afddb,Westwood Solutions Llc Campus,NE,14.81,8,positive,2024-10-H1,False,Expansion,2026-04-H2,37,1495,1.0,0.02057,0.02361,0.67812,0.03934,0.25893,0.13694,0.13528,0.40095,134551.19166,0.0,results/chips_pos16par/westwood-solutions-llc-campus-440afddb/2026-04-H2.png
440afddb-ea8a-45ff-aa07-c8a6deb8b398,westwood-solutions-llc-campus-440afddb,Westwood Solutions Llc Campus,NE,14.81,8,positive,2024-10-H1,False,Expansion,2026-05-H1,38,1495,1.0,0.01827,0.02143,0.71379,0.06392,0.20086,0.12388,0.1266,0.42754,148177.90649,0.0,results/chips_pos16par/westwood-solutions-llc-campus-440afddb/2026-05-H1.png
440afddb-ea8a-45ff-aa07-c8a6deb8b398,westwood-solutions-llc-campus-440afddb,Westwood Solutions Llc Campus,NE,14.81,8,positive,2024-10-H1,False,Expansion,2026-05-H2,39,1495,1.0,0.01597,0.00946,0.68371,0.06733,0.2395,0.10343,0.14613,0.419,139396.24582,0.0,results/chips_pos16par/westwood-solutions-llc-campus-440afddb/2026-05-H2.png
440afddb-ea8a-45ff-aa07-c8a6deb8b398,westwood-solutions-llc-campus-440afddb,Westwood Solutions Llc Campus,NE,14.81,8,positive,2024-10-H1,False,Expansion,2026-06-H1,40,1495,1.0,0.0156,0.04688,0.5877,0.07762,0.28779,0.13441,0.1,0.39243,123246.06528,0.0,results/chips_pos16par/westwood-solutions-llc-campus-440afddb/2026-06-H1.png
440afddb-ea8a-45ff-aa07-c8a6deb8b398,westwood-solutions-llc-campus-440afddb,Westwood Solutions Llc Campus,NE,14.81,8,positive,2024-10-H1,False,Expansion,2026-06-H2,41,1495,1.0,0.01857,0.02416,0.68824,0.08595,0.20166,0.11926,0.11355,0.42477,137175.596,0.0,results/chips_pos16par/westwood-solutions-llc-campus-440afddb/2026-06-H2.png
440afddb-ea8a-45ff-aa07-c8a6deb8b398,westwood-solutions-llc-campus-440afddb,Westwood Solutions Llc Campus,NE,14.81,8,positive,2024-10-H1,False,Expansion,2026-07-H1,42,1495,1.0,0.0175,0.03251,0.57778,0.11583,0.27388,0.11642,0.10639,0.40233,119511.33603,100.93863,results/chips_pos16par/westwood-solutions-llc-campus-440afddb/2026-07-H1.png
440afddb-ea8a-45ff-aa07-c8a6deb8b398,westwood-solutions-llc-campus-440afddb,Westwood Solutions Llc Campus,NE,14.81,8,positive,2024-10-H1,False,Expansion,2026-07-H2,43,1495,1.0,0.01102,0.04021,0.39738,0.07481,0.4876,0.12122,0.09709,0.31543,21600.86648,0.0,results/chips_pos16par/westwood-solutions-llc-campus-440afddb/2026-07-H2.png
440afddb-ea8a-45ff-aa07-c8a6deb8b398,westwood-solutions-llc-campus-440afddb,Westwood Solutions Llc Campus,NE,14.81,8,positive,2024-10-H1,False,Expansion,2026-08-H1,44,1096,0.758,0.00886,0.04618,0.51244,0.10835,0.33303,0.14181,0.09669,0.38293,63692.27452,0.0,results/chips_pos16par/westwood-solutions-llc-campus-440afddb/2026-08-H1.png
440afddb-ea8a-45ff-aa07-c8a6deb8b398,westwood-solutions-llc-campus-440afddb,Westwood Solutions Llc Campus,NE,14.81,8,positive,2024-10-H1,False,Expansion,2026-08-H2,45,1495,1.0,0.01411,0.04391,0.54556,0.07358,0.33694,0.15466,0.09082,0.36714,109922.16633,0.0,results/chips_pos16par/westwood-solutions-llc-campus-440afddb/2026-08-H2.png
440afddb-ea8a-45ff-aa07-c8a6deb8b398,westwood-solutions-llc-campus-440afddb,Westwood Solutions Llc Campus,NE,14.81,8,positive,2024-10-H1,False,Expansion,2026-09-H1,46,1495,1.0,0.0153,0.02872,0.69228,0.09507,0.18392,0.13694,0.12248,0.4419,137882.1664,0.0,results/chips_pos16par/westwood-solutions-llc-campus-440afddb/2026-09-H1.png
75becf3a-9690-4224-8f0c-eccddda0803b,woodland-caribou-llc-campus-75becf3a,Woodland Caribou Llc Campus,IN,155.5,5,positive,2026-01-H2,False,Greenfield,2023-01-H1,-73,1182,0.0768,0.00996,0.05309,0.13829,0.02353,0.78509,0.15995,0.05926,0.19137,0.0,0.0,results/chips_pos16par/woodland-caribou-llc-campus-75becf3a/2023-01-H1.png
75becf3a-9690-4224-8f0c-eccddda0803b,woodland-caribou-llc-campus-75becf3a,Woodland Caribou Llc Campus,IN,155.5,5,positive,2026-01-H2,False,Greenfield,2023-01-H2,-72,15729,1.0,0.02415,0.07525,0.29553,0.00046,0.62877,0.23441,0.17199,0.27251,301.68177,0.0,results/chips_pos16par/woodland-caribou-llc-campus-75becf3a/2023-01-H2.png
75becf3a-9690-4224-8f0c-eccddda0803b,woodland-caribou-llc-campus-75becf3a,Woodland Caribou Llc Campus,IN,155.5,5,positive,2026-01-H2,False,Greenfield,2023-02-H1,-71,15729,1.0,0.02069,0.09565,0.3051,0.00094,0.59831,0.25477,0.12992,0.27597,20514.36063,0.0,results/chips_pos16par/woodland-caribou-llc-campus-75becf3a/2023-02-H1.png
75becf3a-9690-4224-8f0c-eccddda0803b,woodland-caribou-llc-campus-75becf3a,Woodland Caribou Llc Campus,IN,155.5,5,positive,2026-01-H2,False,Greenfield,2023-02-H2,-70,15729,1.0,0.02397,0.07574,0.44408,0.00181,0.47837,0.25096,0.17332,0.33304,617039.78829,0.0,results/chips_pos16par/woodland-caribou-llc-campus-75becf3a/2023-02-H2.png
75becf3a-9690-4224-8f0c-eccddda0803b,woodland-caribou-llc-campus-75becf3a,Woodland Caribou Llc Campus,IN,155.5,5,positive,2026-01-H2,False,Greenfield,2023-03-H2,-68,10826,0.7033,0.00843,0.14379,0.35933,0.04071,0.45618,0.26653,0.04163,0.317,218015.36196,0.0,results/chips_pos16par/woodland-caribou-llc-campus-75becf3a/2023-03-H2.png
75becf3a-9690-4224-8f0c-eccddda0803b,woodland-caribou-llc-campus-75becf3a,Woodland Caribou Llc Campus,IN,155.5,5,positive,2026-01-H2,False,Greenfield,2023-04-H1,-67,15729,1.0,0.01839,0.13333,0.37493,0.00106,0.49068,0.31596,0.10224,0.31301,380621.83812,0.0,results/chips_pos16par/woodland-caribou-llc-campus-75becf3a/2023-04-H1.png
75becf3a-9690-4224-8f0c-eccddda0803b,woodland-caribou-llc-campus-75becf3a,Woodland Caribou Llc Campus,IN,155.5,5,positive,2026-01-H2,False,Greenfield,2023-04-H2,-66,867,0.0563,0.01353,0.09907,0.00737,0.0442,0.84936,0.25929,-0.11954,0.1414,0.0,0.0,results/chips_pos16par/woodland-caribou-llc-campus-75becf3a/2023-04-H2.png
75becf3a-9690-4224-8f0c-eccddda0803b,woodland-caribou-llc-campus-75becf3a,Woodland Caribou Llc Campus,IN,155.5,5,positive,2026-01-H2,False,Greenfield,2023-05-H1,-65,5887,0.3824,0.01163,0.20597,0.24017,0.04402,0.50983,0.34267,-0.01732,0.28385,201.12118,0.0,results/chips_pos16par/woodland-caribou-llc-campus-75becf3a/2023-05-H1.png
75becf3a-9690-4224-8f0c-eccddda0803b,woodland-caribou-llc-campus-75becf3a,Woodland Caribou Llc Campus,IN,155.5,5,positive,2026-01-H2,False,Greenfield,2023-05-H2,-64,15729,1.0,0.02104,0.11749,0.59574,0.00094,0.28583,0.30663,0.13666,0.40435,1269074.66235,0.0,results/chips_pos16par/woodland-caribou-llc-campus-75becf3a/2023-05-H2.png
75becf3a-9690-4224-8f0c-eccddda0803b,woodland-caribou-llc-campus-75becf3a,Woodland Caribou Llc Campus,IN,155.5,5,positive,2026-01-H2,False,Greenfield,2023-06-H1,-63,7559,0.4911,0.01635,0.12923,0.66329,0.01614,0.19134,0.29908,0.1019,0.42821,560625.29656,0.0,results/chips_pos16par/woodland-caribou-llc-campus-75becf3a/2023-06-H1.png
75becf3a-9690-4224-8f0c-eccddda0803b,woodland-caribou-llc-campus-75becf3a,Woodland Caribou Llc Campus,IN,155.5,5,positive,2026-01-H2,False,Greenfield,2023-07-H1,-61,15729,1.0,0.01591,0.57866,0.06625,0.00093,0.35416,0.81488,-0.28096,0.25129,2413.45419,0.0,results/chips_pos16par/woodland-caribou-llc-campus-75becf3a/2023-07-H1.png
75becf3a-9690-4224-8f0c-eccddda0803b,woodland-caribou-llc-campus-75becf3a,Woodland Caribou Llc Campus,IN,155.5,5,positive,2026-01-H2,False,Greenfield,2023-07-H2,-60,4452,0.2892,0.01705,0.80057,0.00833,0.00183,0.18926,0.88736,-0.42363,0.23209,0.0,0.0,results/chips_pos16par/woodland-caribou-llc-campus-75becf3a/2023-07-H2.png
75becf3a-9690-4224-8f0c-eccddda0803b,woodland-caribou-llc-campus-75becf3a,Woodland Caribou Llc Campus,IN,155.5,5,positive,2026-01-H2,False,Greenfield,2023-08-H2,-58,15693,1.0,0.01695,0.68412,0.00684,0.00336,0.30567,0.8754,-0.38854,0.2202,2312.8936,0.0,results/chips_pos16par/woodland-caribou-llc-campus-75becf3a/2023-08-H2.png
75becf3a-9690-4224-8f0c-eccddda0803b,woodland-caribou-llc-campus-75becf3a,Woodland Caribou Llc Campus,IN,155.5,5,positive,2026-01-H2,False,Greenfield,2023-09-H1,-57,15729,1.0,0.01492,0.5317,0.02714,0.00167,0.43949,0.77929,-0.28646,0.22326,1407.84828,0.0,results/chips_pos16par/woodland-caribou-llc-campus-75becf3a/2023-09-H1.png
75becf3a-9690-4224-8f0c-eccddda0803b,woodland-caribou-llc-campus-75becf3a,Woodland Caribou Llc Campus,IN,155.5,5,positive,2026-01-H2,False,Greenfield,2023-09-H2,-56,15729,1.0,0.02538,0.27403,0.16917,0.0011,0.5557,0.49181,-0.04863,0.25632,2413.45419,0.0,results/chips_pos16par/woodland-caribou-llc-campus-75becf3a/2023-09-H2.png
75becf3a-9690-4224-8f0c-eccddda0803b,woodland-caribou-llc-campus-75becf3a,Woodland Caribou Llc Campus,IN,155.5,5,positive,2026-01-H2,False,Greenfield,2023-10-H1,-55,15729,1.0,0.03495,0.10499,0.144,0.00075,0.75026,0.33387,0.04187,0.19224,51587.58334,0.0,results/chips_pos16par/woodland-caribou-llc-campus-75becf3a/2023-10-H1.png
75becf3a-9690-4224-8f0c-eccddda0803b,woodland-caribou-llc-campus-75becf3a,Woodland Caribou Llc Campus,IN,155.5,5,positive,2026-01-H2,False,Greenfield,2023-10-H2,-54,15729,1.0,0.02596,0.09441,0.29972,0.00467,0.60119,0.26543,0.1583,0.28519,281267.9739,0.0,results/chips_pos16par/woodland-caribou-llc-campus-75becf3a/2023-10-H2.png
75becf3a-9690-4224-8f0c-eccddda0803b,woodland-caribou-llc-campus-75becf3a,Woodland Caribou Llc Campus,IN,155.5,5,positive,2026-01-H2,False,Greenfield,2023-11-H1,-53,15729,1.0,0.01913,0.10814,0.44919,0.00672,0.43595,0.24667,0.13232,0.34606,884229.2794,0.0,results/chips_pos16par/woodland-caribou-llc-campus-75becf3a/2023-11-H1.png
75becf3a-9690-4224-8f0c-eccddda0803b,woodland-caribou-llc-campus-75becf3a,Woodland Caribou Llc Campus,IN,155.5,5,positive,2026-01-H2,False,Greenfield,2023-11-H2,-52,15729,1.0,0.02055,0.10982,0.41214,0.00301,0.47502,0.25578,0.13569,0.32982,321492.21042,0.0,results/chips_pos16par/woodland-caribou-llc-campus-75becf3a/2023-11-H2.png
75becf3a-9690-4224-8f0c-eccddda0803b,woodland-caribou-llc-campus-75becf3a,Woodland Caribou Llc Campus,IN,155.5,5,positive,2026-01-H2,False,Greenfield,2023-12-H1,-51,15729,1.0,0.01934,0.1001,0.38331,0.00109,0.5155,0.25618,0.14151,0.31338,52693.74985,0.0,results/chips_pos16par/woodland-caribou-llc-campus-75becf3a/2023-12-H1.png
75becf3a-9690-4224-8f0c-eccddda0803b,woodland-caribou-llc-campus-75becf3a,Woodland Caribou Llc Campus,IN,155.5,5,positive,2026-01-H2,False,Greenfield,2024-02-H1,-47,15729,1.0,0.02044,0.12252,0.39449,0.00061,0.48238,0.29018,0.12912,0.32443,84772.57848,0.0,results/chips_pos16par/woodland-caribou-llc-campus-75becf3a/2024-02-H1.png
75becf3a-9690-4224-8f0c-eccddda0803b,woodland-caribou-llc-campus-75becf3a,Woodland Caribou Llc Campus,IN,155.5,5,positive,2026-01-H2,False,Greenfield,2024-02-H2,-46,15729,1.0,0.01762,0.12336,0.43676,0.00061,0.43927,0.29698,0.12579,0.33926,457450.12988,0.0,results/chips_pos16par/woodland-caribou-llc-campus-75becf3a/2024-02-H2.png
75becf3a-9690-4224-8f0c-eccddda0803b,woodland-caribou-llc-campus-75becf3a,Woodland Caribou Llc Campus,IN,155.5,5,positive,2026-01-H2,False,Greenfield,2024-03-H2,-44,12995,0.8442,0.01294,0.2383,0.37832,0.00611,0.37727,0.41894,0.01079,0.33118,258742.40145,0.0,results/chips_pos16par/woodland-caribou-llc-campus-75becf3a/2024-03-H2.png
75becf3a-9690-4224-8f0c-eccddda0803b,woodland-caribou-llc-campus-75becf3a,Woodland Caribou Llc Campus,IN,155.5,5,positive,2026-01-H2,False,Greenfield,2024-04-H1,-43,15729,1.0,0.01407,0.27945,0.23413,0.00325,0.48317,0.47568,-0.06076,0.27278,15788.01284,0.0,results/chips_pos16par/woodland-caribou-llc-campus-75becf3a/2024-04-H1.png
75becf3a-9690-4224-8f0c-eccddda0803b,woodland-caribou-llc-campus-75becf3a,Woodland Caribou Llc Campus,IN,155.5,5,positive,2026-01-H2,False,Greenfield,2024-04-H2,-42,15697,1.0,0.01157,0.30186,0.34336,0.01015,0.34462,0.46962,-0.05536,0.32629,333961.72375,0.0,results/chips_pos16par/woodland-caribou-llc-campus-75becf3a/2024-04-H2.png
75becf3a-9690-4224-8f0c-eccddda0803b,woodland-caribou-llc-campus-75becf3a,Woodland Caribou Llc Campus,IN,155.5,5,positive,2026-01-H2,False,Greenfield,2024-05-H1,-41,15617,1.0,0.0179,0.14302,0.55731,0.00405,0.29562,0.31168,0.10794,0.38991,1182290.87205,0.0,results/chips_pos16par/woodland-caribou-llc-campus-75becf3a/2024-05-H1.png
75becf3a-9690-4224-8f0c-eccddda0803b,woodland-caribou-llc-campus-75becf3a,Woodland Caribou Llc Campus,IN,155.5,5,positive,2026-01-H2,False,Greenfield,2024-05-H2,-40,3147,0.2044,0.0133,0.15693,0.60092,0.02847,0.21367,0.30607,0.08365,0.42341,201221.74321,0.0,results/chips_pos16par/woodland-caribou-llc-campus-75becf3a/2024-05-H2.png
75becf3a-9690-4224-8f0c-eccddda0803b,woodland-caribou-llc-campus-75becf3a,Woodland Caribou Llc Campus,IN,155.5,5,positive,2026-01-H2,False,Greenfield,2024-06-H1,-39,15729,1.0,0.01649,0.29439,0.41787,0.00266,0.28508,0.51029,-0.03212,0.3511,818663.77387,0.0,results/chips_pos16par/woodland-caribou-llc-campus-75becf3a/2024-06-H1.png
75becf3a-9690-4224-8f0c-eccddda0803b,woodland-caribou-llc-campus-75becf3a,Woodland Caribou Llc Campus,IN,155.5,5,positive,2026-01-H2,False,Greenfield,2024-06-H2,-38,7307,0.4747,0.01394,0.53777,0.08932,0.01248,0.36042,0.74981,-0.24658,0.26345,0.0,0.0,results/chips_pos16par/woodland-caribou-llc-campus-75becf3a/2024-06-H2.png
75becf3a-9690-4224-8f0c-eccddda0803b,woodland-caribou-llc-campus-75becf3a,Woodland Caribou Llc Campus,IN,155.5,5,positive,2026-01-H2,False,Greenfield,2024-07-H1,-37,14557,0.9457,0.01943,0.57601,0.01862,0.00919,0.39617,0.8129,-0.38544,0.2021,1307.28769,0.0,results/chips_pos16par/woodland-caribou-llc-campus-75becf3a/2024-07-H1.png
75becf3a-9690-4224-8f0c-eccddda0803b,woodland-caribou-llc-campus-75becf3a,Woodland Caribou Llc Campus,IN,155.5,5,positive,2026-01-H2,False,Greenfield,2024-07-H2,-36,2210,0.1436,0.03419,0.64859,0.00114,0.03598,0.31429,0.76629,-0.47049,0.1928,0.0,0.0,results/chips_pos16par/woodland-caribou-llc-campus-75becf3a/2024-07-H2.png
75becf3a-9690-4224-8f0c-eccddda0803b,woodland-caribou-llc-campus-75becf3a,Woodland Caribou Llc Campus,IN,155.5,5,positive,2026-01-H2,False,Greenfield,2024-08-H1,-35,12818,0.8327,0.02426,0.59493,0.00991,0.00732,0.38784,0.84558,-0.41085,0.19309,201.12118,0.0,results/chips_pos16par/woodland-caribou-llc-campus-75becf3a/2024-08-H1.png
75becf3a-9690-4224-8f0c-eccddda0803b,woodland-caribou-llc-campus-75becf3a,Woodland Caribou Llc Campus,IN,155.5,5,positive,2026-01-H2,False,Greenfield,2024-08-H2,-34,15729,1.0,0.02307,0.46488,0.01029,0.00078,0.52404,0.80566,-0.34695,0.17935,402.24237,0.0,results/chips_pos16par/woodland-caribou-llc-campus-75becf3a/2024-08-H2.png
75becf3a-9690-4224-8f0c-eccddda0803b,woodland-caribou-llc-campus-75becf3a,Woodland Caribou Llc Campus,IN,155.5,5,positive,2026-01-H2,False,Greenfield,2024-09-H1,-33,14300,0.929,0.01735,0.32397,0.14878,0.00559,0.52166,0.55066,-0.11024,0.25346,603.36355,0.0,results/chips_pos16par/woodland-caribou-llc-campus-75becf3a/2024-09-H1.png
75becf3a-9690-4224-8f0c-eccddda0803b,woodland-caribou-llc-campus-75becf3a,Woodland Caribou Llc Campus,IN,155.5,5,positive,2026-01-H2,False,Greenfield,2024-09-H2,-32,15729,1.0,0.03208,0.17289,0.29212,0.00048,0.5345,0.36653,0.10165,0.30521,2514.01478,0.0,results/chips_pos16par/woodland-caribou-llc-campus-75becf3a/2024-09-H2.png
75becf3a-9690-4224-8f0c-eccddda0803b,woodland-caribou-llc-campus-75becf3a,Woodland Caribou Llc Campus,IN,155.5,5,positive,2026-01-H2,False,Greenfield,2024-10-H1,-31,15729,1.0,0.04222,0.07819,0.17087,0.00043,0.7505,0.32947,0.23768,0.23195,46559.55378,0.0,results/chips_pos16par/woodland-caribou-llc-campus-75becf3a/2024-10-H1.png
75becf3a-9690-4224-8f0c-eccddda0803b,woodland-caribou-llc-campus-75becf3a,Woodland Caribou Llc Campus,IN,155.5,5,positive,2026-01-H2,False,Greenfield,2024-10-H2,-30,15729,1.0,0.03663,0.09386,0.28223,0.00235,0.62156,0.3099,0.21115,0.28302,395203.12386,0.0,results/chips_pos16par/woodland-caribou-llc-campus-75becf3a/2024-10-H2.png
75becf3a-9690-4224-8f0c-eccddda0803b,woodland-caribou-llc-campus-75becf3a,Woodland Caribou Llc Campus,IN,155.5,5,positive,2026-01-H2,False,Greenfield,2024-11-H1,-29,15729,1.0,0.01943,0.14673,0.48319,0.00677,0.3633,0.2748,0.09442,0.36308,986298.27959,0.0,results/chips_pos16par/woodland-caribou-llc-campus-75becf3a/2024-11-H1.png
75becf3a-9690-4224-8f0c-eccddda0803b,woodland-caribou-llc-campus-75becf3a,Woodland Caribou Llc Campus,IN,155.5,5,positive,2026-01-H2,False,Greenfield,2024-12-H2,-26,15722,1.0,0.02413,0.16005,0.17896,0.00067,0.66033,0.33144,0.04903,0.23733,0.0,0.0,results/chips_pos16par/woodland-caribou-llc-campus-75becf3a/2024-12-H2.png
75becf3a-9690-4224-8f0c-eccddda0803b,woodland-caribou-llc-campus-75becf3a,Woodland Caribou Llc Campus,IN,155.5,5,positive,2026-01-H2,False,Greenfield,2025-02-H1,-23,15729,1.0,0.01694,0.11934,0.39754,0.0018,0.48132,0.27027,0.1123,0.319,153053.21998,0.0,results/chips_pos16par/woodland-caribou-llc-campus-75becf3a/2025-02-H1.png
75becf3a-9690-4224-8f0c-eccddda0803b,woodland-caribou-llc-campus-75becf3a,Woodland Caribou Llc Campus,IN,155.5,5,positive,2026-01-H2,False,Greenfield,2025-02-H2,-22,15729,1.0,0.02314,0.12447,0.36021,0.00171,0.51362,0.27274,0.12155,0.312,47464.5991,0.0,results/chips_pos16par/woodland-caribou-llc-campus-75becf3a/2025-02-H2.png
75becf3a-9690-4224-8f0c-eccddda0803b,woodland-caribou-llc-campus-75becf3a,Woodland Caribou Llc Campus,IN,155.5,5,positive,2026-01-H2,False,Greenfield,2025-03-H1,-21,15729,1.0,0.01987,0.10173,0.44786,0.0008,0.44961,0.26658,0.1466,0.341,584055.91434,0.0,results/chips_pos16par/woodland-caribou-llc-campus-75becf3a/2025-03-H1.png
75becf3a-9690-4224-8f0c-eccddda0803b,woodland-caribou-llc-campus-75becf3a,Woodland Caribou Llc Campus,IN,155.5,5,positive,2026-01-H2,False,Greenfield,2025-03-H2,-20,7654,0.4972,0.01446,0.14917,0.51807,0.00233,0.33043,0.29814,0.09978,0.37521,448902.47962,0.0,results/chips_pos16par/woodland-caribou-llc-campus-75becf3a/2025-03-H2.png
75becf3a-9690-4224-8f0c-eccddda0803b,woodland-caribou-llc-campus-75becf3a,Woodland Caribou Llc Campus,IN,155.5,5,positive,2026-01-H2,False,Greenfield,2025-04-H1,-19,15402,1.0,0.01424,0.25313,0.32334,0.00189,0.42164,0.43269,-0.01419,0.31019,252507.64478,0.0,results/chips_pos16par/woodland-caribou-llc-campus-75becf3a/2025-04-H1.png
75becf3a-9690-4224-8f0c-eccddda0803b,woodland-caribou-llc-campus-75becf3a,Woodland Caribou Llc Campus,IN,155.5,5,positive,2026-01-H2,False,Greenfield,2025-04-H2,-18,15729,1.0,0.01396,0.28056,0.39378,0.00486,0.32081,0.4431,-0.02205,0.34476,531462.72508,0.0,results/chips_pos16par/woodland-caribou-llc-campus-75becf3a/2025-04-H2.png
75becf3a-9690-4224-8f0c-eccddda0803b,woodland-caribou-llc-campus-75becf3a,Woodland Caribou Llc Campus,IN,155.5,5,positive,2026-01-H2,False,Greenfield,2025-05-H1,-17,15729,1.0,0.0176,0.09114,0.68915,0.00357,0.21614,0.26345,0.11954,0.41466,1307488.80824,0.0,results/chips_pos16par/woodland-caribou-llc-campus-75becf3a/2025-05-H1.png
75becf3a-9690-4224-8f0c-eccddda0803b,woodland-caribou-llc-campus-75becf3a,Woodland Caribou Llc Campus,IN,155.5,5,positive,2026-01-H2,False,Greenfield,2025-05-H2,-16,15729,1.0,0.01722,0.11112,0.63002,0.00486,0.254,0.27081,0.11226,0.4024,1205922.61101,0.0,results/chips_pos16par/woodland-caribou-llc-campus-75becf3a/2025-05-H2.png
75becf3a-9690-4224-8f0c-eccddda0803b,woodland-caribou-llc-campus-75becf3a,Woodland Caribou Llc Campus,IN,155.5,5,positive,2026-01-H2,False,Greenfield,2025-06-H1,-15,13926,0.9047,0.01329,0.2089,0.47295,0.01115,0.30699,0.39283,0.01816,0.35811,680895.76377,0.0,results/chips_pos16par/woodland-caribou-llc-campus-75becf3a/2025-06-H1.png
75becf3a-9690-4224-8f0c-eccddda0803b,woodland-caribou-llc-campus-75becf3a,Woodland Caribou Llc Campus,IN,155.5,5,positive,2026-01-H2,False,Greenfield,2025-06-H2,-14,15729,1.0,0.01361,0.35537,0.37367,0.00448,0.26648,0.56226,-0.07049,0.3481,411896.18201,0.0,results/chips_pos16par/woodland-caribou-llc-campus-75becf3a/2025-06-H2.png
75becf3a-9690-4224-8f0c-eccddda0803b,woodland-caribou-llc-campus-75becf3a,Woodland Caribou Llc Campus,IN,155.5,5,positive,2026-01-H2,False,Greenfield,2025-07-H1,-13,15416,1.0,0.01104,0.62586,0.14044,0.00201,0.2317,0.77458,-0.25467,0.29419,139477.54015,0.0,results/chips_pos16par/woodland-caribou-llc-campus-75becf3a/2025-07-H1.png
75becf3a-9690-4224-8f0c-eccddda0803b,woodland-caribou-llc-campus-75becf3a,Woodland Caribou Llc Campus,IN,155.5,5,positive,2026-01-H2,False,Greenfield,2025-07-H2,-12,768,0.0499,0.03943,0.90307,0.00684,0.05473,0.03536,0.86301,-0.42108,0.30502,0.0,0.0,results/chips_pos16par/woodland-caribou-llc-campus-75becf3a/2025-07-H2.png
75becf3a-9690-4224-8f0c-eccddda0803b,woodland-caribou-llc-campus-75becf3a,Woodland Caribou Llc Campus,IN,155.5,5,positive,2026-01-H2,False,Greenfield,2025-08-H1,-11,15729,1.0,0.0192,0.78136,0.00857,0.00171,0.20836,0.89292,-0.4245,0.22835,502.80296,0.0,results/chips_pos16par/woodland-caribou-llc-campus-75becf3a/2025-08-H1.png
75becf3a-9690-4224-8f0c-eccddda0803b,woodland-caribou-llc-campus-75becf3a,Woodland Caribou Llc Campus,IN,155.5,5,positive,2026-01-H2,False,Greenfield,2025-08-H2,-10,15729,1.0,0.02363,0.66052,0.00669,0.00099,0.3318,0.88164,-0.42472,0.19804,301.68177,0.0,results/chips_pos16par/woodland-caribou-llc-campus-75becf3a/2025-08-H2.png
75becf3a-9690-4224-8f0c-eccddda0803b,woodland-caribou-llc-campus-75becf3a,Woodland Caribou Llc Campus,IN,155.5,5,positive,2026-01-H2,False,Greenfield,2025-09-H1,-9,15729,1.0,0.01435,0.5247,0.03745,0.00342,0.43443,0.72682,-0.30914,0.21516,0.0,0.0,results/chips_pos16par/woodland-caribou-llc-campus-75becf3a/2025-09-H1.png
75becf3a-9690-4224-8f0c-eccddda0803b,woodland-caribou-llc-campus-75becf3a,Woodland Caribou Llc Campus,IN,155.5,5,positive,2026-01-H2,False,Greenfield,2025-09-H2,-8,15729,1.0,0.02663,0.11682,0.25951,0.00351,0.62016,0.32567,0.12341,0.26631,253513.2507,0.0,results/chips_pos16par/woodland-caribou-llc-campus-75becf3a/2025-09-H2.png
75becf3a-9690-4224-8f0c-eccddda0803b,woodland-caribou-llc-campus-75becf3a,Woodland Caribou Llc Campus,IN,155.5,5,positive,2026-01-H2,False,Greenfield,2025-10-H1,-7,4226,0.2745,0.01351,0.16963,0.49959,0.00482,0.32596,0.36127,0.07048,0.37256,261558.098,0.0,results/chips_pos16par/woodland-caribou-llc-campus-75becf3a/2025-10-H1.png
75becf3a-9690-4224-8f0c-eccddda0803b,woodland-caribou-llc-campus-75becf3a,Woodland Caribou Llc Campus,IN,155.5,5,positive,2026-01-H2,False,Greenfield,2025-10-H2,-6,8298,0.5391,0.02631,0.0703,0.18721,0.00568,0.73681,0.27006,0.09213,0.20463,120169.90662,0.0,results/chips_pos16par/woodland-caribou-llc-campus-75becf3a/2025-10-H2.png
75becf3a-9690-4224-8f0c-eccddda0803b,woodland-caribou-llc-campus-75becf3a,Woodland Caribou Llc Campus,IN,155.5,5,positive,2026-01-H2,False,Greenfield,2025-11-H1,-5,15729,1.0,0.01927,0.12564,0.39878,0.00139,0.47419,0.31259,0.11618,0.32335,393996.39676,0.0,results/chips_pos16par/woodland-caribou-llc-campus-75becf3a/2025-11-H1.png
75becf3a-9690-4224-8f0c-eccddda0803b,woodland-caribou-llc-campus-75becf3a,Woodland Caribou Llc Campus,IN,155.5,5,positive,2026-01-H2,False,Greenfield,2025-11-H2,-4,15729,1.0,0.01789,0.13096,0.42499,0.00122,0.44283,0.32664,0.11324,0.33282,490232.88264,0.0,results/chips_pos16par/woodland-caribou-llc-campus-75becf3a/2025-11-H2.png
75becf3a-9690-4224-8f0c-eccddda0803b,woodland-caribou-llc-campus-75becf3a,Woodland Caribou Llc Campus,IN,155.5,5,positive,2026-01-H2,False,Greenfield,2025-12-H2,-2,32,0.0021,0.02628,0.08803,0.08658,0.0018,0.82359,0.17938,0.06094,0.17089,0.0,0.0,results/chips_pos16par/woodland-caribou-llc-campus-75becf3a/2025-12-H2.png
75becf3a-9690-4224-8f0c-eccddda0803b,woodland-caribou-llc-campus-75becf3a,Woodland Caribou Llc Campus,IN,155.5,5,positive,2026-01-H2,False,Greenfield,2026-01-H2,0,15713,1.0,0.0258,0.05551,0.60506,0.0267,0.31273,0.19006,0.15784,0.39386,1229051.54701,2413.45419,results/chips_pos16par/woodland-caribou-llc-campus-75becf3a/2026-01-H2.png
75becf3a-9690-4224-8f0c-eccddda0803b,woodland-caribou-llc-campus-75becf3a,Woodland Caribou Llc Campus,IN,155.5,5,positive,2026-01-H2,False,Greenfield,2026-02-H1,1,228,0.0148,0.03585,0.03564,0.53004,0.02806,0.40626,0.1227,0.15716,0.35086,12368.95273,0.0,results/chips_pos16par/woodland-caribou-llc-campus-75becf3a/2026-02-H1.png
75becf3a-9690-4224-8f0c-eccddda0803b,woodland-caribou-llc-campus-75becf3a,Woodland Caribou Llc Campus,IN,155.5,5,positive,2026-01-H2,False,Greenfield,2026-03-H1,3,15725,1.0,0.01942,0.0984,0.24084,0.02283,0.63793,0.17835,0.06609,0.24793,35296.76755,0.0,results/chips_pos16par/woodland-caribou-llc-campus-75becf3a/2026-03-H1.png
75becf3a-9690-4224-8f0c-eccddda0803b,woodland-caribou-llc-campus-75becf3a,Woodland Caribou Llc Campus,IN,155.5,5,positive,2026-01-H2,False,Greenfield,2026-03-H2,4,15729,1.0,0.02017,0.03218,0.59208,0.03136,0.34438,0.13963,0.16769,0.37966,1128189.27393,0.0,results/chips_pos16par/woodland-caribou-llc-campus-75becf3a/2026-03-H2.png
75becf3a-9690-4224-8f0c-eccddda0803b,woodland-caribou-llc-campus-75becf3a,Woodland Caribou Llc Campus,IN,155.5,5,positive,2026-01-H2,False,Greenfield,2026-04-H1,5,15729,1.0,0.01939,0.05597,0.56033,0.04069,0.34302,0.16779,0.1151,0.36483,1049148.64916,2111.77242,results/chips_pos16par/woodland-caribou-llc-campus-75becf3a/2026-04-H1.png
75becf3a-9690-4224-8f0c-eccddda0803b,woodland-caribou-llc-campus-75becf3a,Woodland Caribou Llc Campus,IN,155.5,5,positive,2026-01-H2,False,Greenfield,2026-04-H2,6,15729,1.0,0.01907,0.05381,0.62122,0.05349,0.27148,0.16782,0.10386,0.39017,1184704.32624,1407.84828,results/chips_pos16par/woodland-caribou-llc-campus-75becf3a/2026-04-H2.png
75becf3a-9690-4224-8f0c-eccddda0803b,woodland-caribou-llc-campus-75becf3a,Woodland Caribou Llc Campus,IN,155.5,5,positive,2026-01-H2,False,Greenfield,2026-05-H1,7,15729,1.0,0.0173,0.06907,0.54366,0.07033,0.31694,0.16947,0.08568,0.374,973124.84212,1910.65123,results/chips_pos16par/woodland-caribou-llc-campus-75becf3a/2026-05-H1.png
75becf3a-9690-4224-8f0c-eccddda0803b,woodland-caribou-llc-campus-75becf3a,Woodland Caribou Llc Campus,IN,155.5,5,positive,2026-01-H2,False,Greenfield,2026-05-H2,8,4839,0.3144,0.01021,0.18843,0.38722,0.09417,0.33018,0.29158,-0.01786,0.34814,104180.7726,0.0,results/chips_pos16par/woodland-caribou-llc-campus-75becf3a/2026-05-H2.png
75becf3a-9690-4224-8f0c-eccddda0803b,woodland-caribou-llc-campus-75becf3a,Woodland Caribou Llc Campus,IN,155.5,5,positive,2026-01-H2,False,Greenfield,2026-06-H1,9,15729,1.0,0.01975,0.06716,0.61446,0.08173,0.23665,0.16647,0.09413,0.40635,1125373.57737,1910.65123,results/chips_pos16par/woodland-caribou-llc-campus-75becf3a/2026-06-H1.png
75becf3a-9690-4224-8f0c-eccddda0803b,woodland-caribou-llc-campus-75becf3a,Woodland Caribou Llc Campus,IN,155.5,5,positive,2026-01-H2,False,Greenfield,2026-06-H2,10,13707,0.8905,0.02071,0.0644,0.60009,0.11409,0.22143,0.13522,0.09983,0.42129,940040.40758,4525.22661,results/chips_pos16par/woodland-caribou-llc-campus-75becf3a/2026-06-H2.png
75becf3a-9690-4224-8f0c-eccddda0803b,woodland-caribou-llc-campus-75becf3a,Woodland Caribou Llc Campus,IN,155.5,5,positive,2026-01-H2,False,Greenfield,2026-07-H1,11,2052,0.1333,0.01786,0.08402,0.54926,0.04413,0.32258,0.20382,0.09138,0.36754,121979.99726,0.0,results/chips_pos16par/woodland-caribou-llc-campus-75becf3a/2026-07-H1.png
75becf3a-9690-4224-8f0c-eccddda0803b,woodland-caribou-llc-campus-75becf3a,Woodland Caribou Llc Campus,IN,155.5,5,positive,2026-01-H2,False,Greenfield,2026-07-H2,12,15729,1.0,0.01999,0.0693,0.55496,0.07912,0.29662,0.18183,0.09223,0.38422,1005404.79194,1810.09064,results/chips_pos16par/woodland-caribou-llc-campus-75becf3a/2026-07-H2.png
75becf3a-9690-4224-8f0c-eccddda0803b,woodland-caribou-llc-campus-75becf3a,Woodland Caribou Llc Campus,IN,155.5,5,positive,2026-01-H2,False,Greenfield,2026-08-H1,13,8776,0.5701,0.01626,0.08948,0.48768,0.05828,0.36456,0.19363,0.08511,0.35157,446690.14661,502.80296,results/chips_pos16par/woodland-caribou-llc-campus-75becf3a/2026-08-H1.png
75becf3a-9690-4224-8f0c-eccddda0803b,woodland-caribou-llc-campus-75becf3a,Woodland Caribou Llc Campus,IN,155.5,5,positive,2026-01-H2,False,Greenfield,2026-08-H2,14,6302,0.4094,0.01297,0.08267,0.42831,0.08074,0.40828,0.17577,0.07958,0.3433,243758.87334,402.24237,results/chips_pos16par/woodland-caribou-llc-campus-75becf3a/2026-08-H2.png
75becf3a-9690-4224-8f0c-eccddda0803b,woodland-caribou-llc-campus-75becf3a,Woodland Caribou Llc Campus,IN,155.5,5,positive,2026-01-H2,False,Greenfield,2026-09-H1,15,15729,1.0,0.02326,0.06457,0.53291,0.05983,0.34269,0.16487,0.11817,0.36364,924151.83416,1709.53005,results/chips_pos16par/woodland-caribou-llc-campus-75becf3a/2026-09-H1.png
07aca340-b377-11f0-84f8-b53449e2dd25,site-04b67650-07aca340,Site 04b67650,,15.05,10,negative,2024-10-H1,True,,2023-04-H1,-36,1549,1.0,0.03314,0.02045,0.49144,0.00177,0.48634,0.19691,0.27164,0.3567,103192.93929,0.0,results/chips_neg20/site-04b67650-07aca340/2023-04-H1.png
07aca340-b377-11f0-84f8-b53449e2dd25,site-04b67650-07aca340,Site 04b67650,,15.05,10,negative,2024-10-H1,True,,2023-05-H1,-34,1549,1.0,0.02766,0.06199,0.47789,0.00058,0.45955,0.24669,0.21012,0.35087,96768.47614,0.0,results/chips_neg20/site-04b67650-07aca340/2023-05-H1.png
07aca340-b377-11f0-84f8-b53449e2dd25,site-04b67650-07aca340,Site 04b67650,,15.05,10,negative,2024-10-H1,True,,2023-05-H2,-33,1549,1.0,0.02645,0.18817,0.29461,0.00011,0.51712,0.43574,0.07363,0.29987,0.0,0.0,results/chips_neg20/site-04b67650-07aca340/2023-05-H2.png
07aca340-b377-11f0-84f8-b53449e2dd25,site-04b67650-07aca340,Site 04b67650,,15.05,10,negative,2024-10-H1,True,,2023-06-H1,-32,1549,1.0,0.02411,0.23562,0.23876,3e-05,0.52559,0.51153,0.00819,0.28061,0.0,0.0,results/chips_neg20/site-04b67650-07aca340/2023-06-H1.png
07aca340-b377-11f0-84f8-b53449e2dd25,site-04b67650-07aca340,Site 04b67650,,15.05,10,negative,2024-10-H1,True,,2023-06-H2,-31,1549,1.0,0.02979,0.2091,0.26535,0.0,0.52555,0.49715,0.05692,0.296,0.0,0.0,results/chips_neg20/site-04b67650-07aca340/2023-06-H2.png
07aca340-b377-11f0-84f8-b53449e2dd25,site-04b67650-07aca340,Site 04b67650,,15.05,10,negative,2024-10-H1,True,,2023-07-H1,-30,1549,1.0,0.02995,0.20941,0.25079,0.0,0.53979,0.51155,0.05595,0.29112,0.0,0.0,results/chips_neg20/site-04b67650-07aca340/2023-07-H1.png
07aca340-b377-11f0-84f8-b53449e2dd25,site-04b67650-07aca340,Site 04b67650,,15.05,10,negative,2024-10-H1,True,,2023-07-H2,-29,1549,1.0,0.03183,0.21416,0.17111,0.0,0.61473,0.54021,0.0406,0.25882,0.0,0.0,results/chips_neg20/site-04b67650-07aca340/2023-07-H2.png
07aca340-b377-11f0-84f8-b53449e2dd25,site-04b67650-07aca340,Site 04b67650,,15.05,10,negative,2024-10-H1,True,,2023-08-H1,-28,1373,0.9069,0.02926,0.22345,0.19016,0.0,0.58639,0.53985,0.04097,0.26955,0.0,0.0,results/chips_neg20/site-04b67650-07aca340/2023-08-H1.png
07aca340-b377-11f0-84f8-b53449e2dd25,site-04b67650-07aca340,Site 04b67650,,15.05,10,negative,2024-10-H1,True,,2023-08-H2,-27,1549,1.0,0.03216,0.20282,0.0783,0.00098,0.71791,0.58761,-0.04134,0.19696,0.0,0.0,results/chips_neg20/site-04b67650-07aca340/2023-08-H2.png
07aca340-b377-11f0-84f8-b53449e2dd25,site-04b67650-07aca340,Site 04b67650,,15.05,10,negative,2024-10-H1,True,,2023-09-H1,-26,1209,0.7985,0.01221,0.20388,0.08242,0.04313,0.67057,0.42449,-0.11237,0.20602,0.0,0.0,results/chips_neg20/site-04b67650-07aca340/2023-09-H1.png
07aca340-b377-11f0-84f8-b53449e2dd25,site-04b67650-07aca340,Site 04b67650,,15.05,10,negative,2024-10-H1,True,,2023-10-H1,-24,1549,1.0,0.03835,0.15419,0.15524,0.0,0.69058,0.50169,0.12123,0.2466,0.0,0.0,results/chips_neg20/site-04b67650-07aca340/2023-10-H1.png
07aca340-b377-11f0-84f8-b53449e2dd25,site-04b67650-07aca340,Site 04b67650,,15.05,10,negative,2024-10-H1,True,,2023-10-H2,-23,1545,1.0,0.03821,0.18786,0.12041,0.0,0.69173,0.52413,0.0676,0.23461,0.0,0.0,results/chips_neg20/site-04b67650-07aca340/2023-10-H2.png
07aca340-b377-11f0-84f8-b53449e2dd25,site-04b67650-07aca340,Site 04b67650,,15.05,10,negative,2024-10-H1,True,,2023-11-H1,-22,1544,1.0,0.0388,0.13658,0.21022,0.0001,0.6531,0.38642,0.14853,0.2653,0.0,0.0,results/chips_neg20/site-04b67650-07aca340/2023-11-H1.png
07aca340-b377-11f0-84f8-b53449e2dd25,site-04b67650-07aca340,Site 04b67650,,15.05,10,negative,2024-10-H1,True,,2023-11-H2,-21,1549,1.0,0.03748,0.11773,0.24375,0.00049,0.63803,0.34177,0.16907,0.27507,0.0,0.0,results/chips_neg20/site-04b67650-07aca340/2023-11-H2.png
07aca340-b377-11f0-84f8-b53449e2dd25,site-04b67650-07aca340,Site 04b67650,,15.05,10,negative,2024-10-H1,True,,2023-12-H2,-19,1549,1.0,0.0359,0.09051,0.30073,0.00123,0.60753,0.29598,0.19731,0.29374,0.0,0.0,results/chips_neg20/site-04b67650-07aca340/2023-12-H2.png
07aca340-b377-11f0-84f8-b53449e2dd25,site-04b67650-07aca340,Site 04b67650,,15.05,10,negative,2024-10-H1,True,,2024-01-H2,-17,1549,1.0,0.03574,0.07616,0.19685,0.00079,0.72619,0.24582,0.19186,0.24095,0.0,0.0,results/chips_neg20/site-04b67650-07aca340/2024-01-H2.png
07aca340-b377-11f0-84f8-b53449e2dd25,site-04b67650-07aca340,Site 04b67650,,15.05,10,negative,2024-10-H1,True,,2024-03-H1,-14,1545,1.0,0.03038,0.06564,0.35557,0.00079,0.578,0.23046,0.21265,0.30713,301.14671,0.0,results/chips_neg20/site-04b67650-07aca340/2024-03-H1.png
07aca340-b377-11f0-84f8-b53449e2dd25,site-04b67650-07aca340,Site 04b67650,,15.05,10,negative,2024-10-H1,True,,2024-03-H2,-13,1533,1.0,0.01955,0.03816,0.54019,0.00973,0.41191,0.18931,0.21056,0.37673,123068.62215,0.0,results/chips_neg20/site-04b67650-07aca340/2024-03-H2.png
07aca340-b377-11f0-84f8-b53449e2dd25,site-04b67650-07aca340,Site 04b67650,,15.05,10,negative,2024-10-H1,True,,2024-04-H1,-12,1548,1.0,0.03022,0.05065,0.44112,0.00096,0.50727,0.21174,0.23634,0.34192,50291.50057,0.0,results/chips_neg20/site-04b67650-07aca340/2024-04-H1.png
07aca340-b377-11f0-84f8-b53449e2dd25,site-04b67650-07aca340,Site 04b67650,,15.05,10,negative,2024-10-H1,True,,2024-05-H1,-10,1549,1.0,0.0287,0.09939,0.34037,0.0003,0.55994,0.30105,0.17279,0.30293,2308.79144,0.0,results/chips_neg20/site-04b67650-07aca340/2024-05-H1.png
07aca340-b377-11f0-84f8-b53449e2dd25,site-04b67650-07aca340,Site 04b67650,,15.05,10,negative,2024-10-H1,True,,2024-05-H2,-9,1549,1.0,0.02641,0.15045,0.28373,3e-05,0.5658,0.4098,0.09824,0.28672,0.0,0.0,results/chips_neg20/site-04b67650-07aca340/2024-05-H2.png
07aca340-b377-11f0-84f8-b53449e2dd25,site-04b67650-07aca340,Site 04b67650,,15.05,10,negative,2024-10-H1,True,,2024-06-H1,-8,1549,1.0,0.02669,0.27713,0.13523,0.0,0.58764,0.62343,-0.05788,0.242,200.76447,0.0,results/chips_neg20/site-04b67650-07aca340/2024-06-H1.png
07aca340-b377-11f0-84f8-b53449e2dd25,site-04b67650-07aca340,Site 04b67650,,15.05,10,negative,2024-10-H1,True,,2024-07-H1,-6,1549,1.0,0.0242,0.33719,0.05676,0.0,0.60606,0.69211,-0.13668,0.21969,0.0,0.0,results/chips_neg20/site-04b67650-07aca340/2024-07-H1.png
07aca340-b377-11f0-84f8-b53449e2dd25,site-04b67650-07aca340,Site 04b67650,,15.05,10,negative,2024-10-H1,True,,2024-07-H2,-5,1549,1.0,0.02068,0.30802,0.09335,0.0001,0.59854,0.63045,-0.10388,0.23079,0.0,0.0,results/chips_neg20/site-04b67650-07aca340/2024-07-H2.png
07aca340-b377-11f0-84f8-b53449e2dd25,site-04b67650-07aca340,Site 04b67650,,15.05,10,negative,2024-10-H1,True,,2024-08-H1,-4,1549,1.0,0.02796,0.29702,0.07395,1e-05,0.62902,0.64076,-0.09065,0.2222,0.0,0.0,results/chips_neg20/site-04b67650-07aca340/2024-08-H1.png
07aca340-b377-11f0-84f8-b53449e2dd25,site-04b67650-07aca340,Site 04b67650,,15.05,10,negative,2024-10-H1,True,,2024-08-H2,-3,1549,1.0,0.03264,0.25214,0.09679,6e-05,0.65102,0.6031,-0.02197,0.23136,0.0,0.0,results/chips_neg20/site-04b67650-07aca340/2024-08-H2.png
07aca340-b377-11f0-84f8-b53449e2dd25,site-04b67650-07aca340,Site 04b67650,,15.05,10,negative,2024-10-H1,True,,2024-09-H1,-2,341,0.2252,0.02107,0.25459,0.26313,0.0106,0.47168,0.48992,-0.0012,0.30468,0.0,0.0,results/chips_neg20/site-04b67650-07aca340/2024-09-H1.png
07aca340-b377-11f0-84f8-b53449e2dd25,site-04b67650-07aca340,Site 04b67650,,15.05,10,negative,2024-10-H1,True,,2024-09-H2,-1,1549,1.0,0.03735,0.16971,0.18791,0.0,0.64238,0.45767,0.10262,0.26251,0.0,0.0,results/chips_neg20/site-04b67650-07aca340/2024-09-H2.png
07aca340-b377-11f0-84f8-b53449e2dd25,site-04b67650-07aca340,Site 04b67650,,15.05,10,negative,2024-10-H1,True,,2024-10-H1,0,1549,1.0,0.03018,0.14365,0.24839,0.00011,0.60785,0.36719,0.12191,0.28061,0.0,0.0,results/chips_neg20/site-04b67650-07aca340/2024-10-H1.png
07aca340-b377-11f0-84f8-b53449e2dd25,site-04b67650-07aca340,Site 04b67650,,15.05,10,negative,2024-10-H1,True,,2024-10-H2,1,1549,1.0,0.03481,0.14734,0.1981,3e-05,0.65452,0.37958,0.10918,0.25586,0.0,0.0,results/chips_neg20/site-04b67650-07aca340/2024-10-H2.png
07aca340-b377-11f0-84f8-b53449e2dd25,site-04b67650-07aca340,Site 04b67650,,15.05,10,negative,2024-10-H1,True,,2024-11-H2,3,1549,1.0,0.02996,0.09773,0.25873,0.00229,0.64125,0.28271,0.14629,0.26589,0.0,0.0,results/chips_neg20/site-04b67650-07aca340/2024-11-H2.png
07aca340-b377-11f0-84f8-b53449e2dd25,site-04b67650-07aca340,Site 04b67650,,15.05,10,negative,2024-10-H1,True,,2024-12-H1,4,610,0.4029,0.01915,0.07894,0.14277,9e-05,0.7782,0.21847,0.12664,0.20559,0.0,0.0,results/chips_neg20/site-04b67650-07aca340/2024-12-H1.png
07aca340-b377-11f0-84f8-b53449e2dd25,site-04b67650-07aca340,Site 04b67650,,15.05,10,negative,2024-10-H1,True,,2025-01-H1,6,1539,1.0,0.03354,0.08832,0.30745,0.00286,0.60137,0.24469,0.17345,0.28927,0.0,0.0,results/chips_neg20/site-04b67650-07aca340/2025-01-H1.png
07aca340-b377-11f0-84f8-b53449e2dd25,site-04b67650-07aca340,Site 04b67650,,15.05,10,negative,2024-10-H1,True,,2025-01-H2,7,620,0.4095,0.01907,0.12968,0.20713,0.07524,0.58794,0.1902,-0.02408,0.25391,0.0,0.0,results/chips_neg20/site-04b67650-07aca340/2025-01-H2.png
07aca340-b377-11f0-84f8-b53449e2dd25,site-04b67650-07aca340,Site 04b67650,,15.05,10,negative,2024-10-H1,True,,2025-02-H2,9,1549,1.0,0.02487,0.07793,0.35661,0.00445,0.56101,0.19906,0.16499,0.30678,5420.64078,0.0,results/chips_neg20/site-04b67650-07aca340/2025-02-H2.png
07aca340-b377-11f0-84f8-b53449e2dd25,site-04b67650-07aca340,Site 04b67650,,15.05,10,negative,2024-10-H1,True,,2025-03-H1,10,36,0.0238,0.02411,0.01962,0.0,0.10826,0.87213,-0.04983,-0.09367,0.13152,0.0,0.0,results/chips_neg20/site-04b67650-07aca340/2025-03-H1.png
07aca340-b377-11f0-84f8-b53449e2dd25,site-04b67650-07aca340,Site 04b67650,,15.05,10,negative,2024-10-H1,True,,2025-03-H2,11,1543,1.0,0.02392,0.06685,0.44621,0.00187,0.48507,0.20977,0.1942,0.34047,59526.66634,0.0,results/chips_neg20/site-04b67650-07aca340/2025-03-H2.png
07aca340-b377-11f0-84f8-b53449e2dd25,site-04b67650-07aca340,Site 04b67650,,15.05,10,negative,2024-10-H1,True,,2025-04-H1,12,1548,1.0,0.02383,0.05799,0.49774,0.00242,0.44186,0.1888,0.20859,0.36304,111524.66493,0.0,results/chips_neg20/site-04b67650-07aca340/2025-04-H1.png
07aca340-b377-11f0-84f8-b53449e2dd25,site-04b67650-07aca340,Site 04b67650,,15.05,10,negative,2024-10-H1,True,,2025-04-H2,13,1359,0.8976,0.02502,0.06571,0.50526,0.00039,0.42864,0.23075,0.20712,0.37011,92953.95115,0.0,results/chips_neg20/site-04b67650-07aca340/2025-04-H2.png
07aca340-b377-11f0-84f8-b53449e2dd25,site-04b67650-07aca340,Site 04b67650,,15.05,10,negative,2024-10-H1,True,,2025-05-H1,14,1549,1.0,0.02235,0.11527,0.42286,0.00058,0.46129,0.31479,0.14064,0.33794,42762.83282,0.0,results/chips_neg20/site-04b67650-07aca340/2025-05-H1.png
07aca340-b377-11f0-84f8-b53449e2dd25,site-04b67650-07aca340,Site 04b67650,,15.05,10,negative,2024-10-H1,True,,2025-05-H2,15,1549,1.0,0.02165,0.16703,0.3915,0.00038,0.4411,0.3944,0.08956,0.33309,19574.53615,0.0,results/chips_neg20/site-04b67650-07aca340/2025-05-H2.png
07aca340-b377-11f0-84f8-b53449e2dd25,site-04b67650-07aca340,Site 04b67650,,15.05,10,negative,2024-10-H1,True,,2025-06-H1,16,368,0.2431,0.02651,0.24008,0.30779,0.0,0.45213,0.51105,0.04658,0.32282,0.0,0.0,results/chips_neg20/site-04b67650-07aca340/2025-06-H1.png
07aca340-b377-11f0-84f8-b53449e2dd25,site-04b67650-07aca340,Site 04b67650,,15.05,10,negative,2024-10-H1,True,,2025-06-H2,17,1493,0.9861,0.02411,0.31596,0.18008,6e-05,0.5039,0.63173,-0.06409,0.27186,0.0,0.0,results/chips_neg20/site-04b67650-07aca340/2025-06-H2.png
07aca340-b377-11f0-84f8-b53449e2dd25,site-04b67650-07aca340,Site 04b67650,,15.05,10,negative,2024-10-H1,True,,2025-07-H1,18,1549,1.0,0.02754,0.3104,0.10037,1e-05,0.58922,0.67893,-0.08996,0.23451,0.0,0.0,results/chips_neg20/site-04b67650-07aca340/2025-07-H1.png
07aca340-b377-11f0-84f8-b53449e2dd25,site-04b67650-07aca340,Site 04b67650,,15.05,10,negative,2024-10-H1,True,,2025-07-H2,19,142,0.0938,0.01516,0.43474,0.11379,0.01053,0.44095,0.67115,-0.18889,0.25978,0.0,0.0,results/chips_neg20/site-04b67650-07aca340/2025-07-H2.png
07aca340-b377-11f0-84f8-b53449e2dd25,site-04b67650-07aca340,Site 04b67650,,15.05,10,negative,2024-10-H1,True,,2025-08-H1,20,1475,0.9742,0.02267,0.35654,0.10191,0.00035,0.54121,0.66729,-0.13111,0.24101,0.0,0.0,results/chips_neg20/site-04b67650-07aca340/2025-08-H1.png
07aca340-b377-11f0-84f8-b53449e2dd25,site-04b67650-07aca340,Site 04b67650,,15.05,10,negative,2024-10-H1,True,,2025-08-H2,21,1549,1.0,0.03057,0.28771,0.09879,1e-05,0.61349,0.62925,-0.06787,0.2347,0.0,0.0,results/chips_neg20/site-04b67650-07aca340/2025-08-H2.png
07aca340-b377-11f0-84f8-b53449e2dd25,site-04b67650-07aca340,Site 04b67650,,15.05,10,negative,2024-10-H1,True,,2025-09-H1,22,806,0.5324,0.03516,0.12442,0.00219,0.0,0.87339,0.51795,-0.04239,0.13772,0.0,0.0,results/chips_neg20/site-04b67650-07aca340/2025-09-H1.png
07aca340-b377-11f0-84f8-b53449e2dd25,site-04b67650-07aca340,Site 04b67650,,15.05,10,negative,2024-10-H1,True,,2025-09-H2,23,1549,1.0,0.04038,0.17174,0.17947,0.0,0.64879,0.49825,0.09758,0.26033,0.0,0.0,results/chips_neg20/site-04b67650-07aca340/2025-09-H2.png
07aca340-b377-11f0-84f8-b53449e2dd25,site-04b67650-07aca340,Site 04b67650,,15.05,10,negative,2024-10-H1,True,,2025-10-H1,24,1549,1.0,0.03901,0.15618,0.21897,0.0,0.62485,0.45246,0.11431,0.27106,0.0,0.0,results/chips_neg20/site-04b67650-07aca340/2025-10-H1.png
07aca340-b377-11f0-84f8-b53449e2dd25,site-04b67650-07aca340,Site 04b67650,,15.05,10,negative,2024-10-H1,True,,2025-10-H2,25,1549,1.0,0.03582,0.13651,0.26473,3e-05,0.59873,0.38132,0.13793,0.28573,0.0,0.0,results/chips_neg20/site-04b67650-07aca340/2025-10-H2.png
07aca340-b377-11f0-84f8-b53449e2dd25,site-04b67650-07aca340,Site 04b67650,,15.05,10,negative,2024-10-H1,True,,2025-11-H1,26,1549,1.0,0.03819,0.10643,0.29437,3e-05,0.59917,0.3294,0.18893,0.2969,0.0,0.0,results/chips_neg20/site-04b67650-07aca340/2025-11-H1.png
07aca340-b377-11f0-84f8-b53449e2dd25,site-04b67650-07aca340,Site 04b67650,,15.05,10,negative,2024-10-H1,True,,2025-11-H2,27,1513,0.9993,0.03893,0.11878,0.27961,1e-05,0.6016,0.34899,0.17133,0.29281,0.0,0.0,results/chips_neg20/site-04b67650-07aca340/2025-11-H2.png
07aca340-b377-11f0-84f8-b53449e2dd25,site-04b67650-07aca340,Site 04b67650,,15.05,10,negative,2024-10-H1,True,,2026-03-H1,34,1549,1.0,0.02178,0.06621,0.4292,0.00155,0.50304,0.20321,0.17536,0.32805,60229.342,0.0,results/chips_neg20/site-04b67650-07aca340/2026-03-H1.png
07aca340-b377-11f0-84f8-b53449e2dd25,site-04b67650-07aca340,Site 04b67650,,15.05,10,negative,2024-10-H1,True,,2026-04-H1,36,1499,0.9901,0.02756,0.06138,0.32497,0.00042,0.61324,0.22067,0.20394,0.28839,2810.70263,0.0,results/chips_neg20/site-04b67650-07aca340/2026-04-H1.png
07aca340-b377-11f0-84f8-b53449e2dd25,site-04b67650-07aca340,Site 04b67650,,15.05,10,negative,2024-10-H1,True,,2026-04-H2,37,1549,1.0,0.01811,0.11463,0.4802,0.01506,0.39011,0.2615,0.12986,0.36013,93355.48009,0.0,results/chips_neg20/site-04b67650-07aca340/2026-04-H2.png
07aca340-b377-11f0-84f8-b53449e2dd25,site-04b67650-07aca340,Site 04b67650,,15.05,10,negative,2024-10-H1,True,,2026-05-H1,38,1549,1.0,0.0227,0.12987,0.47009,0.0048,0.39524,0.29072,0.12871,0.36259,89039.04392,0.0,results/chips_neg20/site-04b67650-07aca340/2026-05-H1.png
07aca340-b377-11f0-84f8-b53449e2dd25,site-04b67650-07aca340,Site 04b67650,,15.05,10,negative,2024-10-H1,True,,2026-05-H2,39,1549,1.0,0.02397,0.14527,0.4044,0.0003,0.45003,0.35373,0.11513,0.33724,51295.32293,0.0,results/chips_neg20/site-04b67650-07aca340/2026-05-H2.png
07aca340-b377-11f0-84f8-b53449e2dd25,site-04b67650-07aca340,Site 04b67650,,15.05,10,negative,2024-10-H1,True,,2026-06-H1,40,1549,1.0,0.0266,0.28597,0.20105,0.0,0.51298,0.58991,-0.03454,0.27705,0.0,0.0,results/chips_neg20/site-04b67650-07aca340/2026-06-H1.png
07aca340-b377-11f0-84f8-b53449e2dd25,site-04b67650-07aca340,Site 04b67650,,15.05,10,negative,2024-10-H1,True,,2026-07-H1,42,1549,1.0,0.02581,0.36317,0.10287,2e-05,0.53393,0.69222,-0.11727,0.24931,0.0,0.0,results/chips_neg20/site-04b67650-07aca340/2026-07-H1.png
07aca340-b377-11f0-84f8-b53449e2dd25,site-04b67650-07aca340,Site 04b67650,,15.05,10,negative,2024-10-H1,True,,2026-07-H2,43,1549,1.0,0.0258,0.30673,0.13979,2e-05,0.55346,0.62445,-0.06559,0.25544,0.0,0.0,results/chips_neg20/site-04b67650-07aca340/2026-07-H2.png
07aca340-b377-11f0-84f8-b53449e2dd25,site-04b67650-07aca340,Site 04b67650,,15.05,10,negative,2024-10-H1,True,,2026-08-H1,44,1549,1.0,0.02352,0.30411,0.11694,4e-05,0.57891,0.61787,-0.07729,0.24472,0.0,0.0,results/chips_neg20/site-04b67650-07aca340/2026-08-H1.png
07aca340-b377-11f0-84f8-b53449e2dd25,site-04b67650-07aca340,Site 04b67650,,15.05,10,negative,2024-10-H1,True,,2026-08-H2,45,275,0.1816,0.02756,0.19495,0.25155,7e-05,0.55344,0.45362,0.0751,0.29327,0.0,0.0,results/chips_neg20/site-04b67650-07aca340/2026-08-H2.png
07aca340-b377-11f0-84f8-b53449e2dd25,site-04b67650-07aca340,Site 04b67650,,15.05,10,negative,2024-10-H1,True,,2026-09-H1,46,1549,1.0,0.03842,0.18141,0.18962,9e-05,0.62888,0.49466,0.10408,0.27028,0.0,0.0,results/chips_neg20/site-04b67650-07aca340/2026-09-H1.png
a02e71d0-6447-11f1-bcb0-bf7a6ecfc2e2,site-0740c3d8-a02e71d0,Site 0740c3d8,,304.83,20,negative,2025-10-H1,True,,2023-01-H1,-66,18270,0.6032,0.03843,0.09569,0.01576,0.00125,0.8873,0.41378,0.10764,0.15696,7796.99195,0.0,results/chips_neg20/site-0740c3d8-a02e71d0/2023-01-H1.png
a02e71d0-6447-11f1-bcb0-bf7a6ecfc2e2,site-0740c3d8-a02e71d0,Site 0740c3d8,,304.83,20,negative,2025-10-H1,True,,2023-02-H1,-64,31574,1.0,0.04231,0.10143,0.12611,0.0,0.77246,0.37136,0.1794,0.21947,0.0,0.0,results/chips_neg20/site-0740c3d8-a02e71d0/2023-02-H1.png
a02e71d0-6447-11f1-bcb0-bf7a6ecfc2e2,site-0740c3d8-a02e71d0,Site 0740c3d8,,304.83,20,negative,2025-10-H1,True,,2023-02-H2,-63,3568,0.1178,0.01053,0.12455,0.02806,0.05529,0.79211,0.2452,-0.14136,0.1563,0.0,0.0,results/chips_neg20/site-0740c3d8-a02e71d0/2023-02-H2.png
a02e71d0-6447-11f1-bcb0-bf7a6ecfc2e2,site-0740c3d8-a02e71d0,Site 0740c3d8,,304.83,20,negative,2025-10-H1,True,,2023-03-H2,-61,4945,0.1633,0.0284,0.10022,0.02256,0.08465,0.79257,0.19044,-0.21623,0.1404,0.0,0.0,results/chips_neg20/site-0740c3d8-a02e71d0/2023-03-H2.png
a02e71d0-6447-11f1-bcb0-bf7a6ecfc2e2,site-0740c3d8-a02e71d0,Site 0740c3d8,,304.83,20,negative,2025-10-H1,True,,2023-04-H1,-60,31576,1.0,0.03741,0.09452,0.26862,0.0,0.63685,0.33032,0.18981,0.27779,0.0,0.0,results/chips_neg20/site-0740c3d8-a02e71d0/2023-04-H1.png
a02e71d0-6447-11f1-bcb0-bf7a6ecfc2e2,site-0740c3d8-a02e71d0,Site 0740c3d8,,304.83,20,negative,2025-10-H1,True,,2023-04-H2,-59,3138,0.1036,0.0236,0.10557,0.35124,6e-05,0.54312,0.30276,0.14765,0.30643,5597.84038,0.0,results/chips_neg20/site-0740c3d8-a02e71d0/2023-04-H2.png
a02e71d0-6447-11f1-bcb0-bf7a6ecfc2e2,site-0740c3d8-a02e71d0,Site 0740c3d8,,304.83,20,negative,2025-10-H1,True,,2023-05-H1,-58,31572,1.0,0.02436,0.29105,0.08759,4e-05,0.62132,0.62646,-0.08029,0.22591,1699.3444,0.0,results/chips_neg20/site-0740c3d8-a02e71d0/2023-05-H1.png
a02e71d0-6447-11f1-bcb0-bf7a6ecfc2e2,site-0740c3d8-a02e71d0,Site 0740c3d8,,304.83,20,negative,2025-10-H1,True,,2023-05-H2,-57,31576,1.0,0.02219,0.54147,0.00562,7e-05,0.45284,0.86151,-0.35691,0.19254,5197.99464,0.0,results/chips_neg20/site-0740c3d8-a02e71d0/2023-05-H2.png
a02e71d0-6447-11f1-bcb0-bf7a6ecfc2e2,site-0740c3d8-a02e71d0,Site 0740c3d8,,304.83,20,negative,2025-10-H1,True,,2023-06-H1,-56,30959,1.0,0.02305,0.56049,0.0043,0.00018,0.43504,0.86358,-0.36892,0.19302,299.88431,0.0,results/chips_neg20/site-0740c3d8-a02e71d0/2023-06-H1.png
a02e71d0-6447-11f1-bcb0-bf7a6ecfc2e2,site-0740c3d8-a02e71d0,Site 0740c3d8,,304.83,20,negative,2025-10-H1,True,,2023-06-H2,-55,25003,0.8255,0.01538,0.63112,0.00487,0.00604,0.35797,0.85903,-0.36453,0.2202,0.0,0.0,results/chips_neg20/site-0740c3d8-a02e71d0/2023-06-H2.png
a02e71d0-6447-11f1-bcb0-bf7a6ecfc2e2,site-0740c3d8-a02e71d0,Site 0740c3d8,,304.83,20,negative,2025-10-H1,True,,2023-07-H2,-53,13793,0.4554,0.0173,0.49723,0.0114,0.02145,0.46992,0.765,-0.31296,0.21221,0.0,0.0,results/chips_neg20/site-0740c3d8-a02e71d0/2023-07-H2.png
a02e71d0-6447-11f1-bcb0-bf7a6ecfc2e2,site-0740c3d8-a02e71d0,Site 0740c3d8,,304.83,20,negative,2025-10-H1,True,,2023-08-H1,-52,3343,0.1104,0.03361,0.34678,0.00026,0.05007,0.60289,0.59282,-0.38248,0.15958,0.0,0.0,results/chips_neg20/site-0740c3d8-a02e71d0/2023-08-H1.png
a02e71d0-6447-11f1-bcb0-bf7a6ecfc2e2,site-0740c3d8-a02e71d0,Site 0740c3d8,,304.83,20,negative,2025-10-H1,True,,2023-08-H2,-51,3979,0.1314,0.01501,0.53463,0.00785,0.01173,0.44579,0.79376,-0.33026,0.20978,0.0,0.0,results/chips_neg20/site-0740c3d8-a02e71d0/2023-08-H2.png
a02e71d0-6447-11f1-bcb0-bf7a6ecfc2e2,site-0740c3d8-a02e71d0,Site 0740c3d8,,304.83,20,negative,2025-10-H1,True,,2023-09-H1,-50,8033,0.2652,0.025,0.39808,0.00899,0.00446,0.58846,0.77451,-0.257,0.18665,0.0,0.0,results/chips_neg20/site-0740c3d8-a02e71d0/2023-09-H1.png
a02e71d0-6447-11f1-bcb0-bf7a6ecfc2e2,site-0740c3d8-a02e71d0,Site 0740c3d8,,304.83,20,negative,2025-10-H1,True,,2023-09-H2,-49,31576,1.0,0.03783,0.36182,0.00049,1e-05,0.63769,0.85232,-0.30837,0.15491,0.0,0.0,results/chips_neg20/site-0740c3d8-a02e71d0/2023-09-H2.png
a02e71d0-6447-11f1-bcb0-bf7a6ecfc2e2,site-0740c3d8-a02e71d0,Site 0740c3d8,,304.83,20,negative,2025-10-H1,True,,2023-10-H1,-48,28858,0.9527,0.02929,0.32607,0.02113,2e-05,0.65278,0.69653,-0.128,0.20496,0.0,0.0,results/chips_neg20/site-0740c3d8-a02e71d0/2023-10-H1.png
a02e71d0-6447-11f1-bcb0-bf7a6ecfc2e2,site-0740c3d8-a02e71d0,Site 0740c3d8,,304.83,20,negative,2025-10-H1,True,,2023-10-H2,-47,31576,1.0,0.04456,0.14967,0.06506,5e-05,0.78522,0.48327,0.12405,0.2086,0.0,0.0,results/chips_neg20/site-0740c3d8-a02e71d0/2023-10-H2.png
a02e71d0-6447-11f1-bcb0-bf7a6ecfc2e2,site-0740c3d8-a02e71d0,Site 0740c3d8,,304.83,20,negative,2025-10-H1,True,,2023-11-H1,-46,4272,0.141,0.01669,0.08865,0.1381,0.02894,0.74431,0.26891,0.05468,0.20753,2399.07445,0.0,results/chips_neg20/site-0740c3d8-a02e71d0/2023-11-H1.png
a02e71d0-6447-11f1-bcb0-bf7a6ecfc2e2,site-0740c3d8-a02e71d0,Site 0740c3d8,,304.83,20,negative,2025-10-H1,True,,2023-11-H2,-45,31576,1.0,0.04218,0.10534,0.07367,7e-05,0.82092,0.43302,0.16855,0.19832,0.0,0.0,results/chips_neg20/site-0740c3d8-a02e71d0/2023-11-H2.png
a02e71d0-6447-11f1-bcb0-bf7a6ecfc2e2,site-0740c3d8-a02e71d0,Site 0740c3d8,,304.83,20,negative,2025-10-H1,True,,2023-12-H2,-43,31573,1.0,0.01989,0.10942,0.00228,0.00247,0.88584,0.33107,-0.103,0.12093,0.0,0.0,results/chips_neg20/site-0740c3d8-a02e71d0/2023-12-H2.png
a02e71d0-6447-11f1-bcb0-bf7a6ecfc2e2,site-0740c3d8-a02e71d0,Site 0740c3d8,,304.83,20,negative,2025-10-H1,True,,2024-01-H1,-42,4852,0.1602,0.02304,0.06374,0.00118,0.1123,0.82278,0.14877,-0.25464,0.12705,0.0,0.0,results/chips_neg20/site-0740c3d8-a02e71d0/2024-01-H1.png
a02e71d0-6447-11f1-bcb0-bf7a6ecfc2e2,site-0740c3d8-a02e71d0,Site 0740c3d8,,304.83,20,negative,2025-10-H1,True,,2024-02-H1,-40,20872,0.6891,0.02665,0.11046,0.00241,0.05023,0.8369,0.25122,-0.26305,0.11367,0.0,0.0,results/chips_neg20/site-0740c3d8-a02e71d0/2024-02-H1.png
a02e71d0-6447-11f1-bcb0-bf7a6ecfc2e2,site-0740c3d8-a02e71d0,Site 0740c3d8,,304.83,20,negative,2025-10-H1,True,,2024-02-H2,-39,11818,0.3902,0.04475,0.11323,9e-05,0.1571,0.72957,0.18926,-0.41293,0.11947,0.0,399.84574,results/chips_neg20/site-0740c3d8-a02e71d0/2024-02-H2.png
a02e71d0-6447-11f1-bcb0-bf7a6ecfc2e2,site-0740c3d8-a02e71d0,Site 0740c3d8,,304.83,20,negative,2025-10-H1,True,,2024-03-H2,-37,31473,1.0,0.03319,0.12626,0.10179,1e-05,0.77195,0.36868,0.01527,0.1896,0.0,0.0,results/chips_neg20/site-0740c3d8-a02e71d0/2024-03-H2.png
a02e71d0-6447-11f1-bcb0-bf7a6ecfc2e2,site-0740c3d8-a02e71d0,Site 0740c3d8,,304.83,20,negative,2025-10-H1,True,,2024-04-H2,-35,31572,1.0,0.03659,0.12054,0.22116,2e-05,0.65827,0.37251,0.16313,0.26704,0.0,0.0,results/chips_neg20/site-0740c3d8-a02e71d0/2024-04-H2.png
a02e71d0-6447-11f1-bcb0-bf7a6ecfc2e2,site-0740c3d8-a02e71d0,Site 0740c3d8,,304.83,20,negative,2025-10-H1,True,,2024-05-H1,-34,224,0.0074,0.01222,0.3671,0.08045,0.00015,0.5523,0.67016,-0.17629,0.22532,0.0,0.0,results/chips_neg20/site-0740c3d8-a02e71d0/2024-05-H1.png
a02e71d0-6447-11f1-bcb0-bf7a6ecfc2e2,site-0740c3d8-a02e71d0,Site 0740c3d8,,304.83,20,negative,2025-10-H1,True,,2024-05-H2,-33,31295,1.0,0.02134,0.57762,0.00144,4e-05,0.4209,0.8834,-0.36065,0.20013,0.0,0.0,results/chips_neg20/site-0740c3d8-a02e71d0/2024-05-H2.png
a02e71d0-6447-11f1-bcb0-bf7a6ecfc2e2,site-0740c3d8-a02e71d0,Site 0740c3d8,,304.83,20,negative,2025-10-H1,True,,2024-06-H1,-32,31576,1.0,0.02182,0.5809,0.00161,9e-05,0.4174,0.88277,-0.35309,0.20425,0.0,0.0,results/chips_neg20/site-0740c3d8-a02e71d0/2024-06-H1.png
a02e71d0-6447-11f1-bcb0-bf7a6ecfc2e2,site-0740c3d8-a02e71d0,Site 0740c3d8,,304.83,20,negative,2025-10-H1,True,,2024-06-H2,-31,31576,1.0,0.0265,0.57037,0.00152,8e-05,0.42803,0.8968,-0.35347,0.20024,0.0,0.0,results/chips_neg20/site-0740c3d8-a02e71d0/2024-06-H2.png
a02e71d0-6447-11f1-bcb0-bf7a6ecfc2e2,site-0740c3d8-a02e71d0,Site 0740c3d8,,304.83,20,negative,2025-10-H1,True,,2024-07-H1,-30,30783,1.0,0.00636,0.56831,0.05214,0.02092,0.35864,0.746,-0.29849,0.24519,0.0,0.0,results/chips_neg20/site-0740c3d8-a02e71d0/2024-07-H1.png
a02e71d0-6447-11f1-bcb0-bf7a6ecfc2e2,site-0740c3d8-a02e71d0,Site 0740c3d8,,304.83,20,negative,2025-10-H1,True,,2024-07-H2,-29,15363,0.5072,0.01373,0.59437,0.00804,0.00762,0.38998,0.82087,-0.31956,0.23143,0.0,0.0,results/chips_neg20/site-0740c3d8-a02e71d0/2024-07-H2.png
a02e71d0-6447-11f1-bcb0-bf7a6ecfc2e2,site-0740c3d8-a02e71d0,Site 0740c3d8,,304.83,20,negative,2025-10-H1,True,,2024-08-H2,-27,31576,1.0,0.03039,0.39718,0.00113,3e-05,0.60166,0.84299,-0.26448,0.18146,0.0,0.0,results/chips_neg20/site-0740c3d8-a02e71d0/2024-08-H2.png
a02e71d0-6447-11f1-bcb0-bf7a6ecfc2e2,site-0740c3d8-a02e71d0,Site 0740c3d8,,304.83,20,negative,2025-10-H1,True,,2024-09-H1,-26,11064,0.3653,0.01906,0.45434,0.00647,0.0048,0.53438,0.80869,-0.27456,0.20315,0.0,0.0,results/chips_neg20/site-0740c3d8-a02e71d0/2024-09-H1.png
a02e71d0-6447-11f1-bcb0-bf7a6ecfc2e2,site-0740c3d8-a02e71d0,Site 0740c3d8,,304.83,20,negative,2025-10-H1,True,,2024-09-H2,-25,31572,1.0,0.03453,0.3685,0.0011,4e-05,0.63037,0.83632,-0.25658,0.17346,0.0,0.0,results/chips_neg20/site-0740c3d8-a02e71d0/2024-09-H2.png
a02e71d0-6447-11f1-bcb0-bf7a6ecfc2e2,site-0740c3d8-a02e71d0,Site 0740c3d8,,304.83,20,negative,2025-10-H1,True,,2024-10-H1,-24,31522,1.0,0.03798,0.28336,0.00197,2e-05,0.71465,0.73625,-0.14109,0.17666,0.0,0.0,results/chips_neg20/site-0740c3d8-a02e71d0/2024-10-H1.png
a02e71d0-6447-11f1-bcb0-bf7a6ecfc2e2,site-0740c3d8-a02e71d0,Site 0740c3d8,,304.83,20,negative,2025-10-H1,True,,2024-10-H2,-23,31575,1.0,0.0416,0.18692,0.04007,1e-05,0.773,0.54171,0.05863,0.20178,0.0,0.0,results/chips_neg20/site-0740c3d8-a02e71d0/2024-10-H2.png
a02e71d0-6447-11f1-bcb0-bf7a6ecfc2e2,site-0740c3d8-a02e71d0,Site 0740c3d8,,304.83,20,negative,2025-10-H1,True,,2024-11-H1,-22,31575,1.0,0.04637,0.10764,0.07768,0.0,0.81468,0.43709,0.19717,0.20876,0.0,0.0,results/chips_neg20/site-0740c3d8-a02e71d0/2024-11-H1.png
a02e71d0-6447-11f1-bcb0-bf7a6ecfc2e2,site-0740c3d8-a02e71d0,Site 0740c3d8,,304.83,20,negative,2025-10-H1,True,,2024-11-H2,-21,7025,0.2319,0.03165,0.09384,0.0,0.06726,0.83891,0.21214,-0.33934,0.10193,0.0,0.0,results/chips_neg20/site-0740c3d8-a02e71d0/2024-11-H2.png
a02e71d0-6447-11f1-bcb0-bf7a6ecfc2e2,site-0740c3d8-a02e71d0,Site 0740c3d8,,304.83,20,negative,2025-10-H1,True,,2025-01-H1,-18,2758,0.0911,0.02963,0.03737,2e-05,0.09489,0.86771,0.1267,-0.29319,0.10545,0.0,0.0,results/chips_neg20/site-0740c3d8-a02e71d0/2025-01-H1.png
a02e71d0-6447-11f1-bcb0-bf7a6ecfc2e2,site-0740c3d8-a02e71d0,Site 0740c3d8,,304.83,20,negative,2025-10-H1,True,,2025-01-H2,-17,1932,0.0638,0.04413,0.002,0.0,0.01713,0.98086,0.07879,-0.51468,0.03797,0.0,0.0,results/chips_neg20/site-0740c3d8-a02e71d0/2025-01-H2.png
a02e71d0-6447-11f1-bcb0-bf7a6ecfc2e2,site-0740c3d8-a02e71d0,Site 0740c3d8,,304.83,20,negative,2025-10-H1,True,,2025-02-H2,-15,6763,0.2233,0.04214,0.0072,5e-05,0.02996,0.96279,0.09464,-0.41037,0.05079,0.0,0.0,results/chips_neg20/site-0740c3d8-a02e71d0/2025-02-H2.png
a02e71d0-6447-11f1-bcb0-bf7a6ecfc2e2,site-0740c3d8-a02e71d0,Site 0740c3d8,,304.83,20,negative,2025-10-H1,True,,2025-03-H1,-14,30541,1.0,0.02886,0.11442,0.09934,0.01666,0.76959,0.31594,0.02705,0.19294,0.0,0.0,results/chips_neg20/site-0740c3d8-a02e71d0/2025-03-H1.png
a02e71d0-6447-11f1-bcb0-bf7a6ecfc2e2,site-0740c3d8-a02e71d0,Site 0740c3d8,,304.83,20,negative,2025-10-H1,True,,2025-03-H2,-13,31576,1.0,0.04028,0.12023,0.18197,0.0,0.69779,0.3787,0.1615,0.24934,299.88431,0.0,results/chips_neg20/site-0740c3d8-a02e71d0/2025-03-H2.png
a02e71d0-6447-11f1-bcb0-bf7a6ecfc2e2,site-0740c3d8-a02e71d0,Site 0740c3d8,,304.83,20,negative,2025-10-H1,True,,2025-04-H1,-12,31576,1.0,0.03742,0.11499,0.21343,0.0,0.67158,0.36962,0.15986,0.25828,0.0,0.0,results/chips_neg20/site-0740c3d8-a02e71d0/2025-04-H1.png
a02e71d0-6447-11f1-bcb0-bf7a6ecfc2e2,site-0740c3d8-a02e71d0,Site 0740c3d8,,304.83,20,negative,2025-10-H1,True,,2025-04-H2,-11,31572,1.0,0.03734,0.10694,0.26482,9e-05,0.62814,0.3534,0.19045,0.28685,0.0,0.0,results/chips_neg20/site-0740c3d8-a02e71d0/2025-04-H2.png
a02e71d0-6447-11f1-bcb0-bf7a6ecfc2e2,site-0740c3d8-a02e71d0,Site 0740c3d8,,304.83,20,negative,2025-10-H1,True,,2025-05-H2,-9,14954,0.4937,0.01936,0.45179,0.02641,0.01043,0.51138,0.76795,-0.27386,0.20561,0.0,0.0,results/chips_neg20/site-0740c3d8-a02e71d0/2025-05-H2.png
a02e71d0-6447-11f1-bcb0-bf7a6ecfc2e2,site-0740c3d8-a02e71d0,Site 0740c3d8,,304.83,20,negative,2025-10-H1,True,,2025-06-H1,-8,31576,1.0,0.01653,0.49514,0.00497,5e-05,0.49983,0.80621,-0.29765,0.20358,0.0,0.0,results/chips_neg20/site-0740c3d8-a02e71d0/2025-06-H1.png
a02e71d0-6447-11f1-bcb0-bf7a6ecfc2e2,site-0740c3d8-a02e71d0,Site 0740c3d8,,304.83,20,negative,2025-10-H1,True,,2025-07-H1,-6,31576,1.0,0.02621,0.43304,0.00141,2e-05,0.56553,0.84144,-0.2698,0.19224,0.0,0.0,results/chips_neg20/site-0740c3d8-a02e71d0/2025-07-H1.png
a02e71d0-6447-11f1-bcb0-bf7a6ecfc2e2,site-0740c3d8-a02e71d0,Site 0740c3d8,,304.83,20,negative,2025-10-H1,True,,2025-07-H2,-5,24142,0.797,0.02073,0.44124,0.01849,0.0051,0.53516,0.78819,-0.22869,0.21709,0.0,0.0,results/chips_neg20/site-0740c3d8-a02e71d0/2025-07-H2.png
a02e71d0-6447-11f1-bcb0-bf7a6ecfc2e2,site-0740c3d8-a02e71d0,Site 0740c3d8,,304.83,20,negative,2025-10-H1,True,,2025-08-H1,-4,30921,1.0,0.02648,0.39957,0.00347,0.0002,0.59676,0.81442,-0.23015,0.19585,0.0,0.0,results/chips_neg20/site-0740c3d8-a02e71d0/2025-08-H1.png
a02e71d0-6447-11f1-bcb0-bf7a6ecfc2e2,site-0740c3d8-a02e71d0,Site 0740c3d8,,304.83,20,negative,2025-10-H1,True,,2025-08-H2,-3,407,0.0134,0.01518,0.5011,0.00564,0.0037,0.48956,0.79384,-0.27201,0.22007,0.0,0.0,results/chips_neg20/site-0740c3d8-a02e71d0/2025-08-H2.png
a02e71d0-6447-11f1-bcb0-bf7a6ecfc2e2,site-0740c3d8-a02e71d0,Site 0740c3d8,,304.83,20,negative,2025-10-H1,True,,2025-09-H1,-2,27095,0.8945,0.03055,0.36178,0.00389,0.0003,0.63403,0.79706,-0.2106,0.18815,0.0,0.0,results/chips_neg20/site-0740c3d8-a02e71d0/2025-09-H1.png
a02e71d0-6447-11f1-bcb0-bf7a6ecfc2e2,site-0740c3d8-a02e71d0,Site 0740c3d8,,304.83,20,negative,2025-10-H1,True,,2025-09-H2,-1,23021,0.76,0.02389,0.31056,0.01307,0.0037,0.67267,0.70783,-0.16417,0.18967,0.0,0.0,results/chips_neg20/site-0740c3d8-a02e71d0/2025-09-H2.png
a02e71d0-6447-11f1-bcb0-bf7a6ecfc2e2,site-0740c3d8-a02e71d0,Site 0740c3d8,,304.83,20,negative,2025-10-H1,True,,2025-10-H1,0,31576,1.0,0.03855,0.25359,0.00684,0.0,0.73956,0.70155,-0.06675,0.18824,0.0,0.0,results/chips_neg20/site-0740c3d8-a02e71d0/2025-10-H1.png
a02e71d0-6447-11f1-bcb0-bf7a6ecfc2e2,site-0740c3d8-a02e71d0,Site 0740c3d8,,304.83,20,negative,2025-10-H1,True,,2025-10-H2,1,31501,1.0,0.04116,0.16564,0.00449,0.0,0.82987,0.55938,0.03027,0.1712,0.0,0.0,results/chips_neg20/site-0740c3d8-a02e71d0/2025-10-H2.png
a02e71d0-6447-11f1-bcb0-bf7a6ecfc2e2,site-0740c3d8-a02e71d0,Site 0740c3d8,,304.83,20,negative,2025-10-H1,True,,2025-11-H1,2,31576,1.0,0.04353,0.11095,0.03852,0.0,0.85053,0.45703,0.16374,0.18639,0.0,0.0,results/chips_neg20/site-0740c3d8-a02e71d0/2025-11-H1.png
a02e71d0-6447-11f1-bcb0-bf7a6ecfc2e2,site-0740c3d8-a02e71d0,Site 0740c3d8,,304.83,20,negative,2025-10-H1,True,,2025-11-H2,3,31570,1.0,0.04565,0.0908,0.02463,0.0,0.88457,0.44574,0.19339,0.17449,0.0,0.0,results/chips_neg20/site-0740c3d8-a02e71d0/2025-11-H2.png
a02e71d0-6447-11f1-bcb0-bf7a6ecfc2e2,site-0740c3d8-a02e71d0,Site 0740c3d8,,304.83,20,negative,2025-10-H1,True,,2025-12-H1,4,19060,0.6293,0.0444,0.01295,0.0,0.01759,0.96946,0.13928,-0.50905,0.03951,0.0,0.0,results/chips_neg20/site-0740c3d8-a02e71d0/2025-12-H1.png
a02e71d0-6447-11f1-bcb0-bf7a6ecfc2e2,site-0740c3d8-a02e71d0,Site 0740c3d8,,304.83,20,negative,2025-10-H1,True,,2026-01-H1,6,351,0.0116,0.03739,0.0,0.0,0.07384,0.92616,-0.01486,-0.18361,0.08855,0.0,0.0,results/chips_neg20/site-0740c3d8-a02e71d0/2026-01-H1.png
a02e71d0-6447-11f1-bcb0-bf7a6ecfc2e2,site-0740c3d8-a02e71d0,Site 0740c3d8,,304.83,20,negative,2025-10-H1,True,,2026-01-H2,7,8377,0.2766,0.04635,0.06198,0.0,0.17561,0.76242,0.15697,-0.39017,0.11864,0.0,0.0,results/chips_neg20/site-0740c3d8-a02e71d0/2026-01-H2.png
a02e71d0-6447-11f1-bcb0-bf7a6ecfc2e2,site-0740c3d8-a02e71d0,Site 0740c3d8,,304.83,20,negative,2025-10-H1,True,,2026-02-H1,8,7148,0.236,0.04598,0.06352,0.0,0.20585,0.73063,0.14554,-0.37268,0.13309,0.0,99.96144,results/chips_neg20/site-0740c3d8-a02e71d0/2026-02-H1.png
a02e71d0-6447-11f1-bcb0-bf7a6ecfc2e2,site-0740c3d8-a02e71d0,Site 0740c3d8,,304.83,20,negative,2025-10-H1,True,,2026-03-H1,10,31433,1.0,0.03642,0.08607,0.12694,0.00392,0.78306,0.32745,0.1717,0.21547,0.0,0.0,results/chips_neg20/site-0740c3d8-a02e71d0/2026-03-H1.png
a02e71d0-6447-11f1-bcb0-bf7a6ecfc2e2,site-0740c3d8-a02e71d0,Site 0740c3d8,,304.83,20,negative,2025-10-H1,True,,2026-03-H2,11,31576,1.0,0.04355,0.07896,0.19781,0.0,0.72322,0.34458,0.23946,0.2549,0.0,0.0,results/chips_neg20/site-0740c3d8-a02e71d0/2026-03-H2.png
a02e71d0-6447-11f1-bcb0-bf7a6ecfc2e2,site-0740c3d8-a02e71d0,Site 0740c3d8,,304.83,20,negative,2025-10-H1,True,,2026-04-H1,12,31576,1.0,0.0423,0.09349,0.18912,0.0,0.71739,0.36302,0.21261,0.25228,0.0,0.0,results/chips_neg20/site-0740c3d8-a02e71d0/2026-04-H1.png
a02e71d0-6447-11f1-bcb0-bf7a6ecfc2e2,site-0740c3d8-a02e71d0,Site 0740c3d8,,304.83,20,negative,2025-10-H1,True,,2026-04-H2,13,31576,1.0,0.0383,0.10547,0.21184,0.0,0.68268,0.39129,0.18345,0.26024,0.0,0.0,results/chips_neg20/site-0740c3d8-a02e71d0/2026-04-H2.png
a02e71d0-6447-11f1-bcb0-bf7a6ecfc2e2,site-0740c3d8-a02e71d0,Site 0740c3d8,,304.83,20,negative,2025-10-H1,True,,2026-05-H1,14,31576,1.0,0.03557,0.15132,0.17266,0.0,0.67603,0.46097,0.11397,0.24921,0.0,0.0,results/chips_neg20/site-0740c3d8-a02e71d0/2026-05-H1.png
a02e71d0-6447-11f1-bcb0-bf7a6ecfc2e2,site-0740c3d8-a02e71d0,Site 0740c3d8,,304.83,20,negative,2025-10-H1,True,,2026-05-H2,15,29499,0.9739,0.0182,0.55179,0.00656,0.00178,0.43988,0.85104,-0.32737,0.20864,0.0,0.0,results/chips_neg20/site-0740c3d8-a02e71d0/2026-05-H2.png
a02e71d0-6447-11f1-bcb0-bf7a6ecfc2e2,site-0740c3d8-a02e71d0,Site 0740c3d8,,304.83,20,negative,2025-10-H1,True,,2026-06-H1,16,31576,1.0,0.02351,0.52052,0.00299,2e-05,0.47647,0.87346,-0.33479,0.19443,0.0,0.0,results/chips_neg20/site-0740c3d8-a02e71d0/2026-06-H1.png
a02e71d0-6447-11f1-bcb0-bf7a6ecfc2e2,site-0740c3d8-a02e71d0,Site 0740c3d8,,304.83,20,negative,2025-10-H1,True,,2026-06-H2,17,31576,1.0,0.02449,0.54963,0.00238,2e-05,0.44798,0.88094,-0.33878,0.20075,0.0,0.0,results/chips_neg20/site-0740c3d8-a02e71d0/2026-06-H2.png
a02e71d0-6447-11f1-bcb0-bf7a6ecfc2e2,site-0740c3d8-a02e71d0,Site 0740c3d8,,304.83,20,negative,2025-10-H1,True,,2026-07-H1,18,27915,0.9216,0.02624,0.53436,0.00227,0.00066,0.46272,0.88557,-0.33137,0.20042,0.0,0.0,results/chips_neg20/site-0740c3d8-a02e71d0/2026-07-H1.png
a02e71d0-6447-11f1-bcb0-bf7a6ecfc2e2,site-0740c3d8-a02e71d0,Site 0740c3d8,,304.83,20,negative,2025-10-H1,True,,2026-07-H2,19,31576,1.0,0.0296,0.49278,0.0013,1e-05,0.50591,0.88433,-0.32779,0.18854,0.0,0.0,results/chips_neg20/site-0740c3d8-a02e71d0/2026-07-H2.png
a02e71d0-6447-11f1-bcb0-bf7a6ecfc2e2,site-0740c3d8-a02e71d0,Site 0740c3d8,,304.83,20,negative,2025-10-H1,True,,2026-08-H1,20,31576,1.0,0.02112,0.44036,0.00123,0.0,0.55841,0.81657,-0.29524,0.18693,0.0,0.0,results/chips_neg20/site-0740c3d8-a02e71d0/2026-08-H1.png
a02e71d0-6447-11f1-bcb0-bf7a6ecfc2e2,site-0740c3d8-a02e71d0,Site 0740c3d8,,304.83,20,negative,2025-10-H1,True,,2026-08-H2,21,31338,1.0,0.0331,0.41976,0.00061,1e-05,0.57963,0.87115,-0.30609,0.17417,0.0,0.0,results/chips_neg20/site-0740c3d8-a02e71d0/2026-08-H2.png
a02e71d0-6447-11f1-bcb0-bf7a6ecfc2e2,site-0740c3d8-a02e71d0,Site 0740c3d8,,304.83,20,negative,2025-10-H1,True,,2026-09-H1,22,2203,0.0727,0.02601,0.39766,0.00891,0.00988,0.58355,0.77903,-0.32039,0.17738,0.0,0.0,results/chips_neg20/site-0740c3d8-a02e71d0/2026-09-H1.png
08906b10-6c28-11f1-89ae-cb591f3ea48d,site-08906b10-08906b10,Site 08906b10,,31.42,1,negative,2025-10-H2,True,,2023-01-H1,-67,3310,1.0,0.04033,0.16604,0.02222,0.0,0.81174,0.59123,0.00342,0.16995,0.0,0.0,results/chips_neg20/site-08906b10-08906b10/2023-01-H1.png
08906b10-6c28-11f1-89ae-cb591f3ea48d,site-08906b10-08906b10,Site 08906b10,,31.42,1,negative,2025-10-H2,True,,2023-01-H2,-66,3311,1.0,0.04235,0.14549,0.01264,0.0,0.84187,0.59191,0.0194,0.16064,0.0,0.0,results/chips_neg20/site-08906b10-08906b10/2023-01-H2.png
08906b10-6c28-11f1-89ae-cb591f3ea48d,site-08906b10-08906b10,Site 08906b10,,31.42,1,negative,2025-10-H2,True,,2023-02-H1,-65,363,0.1153,0.0368,0.16375,0.06041,0.0,0.77584,0.53618,0.03865,0.19438,0.0,0.0,results/chips_neg20/site-08906b10-08906b10/2023-02-H1.png
08906b10-6c28-11f1-89ae-cb591f3ea48d,site-08906b10-08906b10,Site 08906b10,,31.42,1,negative,2025-10-H2,True,,2023-02-H2,-64,3311,1.0,0.03637,0.18034,0.05941,0.0,0.76025,0.56735,0.02167,0.19671,0.0,0.0,results/chips_neg20/site-08906b10-08906b10/2023-02-H2.png
08906b10-6c28-11f1-89ae-cb591f3ea48d,site-08906b10-08906b10,Site 08906b10,,31.42,1,negative,2025-10-H2,True,,2023-03-H1,-63,3311,1.0,0.03928,0.16503,0.02903,0.0,0.80594,0.58303,0.01396,0.17652,0.0,0.0,results/chips_neg20/site-08906b10-08906b10/2023-03-H1.png
08906b10-6c28-11f1-89ae-cb591f3ea48d,site-08906b10-08906b10,Site 08906b10,,31.42,1,negative,2025-10-H2,True,,2023-03-H2,-62,3311,1.0,0.03786,0.18252,0.08693,0.0,0.73054,0.5513,0.04424,0.21448,0.0,0.0,results/chips_neg20/site-08906b10-08906b10/2023-03-H2.png
08906b10-6c28-11f1-89ae-cb591f3ea48d,site-08906b10-08906b10,Site 08906b10,,31.42,1,negative,2025-10-H2,True,,2023-04-H1,-61,3311,1.0,0.02863,0.27049,0.0188,0.0,0.71071,0.70257,-0.13167,0.18375,0.0,0.0,results/chips_neg20/site-08906b10-08906b10/2023-04-H1.png
08906b10-6c28-11f1-89ae-cb591f3ea48d,site-08906b10-08906b10,Site 08906b10,,31.42,1,negative,2025-10-H2,True,,2023-04-H2,-60,1414,0.4492,0.03323,0.36477,5e-05,0.0,0.63518,0.83713,-0.34272,0.14825,0.0,0.0,results/chips_neg20/site-08906b10-08906b10/2023-04-H2.png
08906b10-6c28-11f1-89ae-cb591f3ea48d,site-08906b10-08906b10,Site 08906b10,,31.42,1,negative,2025-10-H2,True,,2023-05-H1,-59,3311,1.0,0.03352,0.43311,5e-05,0.0,0.56683,0.85072,-0.40773,0.14733,0.0,0.0,results/chips_neg20/site-08906b10-08906b10/2023-05-H1.png
08906b10-6c28-11f1-89ae-cb591f3ea48d,site-08906b10-08906b10,Site 08906b10,,31.42,1,negative,2025-10-H2,True,,2023-05-H2,-58,3311,1.0,0.02287,0.53631,0.00213,2e-05,0.46154,0.85504,-0.38436,0.18259,0.0,0.0,results/chips_neg20/site-08906b10-08906b10/2023-05-H2.png
08906b10-6c28-11f1-89ae-cb591f3ea48d,site-08906b10-08906b10,Site 08906b10,,31.42,1,negative,2025-10-H2,True,,2023-06-H1,-57,3311,1.0,0.03653,0.4581,9e-05,0.0,0.54181,0.86894,-0.43623,0.1441,0.0,0.0,results/chips_neg20/site-08906b10-08906b10/2023-06-H1.png
08906b10-6c28-11f1-89ae-cb591f3ea48d,site-08906b10-08906b10,Site 08906b10,,31.42,1,negative,2025-10-H2,True,,2023-06-H2,-56,3311,1.0,0.02172,0.55134,0.00301,1e-05,0.44564,0.84716,-0.38058,0.18836,0.0,0.0,results/chips_neg20/site-08906b10-08906b10/2023-06-H2.png
08906b10-6c28-11f1-89ae-cb591f3ea48d,site-08906b10-08906b10,Site 08906b10,,31.42,1,negative,2025-10-H2,True,,2023-07-H1,-55,3311,1.0,0.03738,0.40993,0.00014,0.0,0.58993,0.86746,-0.40316,0.14284,0.0,0.0,results/chips_neg20/site-08906b10-08906b10/2023-07-H1.png
08906b10-6c28-11f1-89ae-cb591f3ea48d,site-08906b10-08906b10,Site 08906b10,,31.42,1,negative,2025-10-H2,True,,2023-07-H2,-54,3311,1.0,0.03115,0.46168,0.00175,0.0,0.53657,0.87862,-0.34761,0.17465,0.0,0.0,results/chips_neg20/site-08906b10-08906b10/2023-07-H2.png
08906b10-6c28-11f1-89ae-cb591f3ea48d,site-08906b10-08906b10,Site 08906b10,,31.42,1,negative,2025-10-H2,True,,2023-08-H1,-53,3311,1.0,0.03309,0.41012,0.00084,0.0,0.58904,0.86001,-0.33654,0.16379,0.0,0.0,results/chips_neg20/site-08906b10-08906b10/2023-08-H1.png
08906b10-6c28-11f1-89ae-cb591f3ea48d,site-08906b10-08906b10,Site 08906b10,,31.42,1,negative,2025-10-H2,True,,2023-08-H2,-52,3311,1.0,0.03307,0.39146,0.00067,0.0,0.60786,0.84186,-0.34158,0.15708,0.0,0.0,results/chips_neg20/site-08906b10-08906b10/2023-08-H2.png
08906b10-6c28-11f1-89ae-cb591f3ea48d,site-08906b10-08906b10,Site 08906b10,,31.42,1,negative,2025-10-H2,True,,2023-09-H1,-51,3311,1.0,0.04606,0.30406,2e-05,0.0,0.69592,0.87936,-0.36156,0.12555,0.0,0.0,results/chips_neg20/site-08906b10-08906b10/2023-09-H1.png
08906b10-6c28-11f1-89ae-cb591f3ea48d,site-08906b10-08906b10,Site 08906b10,,31.42,1,negative,2025-10-H2,True,,2023-09-H2,-50,3311,1.0,0.04056,0.30362,3e-05,0.0,0.69636,0.84909,-0.34382,0.13091,0.0,0.0,results/chips_neg20/site-08906b10-08906b10/2023-09-H2.png
08906b10-6c28-11f1-89ae-cb591f3ea48d,site-08906b10-08906b10,Site 08906b10,,31.42,1,negative,2025-10-H2,True,,2023-10-H1,-49,3311,1.0,0.03795,0.31854,6e-05,0.0,0.6814,0.84144,-0.30961,0.14398,0.0,0.0,results/chips_neg20/site-08906b10-08906b10/2023-10-H1.png
08906b10-6c28-11f1-89ae-cb591f3ea48d,site-08906b10-08906b10,Site 08906b10,,31.42,1,negative,2025-10-H2,True,,2023-10-H2,-48,3311,1.0,0.03868,0.2379,0.00038,0.0,0.76172,0.7107,-0.19061,0.14793,0.0,0.0,results/chips_neg20/site-08906b10-08906b10/2023-10-H2.png
08906b10-6c28-11f1-89ae-cb591f3ea48d,site-08906b10-08906b10,Site 08906b10,,31.42,1,negative,2025-10-H2,True,,2023-11-H1,-47,3311,1.0,0.0393,0.23755,0.00045,0.0,0.762,0.72758,-0.19886,0.14535,0.0,0.0,results/chips_neg20/site-08906b10-08906b10/2023-11-H1.png
08906b10-6c28-11f1-89ae-cb591f3ea48d,site-08906b10-08906b10,Site 08906b10,,31.42,1,negative,2025-10-H2,True,,2023-11-H2,-46,3311,1.0,0.03986,0.19049,0.00799,0.0,0.80152,0.62331,-0.06496,0.16175,0.0,0.0,results/chips_neg20/site-08906b10-08906b10/2023-11-H2.png
08906b10-6c28-11f1-89ae-cb591f3ea48d,site-08906b10-08906b10,Site 08906b10,,31.42,1,negative,2025-10-H2,True,,2023-12-H1,-45,3304,1.0,0.04287,0.13555,0.00446,0.0,0.85999,0.60589,-0.01496,0.14523,0.0,0.0,results/chips_neg20/site-08906b10-08906b10/2023-12-H1.png
08906b10-6c28-11f1-89ae-cb591f3ea48d,site-08906b10-08906b10,Site 08906b10,,31.42,1,negative,2025-10-H2,True,,2023-12-H2,-44,3291,1.0,0.04151,0.14793,0.00823,0.0,0.84385,0.59407,-0.01303,0.15256,0.0,0.0,results/chips_neg20/site-08906b10-08906b10/2023-12-H2.png
08906b10-6c28-11f1-89ae-cb591f3ea48d,site-08906b10-08906b10,Site 08906b10,,31.42,1,negative,2025-10-H2,True,,2024-01-H1,-43,3288,1.0,0.03363,0.1487,0.01896,0.00012,0.83222,0.55144,-0.01169,0.15934,0.0,0.0,results/chips_neg20/site-08906b10-08906b10/2024-01-H1.png
08906b10-6c28-11f1-89ae-cb591f3ea48d,site-08906b10-08906b10,Site 08906b10,,31.42,1,negative,2025-10-H2,True,,2024-02-H1,-41,3311,1.0,0.0381,0.16444,0.03695,0.0,0.79861,0.57297,0.02133,0.18086,0.0,0.0,results/chips_neg20/site-08906b10-08906b10/2024-02-H1.png
08906b10-6c28-11f1-89ae-cb591f3ea48d,site-08906b10-08906b10,Site 08906b10,,31.42,1,negative,2025-10-H2,True,,2024-02-H2,-40,3311,1.0,0.038,0.17193,0.04441,0.0,0.78365,0.56028,0.02183,0.18776,0.0,0.0,results/chips_neg20/site-08906b10-08906b10/2024-02-H2.png
08906b10-6c28-11f1-89ae-cb591f3ea48d,site-08906b10-08906b10,Site 08906b10,,31.42,1,negative,2025-10-H2,True,,2024-03-H1,-39,3311,1.0,0.03416,0.15852,0.04703,0.0,0.79445,0.52141,0.03227,0.18666,0.0,0.0,results/chips_neg20/site-08906b10-08906b10/2024-03-H1.png
08906b10-6c28-11f1-89ae-cb591f3ea48d,site-08906b10-08906b10,Site 08906b10,,31.42,1,negative,2025-10-H2,True,,2024-03-H2,-38,3311,1.0,0.0325,0.19324,0.09278,0.0,0.71398,0.54647,0.01687,0.2154,0.0,0.0,results/chips_neg20/site-08906b10-08906b10/2024-03-H2.png
08906b10-6c28-11f1-89ae-cb591f3ea48d,site-08906b10-08906b10,Site 08906b10,,31.42,1,negative,2025-10-H2,True,,2024-04-H1,-37,3311,1.0,0.0265,0.27199,0.05287,0.0,0.67515,0.65599,-0.08919,0.20745,0.0,0.0,results/chips_neg20/site-08906b10-08906b10/2024-04-H1.png
08906b10-6c28-11f1-89ae-cb591f3ea48d,site-08906b10-08906b10,Site 08906b10,,31.42,1,negative,2025-10-H2,True,,2024-04-H2,-36,3311,1.0,0.02452,0.44777,0.00234,1e-05,0.54987,0.83243,-0.33617,0.17556,0.0,0.0,results/chips_neg20/site-08906b10-08906b10/2024-04-H2.png
08906b10-6c28-11f1-89ae-cb591f3ea48d,site-08906b10-08906b10,Site 08906b10,,31.42,1,negative,2025-10-H2,True,,2024-05-H1,-35,3311,1.0,0.03743,0.41347,3e-05,0.0,0.5865,0.87569,-0.39938,0.1444,0.0,0.0,results/chips_neg20/site-08906b10-08906b10/2024-05-H1.png
08906b10-6c28-11f1-89ae-cb591f3ea48d,site-08906b10-08906b10,Site 08906b10,,31.42,1,negative,2025-10-H2,True,,2024-05-H2,-34,3311,1.0,0.03554,0.43063,2e-05,0.0,0.56935,0.86704,-0.40717,0.14678,0.0,0.0,results/chips_neg20/site-08906b10-08906b10/2024-05-H2.png
08906b10-6c28-11f1-89ae-cb591f3ea48d,site-08906b10-08906b10,Site 08906b10,,31.42,1,negative,2025-10-H2,True,,2024-06-H1,-33,3311,1.0,0.0399,0.46355,3e-05,0.0,0.53642,0.89196,-0.44601,0.14215,0.0,0.0,results/chips_neg20/site-08906b10-08906b10/2024-06-H1.png
08906b10-6c28-11f1-89ae-cb591f3ea48d,site-08906b10-08906b10,Site 08906b10,,31.42,1,negative,2025-10-H2,True,,2024-06-H2,-32,3311,1.0,0.02335,0.54266,0.00232,0.0,0.45503,0.85808,-0.37066,0.18983,0.0,0.0,results/chips_neg20/site-08906b10-08906b10/2024-06-H2.png
08906b10-6c28-11f1-89ae-cb591f3ea48d,site-08906b10-08906b10,Site 08906b10,,31.42,1,negative,2025-10-H2,True,,2024-07-H1,-31,255,0.081,0.04688,0.26819,0.00042,0.0,0.73139,0.80591,-0.46689,0.09512,0.0,0.0,results/chips_neg20/site-08906b10-08906b10/2024-07-H1.png
08906b10-6c28-11f1-89ae-cb591f3ea48d,site-08906b10-08906b10,Site 08906b10,,31.42,1,negative,2025-10-H2,True,,2024-07-H2,-30,3157,1.0,0.01997,0.52803,0.0048,0.00377,0.4634,0.82995,-0.35427,0.1953,0.0,0.0,results/chips_neg20/site-08906b10-08906b10/2024-07-H2.png
08906b10-6c28-11f1-89ae-cb591f3ea48d,site-08906b10-08906b10,Site 08906b10,,31.42,1,negative,2025-10-H2,True,,2024-08-H1,-29,3311,1.0,0.03771,0.3505,9e-05,0.0,0.64941,0.84819,-0.37602,0.13601,0.0,0.0,results/chips_neg20/site-08906b10-08906b10/2024-08-H1.png
08906b10-6c28-11f1-89ae-cb591f3ea48d,site-08906b10-08906b10,Site 08906b10,,31.42,1,negative,2025-10-H2,True,,2024-08-H2,-28,3311,1.0,0.03887,0.32321,6e-05,0.0,0.67673,0.84642,-0.36544,0.13143,0.0,0.0,results/chips_neg20/site-08906b10-08906b10/2024-08-H2.png
08906b10-6c28-11f1-89ae-cb591f3ea48d,site-08906b10-08906b10,Site 08906b10,,31.42,1,negative,2025-10-H2,True,,2024-09-H1,-27,3311,1.0,0.04483,0.31647,2e-05,0.0,0.68351,0.87127,-0.37759,0.12536,0.0,0.0,results/chips_neg20/site-08906b10-08906b10/2024-09-H1.png
08906b10-6c28-11f1-89ae-cb591f3ea48d,site-08906b10-08906b10,Site 08906b10,,31.42,1,negative,2025-10-H2,True,,2024-09-H2,-26,3311,1.0,0.03373,0.31851,0.00057,0.00043,0.68049,0.82227,-0.28885,0.15105,0.0,0.0,results/chips_neg20/site-08906b10-08906b10/2024-09-H2.png
08906b10-6c28-11f1-89ae-cb591f3ea48d,site-08906b10-08906b10,Site 08906b10,,31.42,1,negative,2025-10-H2,True,,2024-10-H1,-25,3311,1.0,0.04039,0.30119,6e-05,0.0,0.69874,0.85435,-0.29682,0.14158,0.0,0.0,results/chips_neg20/site-08906b10-08906b10/2024-10-H1.png
08906b10-6c28-11f1-89ae-cb591f3ea48d,site-08906b10-08906b10,Site 08906b10,,31.42,1,negative,2025-10-H2,True,,2024-10-H2,-24,3311,1.0,0.04133,0.24915,0.00011,0.0,0.75073,0.77978,-0.26482,0.13337,0.0,0.0,results/chips_neg20/site-08906b10-08906b10/2024-10-H2.png
08906b10-6c28-11f1-89ae-cb591f3ea48d,site-08906b10-08906b10,Site 08906b10,,31.42,1,negative,2025-10-H2,True,,2024-11-H1,-23,3309,1.0,0.03859,0.23471,0.00582,0.0,0.75948,0.66048,-0.09447,0.17324,0.0,0.0,results/chips_neg20/site-08906b10-08906b10/2024-11-H1.png
08906b10-6c28-11f1-89ae-cb591f3ea48d,site-08906b10-08906b10,Site 08906b10,,31.42,1,negative,2025-10-H2,True,,2024-11-H2,-22,277,0.088,0.03404,0.17867,0.01915,0.0,0.80218,0.55272,0.00651,0.17946,0.0,0.0,results/chips_neg20/site-08906b10-08906b10/2024-11-H2.png
08906b10-6c28-11f1-89ae-cb591f3ea48d,site-08906b10-08906b10,Site 08906b10,,31.42,1,negative,2025-10-H2,True,,2024-12-H1,-21,3311,1.0,0.03937,0.15633,0.01252,0.0,0.83116,0.59217,-0.01122,0.1601,0.0,0.0,results/chips_neg20/site-08906b10-08906b10/2024-12-H1.png
08906b10-6c28-11f1-89ae-cb591f3ea48d,site-08906b10-08906b10,Site 08906b10,,31.42,1,negative,2025-10-H2,True,,2024-12-H2,-20,3311,1.0,0.04011,0.13956,0.0103,0.0,0.85015,0.59084,0.00815,0.15437,0.0,0.0,results/chips_neg20/site-08906b10-08906b10/2024-12-H2.png
08906b10-6c28-11f1-89ae-cb591f3ea48d,site-08906b10-08906b10,Site 08906b10,,31.42,1,negative,2025-10-H2,True,,2025-01-H1,-19,2356,0.7484,0.03374,0.15077,3e-05,0.02988,0.81931,0.41095,-0.35031,0.0994,0.0,0.0,results/chips_neg20/site-08906b10-08906b10/2025-01-H1.png
08906b10-6c28-11f1-89ae-cb591f3ea48d,site-08906b10-08906b10,Site 08906b10,,31.42,1,negative,2025-10-H2,True,,2025-01-H2,-18,3311,1.0,0.03836,0.1536,0.04592,0.0,0.80047,0.55262,0.04936,0.18559,0.0,0.0,results/chips_neg20/site-08906b10-08906b10/2025-01-H2.png
08906b10-6c28-11f1-89ae-cb591f3ea48d,site-08906b10-08906b10,Site 08906b10,,31.42,1,negative,2025-10-H2,True,,2025-02-H1,-17,3311,1.0,0.0401,0.13097,0.00499,0.0,0.86404,0.58722,-0.01219,0.14468,0.0,0.0,results/chips_neg20/site-08906b10-08906b10/2025-02-H1.png
08906b10-6c28-11f1-89ae-cb591f3ea48d,site-08906b10-08906b10,Site 08906b10,,31.42,1,negative,2025-10-H2,True,,2025-02-H2,-16,3311,1.0,0.0357,0.16958,0.07926,0.0,0.75116,0.53366,0.04556,0.2061,0.0,0.0,results/chips_neg20/site-08906b10-08906b10/2025-02-H2.png
08906b10-6c28-11f1-89ae-cb591f3ea48d,site-08906b10-08906b10,Site 08906b10,,31.42,1,negative,2025-10-H2,True,,2025-03-H1,-15,3311,1.0,0.03735,0.15377,0.04792,0.0,0.79831,0.53954,0.04351,0.18635,0.0,0.0,results/chips_neg20/site-08906b10-08906b10/2025-03-H1.png
08906b10-6c28-11f1-89ae-cb591f3ea48d,site-08906b10-08906b10,Site 08906b10,,31.42,1,negative,2025-10-H2,True,,2025-03-H2,-14,3311,1.0,0.03878,0.16646,0.0576,0.0,0.77594,0.54601,0.04965,0.1984,0.0,0.0,results/chips_neg20/site-08906b10-08906b10/2025-03-H2.png
08906b10-6c28-11f1-89ae-cb591f3ea48d,site-08906b10-08906b10,Site 08906b10,,31.42,1,negative,2025-10-H2,True,,2025-04-H1,-13,3311,1.0,0.02519,0.27329,0.04791,0.0,0.6788,0.64811,-0.10946,0.20033,0.0,0.0,results/chips_neg20/site-08906b10-08906b10/2025-04-H1.png
08906b10-6c28-11f1-89ae-cb591f3ea48d,site-08906b10-08906b10,Site 08906b10,,31.42,1,negative,2025-10-H2,True,,2025-04-H2,-12,3311,1.0,0.02888,0.29753,0.00804,0.0,0.69443,0.73578,-0.1906,0.17369,0.0,0.0,results/chips_neg20/site-08906b10-08906b10/2025-04-H2.png
08906b10-6c28-11f1-89ae-cb591f3ea48d,site-08906b10-08906b10,Site 08906b10,,31.42,1,negative,2025-10-H2,True,,2025-05-H1,-11,3311,1.0,0.03536,0.40798,0.0002,0.0,0.59182,0.87444,-0.376,0.15034,0.0,0.0,results/chips_neg20/site-08906b10-08906b10/2025-05-H1.png
08906b10-6c28-11f1-89ae-cb591f3ea48d,site-08906b10-08906b10,Site 08906b10,,31.42,1,negative,2025-10-H2,True,,2025-05-H2,-10,3311,1.0,0.04037,0.43764,0.0,0.0,0.56236,0.89398,-0.42965,0.14124,0.0,0.0,results/chips_neg20/site-08906b10-08906b10/2025-05-H2.png
08906b10-6c28-11f1-89ae-cb591f3ea48d,site-08906b10-08906b10,Site 08906b10,,31.42,1,negative,2025-10-H2,True,,2025-06-H1,-9,3311,1.0,0.02079,0.51314,0.00097,4e-05,0.48585,0.83306,-0.37148,0.18244,0.0,0.0,results/chips_neg20/site-08906b10-08906b10/2025-06-H1.png
08906b10-6c28-11f1-89ae-cb591f3ea48d,site-08906b10-08906b10,Site 08906b10,,31.42,1,negative,2025-10-H2,True,,2025-06-H2,-8,3311,1.0,0.03706,0.39338,0.00024,0.0,0.60638,0.87439,-0.36677,0.1498,0.0,0.0,results/chips_neg20/site-08906b10-08906b10/2025-06-H2.png
08906b10-6c28-11f1-89ae-cb591f3ea48d,site-08906b10-08906b10,Site 08906b10,,31.42,1,negative,2025-10-H2,True,,2025-07-H1,-7,3311,1.0,0.02842,0.46364,0.00057,0.0,0.53579,0.87982,-0.33381,0.18067,0.0,0.0,results/chips_neg20/site-08906b10-08906b10/2025-07-H1.png
08906b10-6c28-11f1-89ae-cb591f3ea48d,site-08906b10-08906b10,Site 08906b10,,31.42,1,negative,2025-10-H2,True,,2025-07-H2,-6,3311,1.0,0.03139,0.4263,0.00052,0.0,0.57318,0.86839,-0.32547,0.17251,0.0,0.0,results/chips_neg20/site-08906b10-08906b10/2025-07-H2.png
08906b10-6c28-11f1-89ae-cb591f3ea48d,site-08906b10-08906b10,Site 08906b10,,31.42,1,negative,2025-10-H2,True,,2025-08-H1,-5,3311,1.0,0.04143,0.33669,0.00019,0.0,0.66312,0.87753,-0.36897,0.13372,0.0,0.0,results/chips_neg20/site-08906b10-08906b10/2025-08-H1.png
08906b10-6c28-11f1-89ae-cb591f3ea48d,site-08906b10-08906b10,Site 08906b10,,31.42,1,negative,2025-10-H2,True,,2025-08-H2,-4,3311,1.0,0.03656,0.37897,0.00037,0.0,0.62066,0.87626,-0.34686,0.15167,0.0,0.0,results/chips_neg20/site-08906b10-08906b10/2025-08-H2.png
08906b10-6c28-11f1-89ae-cb591f3ea48d,site-08906b10-08906b10,Site 08906b10,,31.42,1,negative,2025-10-H2,True,,2025-09-H1,-3,3311,1.0,0.04173,0.29573,0.00022,0.0,0.70405,0.84959,-0.33242,0.13174,0.0,0.0,results/chips_neg20/site-08906b10-08906b10/2025-09-H1.png
08906b10-6c28-11f1-89ae-cb591f3ea48d,site-08906b10-08906b10,Site 08906b10,,31.42,1,negative,2025-10-H2,True,,2025-09-H2,-2,3311,1.0,0.04355,0.26488,0.0,0.0,0.73512,0.85277,-0.31858,0.12576,0.0,0.0,results/chips_neg20/site-08906b10-08906b10/2025-09-H2.png
08906b10-6c28-11f1-89ae-cb591f3ea48d,site-08906b10-08906b10,Site 08906b10,,31.42,1,negative,2025-10-H2,True,,2025-10-H1,-1,3311,1.0,0.04603,0.25771,0.0,0.0,0.74228,0.86284,-0.29908,0.12759,0.0,0.0,results/chips_neg20/site-08906b10-08906b10/2025-10-H1.png
08906b10-6c28-11f1-89ae-cb591f3ea48d,site-08906b10-08906b10,Site 08906b10,,31.42,1,negative,2025-10-H2,True,,2025-10-H2,0,3294,1.0,0.0482,0.24144,1e-05,0.0,0.75854,0.85285,-0.29444,0.12291,0.0,0.0,results/chips_neg20/site-08906b10-08906b10/2025-10-H2.png
08906b10-6c28-11f1-89ae-cb591f3ea48d,site-08906b10-08906b10,Site 08906b10,,31.42,1,negative,2025-10-H2,True,,2025-11-H1,1,3311,1.0,0.04038,0.17948,0.00718,0.0,0.81334,0.61676,-0.04771,0.16099,0.0,0.0,results/chips_neg20/site-08906b10-08906b10/2025-11-H1.png
08906b10-6c28-11f1-89ae-cb591f3ea48d,site-08906b10-08906b10,Site 08906b10,,31.42,1,negative,2025-10-H2,True,,2025-11-H2,2,3311,1.0,0.03791,0.14212,0.00302,0.0,0.85486,0.5772,-0.05041,0.14179,0.0,0.0,results/chips_neg20/site-08906b10-08906b10/2025-11-H2.png
08906b10-6c28-11f1-89ae-cb591f3ea48d,site-08906b10-08906b10,Site 08906b10,,31.42,1,negative,2025-10-H2,True,,2025-12-H1,3,3311,1.0,0.0422,0.13603,0.00148,0.0,0.8625,0.6147,-0.07398,0.13207,0.0,0.0,results/chips_neg20/site-08906b10-08906b10/2025-12-H1.png
08906b10-6c28-11f1-89ae-cb591f3ea48d,site-08906b10-08906b10,Site 08906b10,,31.42,1,negative,2025-10-H2,True,,2025-12-H2,4,3311,1.0,0.03964,0.15992,0.0126,0.0,0.82749,0.59084,-0.01433,0.16004,0.0,0.0,results/chips_neg20/site-08906b10-08906b10/2025-12-H2.png
08906b10-6c28-11f1-89ae-cb591f3ea48d,site-08906b10-08906b10,Site 08906b10,,31.42,1,negative,2025-10-H2,True,,2026-01-H1,5,3309,1.0,0.04232,0.13872,0.00498,0.0,0.8563,0.60322,-0.02016,0.1461,0.0,0.0,results/chips_neg20/site-08906b10-08906b10/2026-01-H1.png
08906b10-6c28-11f1-89ae-cb591f3ea48d,site-08906b10-08906b10,Site 08906b10,,31.42,1,negative,2025-10-H2,True,,2026-01-H2,6,3311,1.0,0.03878,0.14013,0.01343,0.0,0.84643,0.56064,0.01554,0.15928,0.0,0.0,results/chips_neg20/site-08906b10-08906b10/2026-01-H2.png
08906b10-6c28-11f1-89ae-cb591f3ea48d,site-08906b10-08906b10,Site 08906b10,,31.42,1,negative,2025-10-H2,True,,2026-02-H1,7,3200,1.0,0.02518,0.18858,0.0155,0.00455,0.79136,0.51392,-0.13995,0.15072,0.0,0.0,results/chips_neg20/site-08906b10-08906b10/2026-02-H1.png
08906b10-6c28-11f1-89ae-cb591f3ea48d,site-08906b10-08906b10,Site 08906b10,,31.42,1,negative,2025-10-H2,True,,2026-02-H2,8,3311,1.0,0.03763,0.16925,0.0641,0.0,0.76665,0.53282,0.0489,0.20102,0.0,0.0,results/chips_neg20/site-08906b10-08906b10/2026-02-H2.png
08906b10-6c28-11f1-89ae-cb591f3ea48d,site-08906b10-08906b10,Site 08906b10,,31.42,1,negative,2025-10-H2,True,,2026-03-H1,9,3311,1.0,0.03808,0.16998,0.0876,0.0,0.74242,0.52638,0.07197,0.21679,0.0,0.0,results/chips_neg20/site-08906b10-08906b10/2026-03-H1.png
08906b10-6c28-11f1-89ae-cb591f3ea48d,site-08906b10-08906b10,Site 08906b10,,31.42,1,negative,2025-10-H2,True,,2026-03-H2,10,3311,1.0,0.03669,0.17824,0.09513,0.0,0.72662,0.5312,0.05847,0.22027,0.0,0.0,results/chips_neg20/site-08906b10-08906b10/2026-03-H2.png
08906b10-6c28-11f1-89ae-cb591f3ea48d,site-08906b10-08906b10,Site 08906b10,,31.42,1,negative,2025-10-H2,True,,2026-04-H1,11,3311,1.0,0.03228,0.22187,0.02862,0.0,0.74951,0.62949,-0.05123,0.18876,0.0,0.0,results/chips_neg20/site-08906b10-08906b10/2026-04-H1.png
08906b10-6c28-11f1-89ae-cb591f3ea48d,site-08906b10-08906b10,Site 08906b10,,31.42,1,negative,2025-10-H2,True,,2026-04-H2,12,3311,1.0,0.02872,0.46444,0.00094,1e-05,0.5346,0.85106,-0.38979,0.16135,0.0,0.0,results/chips_neg20/site-08906b10-08906b10/2026-04-H2.png
08906b10-6c28-11f1-89ae-cb591f3ea48d,site-08906b10-08906b10,Site 08906b10,,31.42,1,negative,2025-10-H2,True,,2026-05-H1,13,3311,1.0,0.04031,0.44789,0.00025,1e-05,0.55185,0.88754,-0.4519,0.13701,0.0,0.0,results/chips_neg20/site-08906b10-08906b10/2026-05-H1.png
08906b10-6c28-11f1-89ae-cb591f3ea48d,site-08906b10-08906b10,Site 08906b10,,31.42,1,negative,2025-10-H2,True,,2026-05-H2,14,3311,1.0,0.0274,0.53433,0.00078,0.0,0.46489,0.88275,-0.38679,0.1806,0.0,0.0,results/chips_neg20/site-08906b10-08906b10/2026-05-H2.png
08906b10-6c28-11f1-89ae-cb591f3ea48d,site-08906b10-08906b10,Site 08906b10,,31.42,1,negative,2025-10-H2,True,,2026-06-H1,15,3311,1.0,0.02466,0.52934,0.00153,0.0,0.46913,0.87299,-0.37956,0.18262,0.0,0.0,results/chips_neg20/site-08906b10-08906b10/2026-06-H1.png
08906b10-6c28-11f1-89ae-cb591f3ea48d,site-08906b10-08906b10,Site 08906b10,,31.42,1,negative,2025-10-H2,True,,2026-07-H1,17,3311,1.0,0.02465,0.49203,0.00141,0.0,0.50657,0.86374,-0.34432,0.18576,0.0,0.0,results/chips_neg20/site-08906b10-08906b10/2026-07-H1.png
08906b10-6c28-11f1-89ae-cb591f3ea48d,site-08906b10-08906b10,Site 08906b10,,31.42,1,negative,2025-10-H2,True,,2026-07-H2,18,1250,0.3971,0.03517,0.40107,0.00018,0.0,0.59876,0.85602,-0.3862,0.14625,0.0,0.0,results/chips_neg20/site-08906b10-08906b10/2026-07-H2.png
08906b10-6c28-11f1-89ae-cb591f3ea48d,site-08906b10-08906b10,Site 08906b10,,31.42,1,negative,2025-10-H2,True,,2026-08-H2,20,3311,1.0,0.03146,0.37047,0.0035,0.0068,0.61922,0.81422,-0.35139,0.15288,0.0,0.0,results/chips_neg20/site-08906b10-08906b10/2026-08-H2.png
08906b10-6c28-11f1-89ae-cb591f3ea48d,site-08906b10-08906b10,Site 08906b10,,31.42,1,negative,2025-10-H2,True,,2026-09-H1,21,3311,1.0,0.04131,0.29693,0.00017,0.0,0.70291,0.85908,-0.32778,0.13332,0.0,0.0,results/chips_neg20/site-08906b10-08906b10/2026-09-H1.png
8f86d5f0-874f-11f0-9a7a-13b895de2e9d,site-11c15d6c-8f86d5f0,Site 11c15d6c,,266.2,2,negative,2025-03-H2,True,,2023-01-H1,-53,26842,1.0,0.03464,0.0005,0.55509,0.00075,0.44366,0.13102,0.32758,0.38139,2192039.59465,0.0,results/chips_neg20/site-11c15d6c-8f86d5f0/2023-01-H1.png
8f86d5f0-874f-11f0-9a7a-13b895de2e9d,site-11c15d6c-8f86d5f0,Site 11c15d6c,,266.2,2,negative,2025-03-H2,True,,2023-01-H2,-52,26842,1.0,0.03187,0.00134,0.53819,0.00161,0.45887,0.13886,0.30848,0.36863,1957424.02575,0.0,results/chips_neg20/site-11c15d6c-8f86d5f0/2023-01-H2.png
8f86d5f0-874f-11f0-9a7a-13b895de2e9d,site-11c15d6c-8f86d5f0,Site 11c15d6c,,266.2,2,negative,2025-03-H2,True,,2023-02-H1,-51,26838,1.0,0.02865,0.00152,0.58716,0.00268,0.40865,0.14173,0.29398,0.38801,2610297.70707,698.26062,results/chips_neg20/site-11c15d6c-8f86d5f0/2023-02-H1.png
8f86d5f0-874f-11f0-9a7a-13b895de2e9d,site-11c15d6c-8f86d5f0,Site 11c15d6c,,266.2,2,negative,2025-03-H2,True,,2023-02-H2,-50,26842,1.0,0.02708,0.00139,0.59489,0.0025,0.40122,0.14859,0.28491,0.38697,2610696.71314,399.00607,results/chips_neg20/site-11c15d6c-8f86d5f0/2023-02-H2.png
8f86d5f0-874f-11f0-9a7a-13b895de2e9d,site-11c15d6c-8f86d5f0,Site 11c15d6c,,266.2,2,negative,2025-03-H2,True,,2023-03-H1,-49,26842,1.0,0.03231,0.00132,0.63458,0.0019,0.36221,0.16003,0.29001,0.40948,2677430.47827,0.0,results/chips_neg20/site-11c15d6c-8f86d5f0/2023-03-H1.png
8f86d5f0-874f-11f0-9a7a-13b895de2e9d,site-11c15d6c-8f86d5f0,Site 11c15d6c,,266.2,2,negative,2025-03-H2,True,,2023-03-H2,-48,26842,1.0,0.02573,0.00354,0.61005,0.00171,0.3847,0.16952,0.26391,0.39449,2673639.92061,0.0,results/chips_neg20/site-11c15d6c-8f86d5f0/2023-03-H2.png
8f86d5f0-874f-11f0-9a7a-13b895de2e9d,site-11c15d6c-8f86d5f0,Site 11c15d6c,,266.2,2,negative,2025-03-H2,True,,2023-04-H1,-47,26842,1.0,0.02459,0.00237,0.64992,0.00171,0.346,0.16515,0.26705,0.41199,2671644.89026,0.0,results/chips_neg20/site-11c15d6c-8f86d5f0/2023-04-H1.png
8f86d5f0-874f-11f0-9a7a-13b895de2e9d,site-11c15d6c-8f86d5f0,Site 11c15d6c,,266.2,2,negative,2025-03-H2,True,,2023-04-H2,-46,26842,1.0,0.02942,0.00194,0.66574,0.00168,0.33064,0.18149,0.27167,0.41835,2669849.36295,0.0,results/chips_neg20/site-11c15d6c-8f86d5f0/2023-04-H2.png
8f86d5f0-874f-11f0-9a7a-13b895de2e9d,site-11c15d6c-8f86d5f0,Site 11c15d6c,,266.2,2,negative,2025-03-H2,True,,2023-05-H1,-45,26842,1.0,0.02812,0.06983,0.64077,0.00411,0.28529,0.29097,0.20773,0.42844,2670348.12054,0.0,results/chips_neg20/site-11c15d6c-8f86d5f0/2023-05-H1.png
8f86d5f0-874f-11f0-9a7a-13b895de2e9d,site-11c15d6c-8f86d5f0,Site 11c15d6c,,266.2,2,negative,2025-03-H2,True,,2023-05-H2,-44,26842,1.0,0.02952,0.19621,0.23771,0.00563,0.56046,0.51307,0.04363,0.27934,134864.05151,0.0,results/chips_neg20/site-11c15d6c-8f86d5f0/2023-05-H2.png
8f86d5f0-874f-11f0-9a7a-13b895de2e9d,site-11c15d6c-8f86d5f0,Site 11c15d6c,,266.2,2,negative,2025-03-H2,True,,2023-06-H1,-43,18968,0.7138,0.02331,0.25771,0.26762,0.00908,0.46559,0.5293,-0.01265,0.30077,112320.20858,498.75759,results/chips_neg20/site-11c15d6c-8f86d5f0/2023-06-H1.png
8f86d5f0-874f-11f0-9a7a-13b895de2e9d,site-11c15d6c-8f86d5f0,Site 11c15d6c,,266.2,2,negative,2025-03-H2,True,,2023-06-H2,-42,26842,1.0,0.02025,0.25553,0.30855,0.00622,0.42969,0.50896,-0.02458,0.30736,196709.99229,4987.57587,results/chips_neg20/site-11c15d6c-8f86d5f0/2023-06-H2.png
8f86d5f0-874f-11f0-9a7a-13b895de2e9d,site-11c15d6c-8f86d5f0,Site 11c15d6c,,266.2,2,negative,2025-03-H2,True,,2023-07-H1,-41,26842,1.0,0.02723,0.18723,0.3071,0.0036,0.50207,0.43255,0.07079,0.30776,173966.64633,0.0,results/chips_neg20/site-11c15d6c-8f86d5f0/2023-07-H1.png
8f86d5f0-874f-11f0-9a7a-13b895de2e9d,site-11c15d6c-8f86d5f0,Site 11c15d6c,,266.2,2,negative,2025-03-H2,True,,2023-07-H2,-40,26842,1.0,0.0255,0.21754,0.26831,0.00409,0.51006,0.47281,0.03763,0.29674,43491.66158,0.0,results/chips_neg20/site-11c15d6c-8f86d5f0/2023-07-H2.png
8f86d5f0-874f-11f0-9a7a-13b895de2e9d,site-11c15d6c-8f86d5f0,Site 11c15d6c,,266.2,2,negative,2025-03-H2,True,,2023-08-H1,-39,26842,1.0,0.02534,0.10441,0.45667,0.0025,0.43642,0.25821,0.17001,0.35968,594319.54061,0.0,results/chips_neg20/site-11c15d6c-8f86d5f0/2023-08-H1.png
8f86d5f0-874f-11f0-9a7a-13b895de2e9d,site-11c15d6c-8f86d5f0,Site 11c15d6c,,266.2,2,negative,2025-03-H2,True,,2023-08-H2,-38,26842,1.0,0.01802,0.08439,0.57513,0.00631,0.33418,0.22,0.1676,0.39739,2197226.67356,0.0,results/chips_neg20/site-11c15d6c-8f86d5f0/2023-08-H2.png
8f86d5f0-874f-11f0-9a7a-13b895de2e9d,site-11c15d6c-8f86d5f0,Site 11c15d6c,,266.2,2,negative,2025-03-H2,True,,2023-09-H1,-37,26842,1.0,0.02288,0.09743,0.56715,0.02014,0.31528,0.19032,0.15354,0.40724,2358824.13173,0.0,results/chips_neg20/site-11c15d6c-8f86d5f0/2023-09-H1.png
8f86d5f0-874f-11f0-9a7a-13b895de2e9d,site-11c15d6c-8f86d5f0,Site 11c15d6c,,266.2,2,negative,2025-03-H2,True,,2023-09-H2,-36,26842,1.0,0.02619,0.10271,0.43079,0.00265,0.46384,0.28421,0.17395,0.35008,597711.0922,0.0,results/chips_neg20/site-11c15d6c-8f86d5f0/2023-09-H2.png
8f86d5f0-874f-11f0-9a7a-13b895de2e9d,site-11c15d6c-8f86d5f0,Site 11c15d6c,,266.2,2,negative,2025-03-H2,True,,2023-10-H1,-35,26842,1.0,0.03041,0.08576,0.4141,0.00232,0.49783,0.2632,0.20157,0.34318,399305.32411,0.0,results/chips_neg20/site-11c15d6c-8f86d5f0/2023-10-H1.png
8f86d5f0-874f-11f0-9a7a-13b895de2e9d,site-11c15d6c-8f86d5f0,Site 11c15d6c,,266.2,2,negative,2025-03-H2,True,,2023-10-H2,-34,26842,1.0,0.02997,0.06644,0.39696,0.00206,0.53454,0.24654,0.21532,0.32764,394716.75431,0.0,results/chips_neg20/site-11c15d6c-8f86d5f0/2023-10-H2.png
8f86d5f0-874f-11f0-9a7a-13b895de2e9d,site-11c15d6c-8f86d5f0,Site 11c15d6c,,266.2,2,negative,2025-03-H2,True,,2023-11-H1,-33,26842,1.0,0.0303,0.05517,0.40191,0.00219,0.54073,0.19246,0.23369,0.33266,364192.78999,0.0,results/chips_neg20/site-11c15d6c-8f86d5f0/2023-11-H1.png
8f86d5f0-874f-11f0-9a7a-13b895de2e9d,site-11c15d6c-8f86d5f0,Site 11c15d6c,,266.2,2,negative,2025-03-H2,True,,2023-11-H2,-32,26842,1.0,0.02932,0.03299,0.43103,0.0026,0.53338,0.1755,0.25156,0.33614,543745.52129,0.0,results/chips_neg20/site-11c15d6c-8f86d5f0/2023-11-H2.png
8f86d5f0-874f-11f0-9a7a-13b895de2e9d,site-11c15d6c-8f86d5f0,Site 11c15d6c,,266.2,2,negative,2025-03-H2,True,,2023-12-H1,-31,26842,1.0,0.03071,0.01807,0.45137,0.00206,0.5285,0.15753,0.2733,0.34266,694270.56104,0.0,results/chips_neg20/site-11c15d6c-8f86d5f0/2023-12-H1.png
8f86d5f0-874f-11f0-9a7a-13b895de2e9d,site-11c15d6c-8f86d5f0,Site 11c15d6c,,266.2,2,negative,2025-03-H2,True,,2023-12-H2,-30,26842,1.0,0.03521,0.00833,0.36015,0.00176,0.62976,0.15607,0.31101,0.30554,175662.42212,0.0,results/chips_neg20/site-11c15d6c-8f86d5f0/2023-12-H2.png
8f86d5f0-874f-11f0-9a7a-13b895de2e9d,site-11c15d6c-8f86d5f0,Site 11c15d6c,,266.2,2,negative,2025-03-H2,True,,2024-01-H1,-29,26842,1.0,0.03786,0.00516,0.37275,0.0015,0.62059,0.15173,0.32605,0.31243,236810.10228,0.0,results/chips_neg20/site-11c15d6c-8f86d5f0/2024-01-H1.png
8f86d5f0-874f-11f0-9a7a-13b895de2e9d,site-11c15d6c-8f86d5f0,Site 11c15d6c,,266.2,2,negative,2025-03-H2,True,,2024-01-H2,-28,26842,1.0,0.03734,0.01029,0.27169,0.00147,0.71656,0.1539,0.32364,0.26968,0.0,0.0,results/chips_neg20/site-11c15d6c-8f86d5f0/2024-01-H2.png
8f86d5f0-874f-11f0-9a7a-13b895de2e9d,site-11c15d6c-8f86d5f0,Site 11c15d6c,,266.2,2,negative,2025-03-H2,True,,2024-02-H1,-27,26842,1.0,0.03434,0.00543,0.34613,0.00373,0.64471,0.15126,0.31301,0.29525,13366.70333,3291.80007,results/chips_neg20/site-11c15d6c-8f86d5f0/2024-02-H1.png
8f86d5f0-874f-11f0-9a7a-13b895de2e9d,site-11c15d6c-8f86d5f0,Site 11c15d6c,,266.2,2,negative,2025-03-H2,True,,2024-02-H2,-26,26842,1.0,0.03534,0.00178,0.43167,0.00163,0.56492,0.15155,0.32434,0.33071,441001.45838,0.0,results/chips_neg20/site-11c15d6c-8f86d5f0/2024-02-H2.png
8f86d5f0-874f-11f0-9a7a-13b895de2e9d,site-11c15d6c-8f86d5f0,Site 11c15d6c,,266.2,2,negative,2025-03-H2,True,,2024-03-H1,-25,26842,1.0,0.03208,0.00426,0.47968,0.0039,0.51216,0.18116,0.29092,0.34847,857065.03742,3990.0607,results/chips_neg20/site-11c15d6c-8f86d5f0/2024-03-H1.png
8f86d5f0-874f-11f0-9a7a-13b895de2e9d,site-11c15d6c-8f86d5f0,Site 11c15d6c,,266.2,2,negative,2025-03-H2,True,,2024-03-H2,-24,26842,1.0,0.03434,0.01384,0.45427,0.00372,0.52817,0.21612,0.28587,0.34476,620155.18362,4887.82435,results/chips_neg20/site-11c15d6c-8f86d5f0/2024-03-H2.png
8f86d5f0-874f-11f0-9a7a-13b895de2e9d,site-11c15d6c-8f86d5f0,Site 11c15d6c,,266.2,2,negative,2025-03-H2,True,,2024-04-H1,-23,26842,1.0,0.02897,0.07909,0.32688,0.00428,0.58975,0.29276,0.17588,0.29748,20848.06713,3690.80614,results/chips_neg20/site-11c15d6c-8f86d5f0/2024-04-H1.png
8f86d5f0-874f-11f0-9a7a-13b895de2e9d,site-11c15d6c-8f86d5f0,Site 11c15d6c,,266.2,2,negative,2025-03-H2,True,,2024-04-H2,-22,26842,1.0,0.02964,0.12027,0.36763,0.00478,0.50731,0.37416,0.15317,0.32504,276810.46076,3491.30311,results/chips_neg20/site-11c15d6c-8f86d5f0/2024-04-H2.png
8f86d5f0-874f-11f0-9a7a-13b895de2e9d,site-11c15d6c-8f86d5f0,Site 11c15d6c,,266.2,2,negative,2025-03-H2,True,,2024-05-H1,-21,26842,1.0,0.03454,0.13054,0.28002,0.00384,0.5856,0.43885,0.14567,0.29134,183642.54352,399.00607,results/chips_neg20/site-11c15d6c-8f86d5f0/2024-05-H1.png
8f86d5f0-874f-11f0-9a7a-13b895de2e9d,site-11c15d6c-8f86d5f0,Site 11c15d6c,,266.2,2,negative,2025-03-H2,True,,2024-05-H2,-20,26842,1.0,0.03065,0.11221,0.33207,0.00371,0.55201,0.36675,0.15703,0.3052,216560.54425,299.25455,results/chips_neg20/site-11c15d6c-8f86d5f0/2024-05-H2.png
8f86d5f0-874f-11f0-9a7a-13b895de2e9d,site-11c15d6c-8f86d5f0,Site 11c15d6c,,266.2,2,negative,2025-03-H2,True,,2024-06-H1,-19,26842,1.0,0.03315,0.04786,0.38006,0.00294,0.56915,0.27568,0.23858,0.31415,347235.03204,99.75152,results/chips_neg20/site-11c15d6c-8f86d5f0/2024-06-H1.png
8f86d5f0-874f-11f0-9a7a-13b895de2e9d,site-11c15d6c-8f86d5f0,Site 11c15d6c,,266.2,2,negative,2025-03-H2,True,,2024-06-H2,-18,20689,0.7786,0.03528,0.01298,0.55271,0.00157,0.43275,0.21159,0.28404,0.38559,1547445.28928,0.0,results/chips_neg20/site-11c15d6c-8f86d5f0/2024-06-H2.png
8f86d5f0-874f-11f0-9a7a-13b895de2e9d,site-11c15d6c-8f86d5f0,Site 11c15d6c,,266.2,2,negative,2025-03-H2,True,,2024-07-H1,-17,26842,1.0,0.03644,0.01206,0.49479,0.00317,0.48997,0.2108,0.29166,0.36002,1095770.41853,199.50303,results/chips_neg20/site-11c15d6c-8f86d5f0/2024-07-H1.png
8f86d5f0-874f-11f0-9a7a-13b895de2e9d,site-11c15d6c-8f86d5f0,Site 11c15d6c,,266.2,2,negative,2025-03-H2,True,,2024-07-H2,-16,26842,1.0,0.03284,0.01695,0.60019,0.00408,0.37878,0.21567,0.27663,0.40754,2176079.35187,2793.04249,results/chips_neg20/site-11c15d6c-8f86d5f0/2024-07-H2.png
8f86d5f0-874f-11f0-9a7a-13b895de2e9d,site-11c15d6c-8f86d5f0,Site 11c15d6c,,266.2,2,negative,2025-03-H2,True,,2024-08-H1,-15,26842,1.0,0.03606,0.01167,0.60946,0.00444,0.37442,0.19643,0.29733,0.41814,2450396.02469,4987.57587,results/chips_neg20/site-11c15d6c-8f86d5f0/2024-08-H1.png
8f86d5f0-874f-11f0-9a7a-13b895de2e9d,site-11c15d6c-8f86d5f0,Site 11c15d6c,,266.2,2,negative,2025-03-H2,True,,2024-08-H2,-14,26842,1.0,0.03431,0.01339,0.55993,0.00279,0.42389,0.1947,0.28714,0.39088,1721511.68712,99.75152,results/chips_neg20/site-11c15d6c-8f86d5f0/2024-08-H2.png
8f86d5f0-874f-11f0-9a7a-13b895de2e9d,site-11c15d6c-8f86d5f0,Site 11c15d6c,,266.2,2,negative,2025-03-H2,True,,2024-09-H1,-13,26842,1.0,0.03376,0.0078,0.61582,0.00364,0.37274,0.17314,0.29858,0.41865,2632941.30152,199.50303,results/chips_neg20/site-11c15d6c-8f86d5f0/2024-09-H1.png
8f86d5f0-874f-11f0-9a7a-13b895de2e9d,site-11c15d6c-8f86d5f0,Site 11c15d6c,,266.2,2,negative,2025-03-H2,True,,2024-09-H2,-12,26842,1.0,0.03785,0.02092,0.55544,0.00381,0.41984,0.23007,0.28824,0.39401,1759317.51221,299.25455,results/chips_neg20/site-11c15d6c-8f86d5f0/2024-09-H2.png
8f86d5f0-874f-11f0-9a7a-13b895de2e9d,site-11c15d6c-8f86d5f0,Site 11c15d6c,,266.2,2,negative,2025-03-H2,True,,2024-10-H1,-11,26842,1.0,0.03655,0.04924,0.48357,0.00305,0.46415,0.26967,0.25746,0.36821,925793.8329,0.0,results/chips_neg20/site-11c15d6c-8f86d5f0/2024-10-H1.png
8f86d5f0-874f-11f0-9a7a-13b895de2e9d,site-11c15d6c-8f86d5f0,Site 11c15d6c,,266.2,2,negative,2025-03-H2,True,,2024-10-H2,-10,26842,1.0,0.03267,0.05237,0.49113,0.00341,0.45309,0.23789,0.24067,0.36748,1051281.24178,0.0,results/chips_neg20/site-11c15d6c-8f86d5f0/2024-10-H2.png
8f86d5f0-874f-11f0-9a7a-13b895de2e9d,site-11c15d6c-8f86d5f0,Site 11c15d6c,,266.2,2,negative,2025-03-H2,True,,2024-11-H1,-9,26842,1.0,0.03745,0.0478,0.414,0.00379,0.53441,0.25165,0.26655,0.34193,387534.64506,99.75152,results/chips_neg20/site-11c15d6c-8f86d5f0/2024-11-H1.png
8f86d5f0-874f-11f0-9a7a-13b895de2e9d,site-11c15d6c-8f86d5f0,Site 11c15d6c,,266.2,2,negative,2025-03-H2,True,,2024-11-H2,-8,26842,1.0,0.03889,0.0569,0.2686,0.00272,0.67178,0.25882,0.21064,0.27019,15162.23064,0.0,results/chips_neg20/site-11c15d6c-8f86d5f0/2024-11-H2.png
8f86d5f0-874f-11f0-9a7a-13b895de2e9d,site-11c15d6c-8f86d5f0,Site 11c15d6c,,266.2,2,negative,2025-03-H2,True,,2024-12-H1,-7,26842,1.0,0.03675,0.04794,0.39882,0.00401,0.54923,0.23289,0.24027,0.32959,440901.70686,199.50303,results/chips_neg20/site-11c15d6c-8f86d5f0/2024-12-H1.png
8f86d5f0-874f-11f0-9a7a-13b895de2e9d,site-11c15d6c-8f86d5f0,Site 11c15d6c,,266.2,2,negative,2025-03-H2,True,,2024-12-H2,-6,26842,1.0,0.03607,0.02703,0.44207,0.00465,0.52625,0.21204,0.25095,0.33899,681502.36681,299.25455,results/chips_neg20/site-11c15d6c-8f86d5f0/2024-12-H2.png
8f86d5f0-874f-11f0-9a7a-13b895de2e9d,site-11c15d6c-8f86d5f0,Site 11c15d6c,,266.2,2,negative,2025-03-H2,True,,2025-01-H1,-5,25958,0.9769,0.03093,0.02194,0.40196,0.01629,0.55981,0.17762,0.25376,0.32516,296361.75817,14763.22457,results/chips_neg20/site-11c15d6c-8f86d5f0/2025-01-H1.png
8f86d5f0-874f-11f0-9a7a-13b895de2e9d,site-11c15d6c-8f86d5f0,Site 11c15d6c,,266.2,2,negative,2025-03-H2,True,,2025-01-H2,-4,26842,1.0,0.03509,0.02272,0.46717,0.00453,0.50558,0.20066,0.2642,0.35164,833822.93387,299.25455,results/chips_neg20/site-11c15d6c-8f86d5f0/2025-01-H2.png
8f86d5f0-874f-11f0-9a7a-13b895de2e9d,site-11c15d6c-8f86d5f0,Site 11c15d6c,,266.2,2,negative,2025-03-H2,True,,2025-02-H1,-3,26802,1.0,0.02564,0.01452,0.4698,0.00613,0.50955,0.16967,0.2479,0.339,1234125.77315,0.0,results/chips_neg20/site-11c15d6c-8f86d5f0/2025-02-H1.png
8f86d5f0-874f-11f0-9a7a-13b895de2e9d,site-11c15d6c-8f86d5f0,Site 11c15d6c,,266.2,2,negative,2025-03-H2,True,,2025-02-H2,-2,26842,1.0,0.03062,0.01141,0.51144,0.00435,0.4728,0.18397,0.26584,0.35843,1300759.78677,99.75152,results/chips_neg20/site-11c15d6c-8f86d5f0/2025-02-H2.png
8f86d5f0-874f-11f0-9a7a-13b895de2e9d,site-11c15d6c-8f86d5f0,Site 11c15d6c,,266.2,2,negative,2025-03-H2,True,,2025-03-H1,-1,26842,1.0,0.03087,0.01349,0.51708,0.00372,0.46572,0.19629,0.26256,0.36002,1317717.54473,0.0,results/chips_neg20/site-11c15d6c-8f86d5f0/2025-03-H1.png
8f86d5f0-874f-11f0-9a7a-13b895de2e9d,site-11c15d6c-8f86d5f0,Site 11c15d6c,,266.2,2,negative,2025-03-H2,True,,2025-03-H2,0,26842,1.0,0.03032,0.03317,0.47908,0.0028,0.48494,0.22331,0.25051,0.3536,805393.75141,0.0,results/chips_neg20/site-11c15d6c-8f86d5f0/2025-03-H2.png
8f86d5f0-874f-11f0-9a7a-13b895de2e9d,site-11c15d6c-8f86d5f0,Site 11c15d6c,,266.2,2,negative,2025-03-H2,True,,2025-04-H1,1,26842,1.0,0.02573,0.09634,0.45981,0.00432,0.43952,0.31646,0.17947,0.35768,566389.11574,199.50303,results/chips_neg20/site-11c15d6c-8f86d5f0/2025-04-H1.png
8f86d5f0-874f-11f0-9a7a-13b895de2e9d,site-11c15d6c-8f86d5f0,Site 11c15d6c,,266.2,2,negative,2025-03-H2,True,,2025-04-H2,2,26842,1.0,0.02415,0.10801,0.43953,0.00436,0.44811,0.33976,0.15608,0.34555,460752.25883,199.50303,results/chips_neg20/site-11c15d6c-8f86d5f0/2025-04-H2.png
8f86d5f0-874f-11f0-9a7a-13b895de2e9d,site-11c15d6c-8f86d5f0,Site 11c15d6c,,266.2,2,negative,2025-03-H2,True,,2025-05-H1,3,26842,1.0,0.02651,0.20111,0.28535,0.0044,0.50914,0.49142,0.0584,0.30045,118504.80266,2892.794,results/chips_neg20/site-11c15d6c-8f86d5f0/2025-05-H1.png
8f86d5f0-874f-11f0-9a7a-13b895de2e9d,site-11c15d6c-8f86d5f0,Site 11c15d6c,,266.2,2,negative,2025-03-H2,True,,2025-05-H2,4,26842,1.0,0.02721,0.18421,0.3114,0.00579,0.4986,0.4345,0.07987,0.31132,158505.16113,8977.63657,results/chips_neg20/site-11c15d6c-8f86d5f0/2025-05-H2.png
8f86d5f0-874f-11f0-9a7a-13b895de2e9d,site-11c15d6c-8f86d5f0,Site 11c15d6c,,266.2,2,negative,2025-03-H2,True,,2025-06-H1,5,26842,1.0,0.03091,0.1593,0.29438,0.00573,0.54059,0.40342,0.10662,0.30534,91671.64448,2394.03642,results/chips_neg20/site-11c15d6c-8f86d5f0/2025-06-H1.png
8f86d5f0-874f-11f0-9a7a-13b895de2e9d,site-11c15d6c-8f86d5f0,Site 11c15d6c,,266.2,2,negative,2025-03-H2,True,,2025-06-H2,6,26842,1.0,0.02422,0.16904,0.38598,0.00515,0.43982,0.3747,0.10053,0.34262,273917.66675,498.75759,results/chips_neg20/site-11c15d6c-8f86d5f0/2025-06-H2.png
8f86d5f0-874f-11f0-9a7a-13b895de2e9d,site-11c15d6c-8f86d5f0,Site 11c15d6c,,266.2,2,negative,2025-03-H2,True,,2025-07-H1,7,26842,1.0,0.02826,0.20567,0.31065,0.00553,0.47815,0.46209,0.07425,0.32191,115811.51169,5985.09104,results/chips_neg20/site-11c15d6c-8f86d5f0/2025-07-H1.png
8f86d5f0-874f-11f0-9a7a-13b895de2e9d,site-11c15d6c-8f86d5f0,Site 11c15d6c,,266.2,2,negative,2025-03-H2,True,,2025-07-H2,8,26842,1.0,0.02849,0.15513,0.37935,0.00461,0.46091,0.38006,0.13219,0.34308,313918.02523,4289.31525,results/chips_neg20/site-11c15d6c-8f86d5f0/2025-07-H2.png
8f86d5f0-874f-11f0-9a7a-13b895de2e9d,site-11c15d6c-8f86d5f0,Site 11c15d6c,,266.2,2,negative,2025-03-H2,True,,2025-08-H1,9,26842,1.0,0.02753,0.17192,0.32315,0.00423,0.50071,0.41988,0.10462,0.31926,99352.51132,3591.05463,results/chips_neg20/site-11c15d6c-8f86d5f0/2025-08-H1.png
8f86d5f0-874f-11f0-9a7a-13b895de2e9d,site-11c15d6c-8f86d5f0,Site 11c15d6c,,266.2,2,negative,2025-03-H2,True,,2025-08-H2,10,26842,1.0,0.03225,0.12317,0.3665,0.00296,0.50737,0.32918,0.16995,0.33355,304840.63714,199.50303,results/chips_neg20/site-11c15d6c-8f86d5f0/2025-08-H2.png
8f86d5f0-874f-11f0-9a7a-13b895de2e9d,site-11c15d6c-8f86d5f0,Site 11c15d6c,,266.2,2,negative,2025-03-H2,True,,2025-09-H1,11,26842,1.0,0.03662,0.0618,0.40872,0.00241,0.52708,0.25845,0.24905,0.34339,477809.7683,0.0,results/chips_neg20/site-11c15d6c-8f86d5f0/2025-09-H1.png
8f86d5f0-874f-11f0-9a7a-13b895de2e9d,site-11c15d6c-8f86d5f0,Site 11c15d6c,,266.2,2,negative,2025-03-H2,True,,2025-09-H2,12,26842,1.0,0.03687,0.06334,0.4059,0.00309,0.52766,0.28955,0.24045,0.33845,509031.99324,299.25455,results/chips_neg20/site-11c15d6c-8f86d5f0/2025-09-H2.png
8f86d5f0-874f-11f0-9a7a-13b895de2e9d,site-11c15d6c-8f86d5f0,Site 11c15d6c,,266.2,2,negative,2025-03-H2,True,,2025-10-H1,13,26842,1.0,0.03758,0.07329,0.37671,0.00213,0.54787,0.29448,0.23676,0.33107,320102.61931,0.0,results/chips_neg20/site-11c15d6c-8f86d5f0/2025-10-H1.png
8f86d5f0-874f-11f0-9a7a-13b895de2e9d,site-11c15d6c-8f86d5f0,Site 11c15d6c,,266.2,2,negative,2025-03-H2,True,,2025-10-H2,14,26842,1.0,0.03991,0.03829,0.40642,0.00322,0.55207,0.2345,0.27673,0.33455,519705.4056,0.0,results/chips_neg20/site-11c15d6c-8f86d5f0/2025-10-H2.png
8f86d5f0-874f-11f0-9a7a-13b895de2e9d,site-11c15d6c-8f86d5f0,Site 11c15d6c,,266.2,2,negative,2025-03-H2,True,,2025-11-H1,15,26842,1.0,0.03428,0.02915,0.43209,0.00331,0.53545,0.19825,0.26646,0.33721,663447.34216,0.0,results/chips_neg20/site-11c15d6c-8f86d5f0/2025-11-H1.png
8f86d5f0-874f-11f0-9a7a-13b895de2e9d,site-11c15d6c-8f86d5f0,Site 11c15d6c,,266.2,2,negative,2025-03-H2,True,,2025-11-H2,16,26842,1.0,0.03318,0.03739,0.47013,0.00451,0.48797,0.18978,0.26047,0.36095,952028.48197,0.0,results/chips_neg20/site-11c15d6c-8f86d5f0/2025-11-H2.png
8f86d5f0-874f-11f0-9a7a-13b895de2e9d,site-11c15d6c-8f86d5f0,Site 11c15d6c,,266.2,2,negative,2025-03-H2,True,,2025-12-H1,17,26842,1.0,0.03237,0.01328,0.43795,0.00361,0.54516,0.17313,0.27815,0.33332,692175.77917,0.0,results/chips_neg20/site-11c15d6c-8f86d5f0/2025-12-H1.png
8f86d5f0-874f-11f0-9a7a-13b895de2e9d,site-11c15d6c-8f86d5f0,Site 11c15d6c,,266.2,2,negative,2025-03-H2,True,,2025-12-H2,18,26842,1.0,0.0363,0.01947,0.42061,0.00335,0.55657,0.1701,0.28896,0.33445,558808.00042,0.0,results/chips_neg20/site-11c15d6c-8f86d5f0/2025-12-H2.png
8f86d5f0-874f-11f0-9a7a-13b895de2e9d,site-11c15d6c-8f86d5f0,Site 11c15d6c,,266.2,2,negative,2025-03-H2,True,,2026-01-H1,19,26842,1.0,0.03534,0.01978,0.43912,0.00336,0.53774,0.1641,0.28678,0.34339,697861.61566,0.0,results/chips_neg20/site-11c15d6c-8f86d5f0/2026-01-H1.png
8f86d5f0-874f-11f0-9a7a-13b895de2e9d,site-11c15d6c-8f86d5f0,Site 11c15d6c,,266.2,2,negative,2025-03-H2,True,,2026-01-H2,20,26842,1.0,0.02985,0.03114,0.47679,0.00484,0.48723,0.16876,0.25391,0.35695,1008487.84082,0.0,results/chips_neg20/site-11c15d6c-8f86d5f0/2026-01-H2.png
8f86d5f0-874f-11f0-9a7a-13b895de2e9d,site-11c15d6c-8f86d5f0,Site 11c15d6c,,266.2,2,negative,2025-03-H2,True,,2026-02-H1,21,26842,1.0,0.03168,0.01727,0.44805,0.00248,0.5322,0.15661,0.27493,0.34078,764894.63535,0.0,results/chips_neg20/site-11c15d6c-8f86d5f0/2026-02-H1.png
8f86d5f0-874f-11f0-9a7a-13b895de2e9d,site-11c15d6c-8f86d5f0,Site 11c15d6c,,266.2,2,negative,2025-03-H2,True,,2026-02-H2,22,26842,1.0,0.02745,0.0099,0.49282,0.00422,0.49305,0.14965,0.26387,0.3514,1146144.93481,0.0,results/chips_neg20/site-11c15d6c-8f86d5f0/2026-02-H2.png
8f86d5f0-874f-11f0-9a7a-13b895de2e9d,site-11c15d6c-8f86d5f0,Site 11c15d6c,,266.2,2,negative,2025-03-H2,True,,2026-03-H1,23,26842,1.0,0.02757,0.00875,0.49956,0.00314,0.48855,0.14659,0.26866,0.3553,1217567.02127,0.0,results/chips_neg20/site-11c15d6c-8f86d5f0/2026-03-H1.png
8f86d5f0-874f-11f0-9a7a-13b895de2e9d,site-11c15d6c-8f86d5f0,Site 11c15d6c,,266.2,2,negative,2025-03-H2,True,,2026-03-H2,24,26842,1.0,0.02746,0.00303,0.54845,0.00326,0.44526,0.14202,0.27337,0.37274,1537669.64057,0.0,results/chips_neg20/site-11c15d6c-8f86d5f0/2026-03-H2.png
8f86d5f0-874f-11f0-9a7a-13b895de2e9d,site-11c15d6c-8f86d5f0,Site 11c15d6c,,266.2,2,negative,2025-03-H2,True,,2026-04-H1,25,26842,1.0,0.02627,0.0095,0.55405,0.00343,0.43302,0.1534,0.25887,0.37589,1601809.86625,0.0,results/chips_neg20/site-11c15d6c-8f86d5f0/2026-04-H1.png
8f86d5f0-874f-11f0-9a7a-13b895de2e9d,site-11c15d6c-8f86d5f0,Site 11c15d6c,,266.2,2,negative,2025-03-H2,True,,2026-04-H2,26,26842,1.0,0.02206,0.01409,0.68093,0.00705,0.29793,0.14263,0.24464,0.43608,2669949.11447,0.0,results/chips_neg20/site-11c15d6c-8f86d5f0/2026-04-H2.png
8f86d5f0-874f-11f0-9a7a-13b895de2e9d,site-11c15d6c-8f86d5f0,Site 11c15d6c,,266.2,2,negative,2025-03-H2,True,,2026-05-H1,27,26842,1.0,0.02246,0.0061,0.6823,0.00617,0.30543,0.15153,0.25521,0.43251,2667754.58109,299.25455,results/chips_neg20/site-11c15d6c-8f86d5f0/2026-05-H1.png
8f86d5f0-874f-11f0-9a7a-13b895de2e9d,site-11c15d6c-8f86d5f0,Site 11c15d6c,,266.2,2,negative,2025-03-H2,True,,2026-05-H2,28,26842,1.0,0.02999,0.00052,0.67089,0.00499,0.3236,0.13886,0.29226,0.41788,2667056.32046,299.25455,results/chips_neg20/site-11c15d6c-8f86d5f0/2026-05-H2.png
8f86d5f0-874f-11f0-9a7a-13b895de2e9d,site-11c15d6c-8f86d5f0,Site 11c15d6c,,266.2,2,negative,2025-03-H2,True,,2026-06-H1,29,26829,1.0,0.03485,0.00099,0.56516,0.004,0.42985,0.15594,0.31659,0.38812,1576871.98691,698.26062,results/chips_neg20/site-11c15d6c-8f86d5f0/2026-06-H1.png
8f86d5f0-874f-11f0-9a7a-13b895de2e9d,site-11c15d6c-8f86d5f0,Site 11c15d6c,,266.2,2,negative,2025-03-H2,True,,2026-06-H2,30,26842,1.0,0.03008,0.00108,0.66916,0.00542,0.32435,0.16449,0.2913,0.42631,2665260.79315,299.25455,results/chips_neg20/site-11c15d6c-8f86d5f0/2026-06-H2.png
8f86d5f0-874f-11f0-9a7a-13b895de2e9d,site-11c15d6c-8f86d5f0,Site 11c15d6c,,266.2,2,negative,2025-03-H2,True,,2026-07-H1,31,26842,1.0,0.03227,0.01671,0.67605,0.0051,0.30215,0.2313,0.25859,0.43149,2665360.54467,1296.76973,results/chips_neg20/site-11c15d6c-8f86d5f0/2026-07-H1.png
8f86d5f0-874f-11f0-9a7a-13b895de2e9d,site-11c15d6c-8f86d5f0,Site 11c15d6c,,266.2,2,negative,2025-03-H2,True,,2026-07-H2,32,26842,1.0,0.03319,0.00393,0.62809,0.00493,0.36305,0.19118,0.28244,0.41158,2436730.06681,1197.01821,results/chips_neg20/site-11c15d6c-8f86d5f0/2026-07-H2.png
8f86d5f0-874f-11f0-9a7a-13b895de2e9d,site-11c15d6c-8f86d5f0,Site 11c15d6c,,266.2,2,negative,2025-03-H2,True,,2026-08-H1,33,26842,1.0,0.03051,0.00076,0.67468,0.00505,0.31951,0.14743,0.29161,0.43222,2664762.03556,1097.26669,results/chips_neg20/site-11c15d6c-8f86d5f0/2026-08-H1.png
8f86d5f0-874f-11f0-9a7a-13b895de2e9d,site-11c15d6c-8f86d5f0,Site 11c15d6c,,266.2,2,negative,2025-03-H2,True,,2026-08-H2,34,26842,1.0,0.03258,0.00073,0.71934,0.00567,0.27425,0.14037,0.3026,0.46028,2661869.24156,0.0,results/chips_neg20/site-11c15d6c-8f86d5f0/2026-08-H2.png
8f86d5f0-874f-11f0-9a7a-13b895de2e9d,site-11c15d6c-8f86d5f0,Site 11c15d6c,,266.2,2,negative,2025-03-H2,True,,2026-09-H1,35,25016,0.9414,0.02945,0.00015,0.71229,0.00604,0.28153,0.11845,0.30427,0.45317,2480421.23143,0.0,results/chips_neg20/site-11c15d6c-8f86d5f0/2026-09-H1.png
3df356a0-799d-11f1-988f-29f69c61740b,site-170d85db-3df356a0,Site 170d85db,,10.47,4,negative,2025-12-H1,True,,2023-01-H2,-69,28,0.0268,0.04266,0.0,0.28166,0.43924,0.27909,0.01663,0.00485,0.41446,499.42274,998.84548,results/chips_neg20/site-170d85db-3df356a0/2023-01-H2.png
3df356a0-799d-11f1-988f-29f69c61740b,site-170d85db-3df356a0,Site 170d85db,,10.47,4,negative,2025-12-H1,True,,2023-02-H1,-68,1124,1.0,0.02425,0.11502,0.05541,0.18643,0.64314,0.12568,-0.1336,0.22325,0.0,1598.15277,results/chips_neg20/site-170d85db-3df356a0/2023-02-H1.png
3df356a0-799d-11f1-988f-29f69c61740b,site-170d85db-3df356a0,Site 170d85db,,10.47,4,negative,2025-12-H1,True,,2023-02-H2,-67,1124,1.0,0.02333,0.03439,0.60525,0.15459,0.20576,0.1221,0.09839,0.43483,85201.51954,1098.73003,results/chips_neg20/site-170d85db-3df356a0/2023-02-H2.png
3df356a0-799d-11f1-988f-29f69c61740b,site-170d85db-3df356a0,Site 170d85db,,10.47,4,negative,2025-12-H1,True,,2023-03-H1,-66,1124,1.0,0.02315,0.04131,0.55138,0.16039,0.24692,0.12912,0.0834,0.4158,72915.72012,1298.49913,results/chips_neg20/site-170d85db-3df356a0/2023-03-H1.png
3df356a0-799d-11f1-988f-29f69c61740b,site-170d85db-3df356a0,Site 170d85db,,10.47,4,negative,2025-12-H1,True,,2023-03-H2,-65,1009,0.9665,0.02521,0.05439,0.59125,0.18658,0.16778,0.15524,0.06491,0.44666,74014.45015,2397.22915,results/chips_neg20/site-170d85db-3df356a0/2023-03-H2.png
3df356a0-799d-11f1-988f-29f69c61740b,site-170d85db-3df356a0,Site 170d85db,,10.47,4,negative,2025-12-H1,True,,2023-04-H2,-63,1112,1.0,0.02635,0.06496,0.55355,0.18435,0.19714,0.15853,0.06635,0.44149,74314.1038,1897.80641,results/chips_neg20/site-170d85db-3df356a0/2023-04-H2.png
3df356a0-799d-11f1-988f-29f69c61740b,site-170d85db-3df356a0,Site 170d85db,,10.47,4,negative,2025-12-H1,True,,2023-05-H1,-62,459,0.4397,0.02944,0.07337,0.6169,0.22494,0.08478,0.18329,0.06073,0.49744,33760.97726,5193.9965,results/chips_neg20/site-170d85db-3df356a0/2023-05-H1.png
3df356a0-799d-11f1-988f-29f69c61740b,site-170d85db-3df356a0,Site 170d85db,,10.47,4,negative,2025-12-H1,True,,2023-05-H2,-61,878,0.841,0.02511,0.05793,0.59412,0.1822,0.16574,0.15883,0.09359,0.46153,64325.64899,1598.15277,results/chips_neg20/site-170d85db-3df356a0/2023-05-H2.png
3df356a0-799d-11f1-988f-29f69c61740b,site-170d85db-3df356a0,Site 170d85db,,10.47,4,negative,2025-12-H1,True,,2023-06-H2,-59,640,0.613,0.02261,0.08121,0.61456,0.15996,0.14427,0.18997,0.08146,0.46419,49043.31312,399.53819,results/chips_neg20/site-170d85db-3df356a0/2023-06-H2.png
3df356a0-799d-11f1-988f-29f69c61740b,site-170d85db-3df356a0,Site 170d85db,,10.47,4,negative,2025-12-H1,True,,2023-07-H2,-57,459,0.4397,0.02459,0.06108,0.66973,0.16943,0.09975,0.15086,0.09854,0.49387,40752.89563,299.65364,results/chips_neg20/site-170d85db-3df356a0/2023-07-H2.png
3df356a0-799d-11f1-988f-29f69c61740b,site-170d85db-3df356a0,Site 170d85db,,10.47,4,negative,2025-12-H1,True,,2023-08-H1,-56,878,0.841,0.03736,0.03413,0.65248,0.23597,0.07742,0.09682,0.10136,0.51467,70618.37552,10288.10846,results/chips_neg20/site-170d85db-3df356a0/2023-08-H1.png
3df356a0-799d-11f1-988f-29f69c61740b,site-170d85db-3df356a0,Site 170d85db,,10.47,4,negative,2025-12-H1,True,,2023-08-H2,-55,459,0.4397,0.02911,0.04884,0.66359,0.204,0.08358,0.11947,0.10221,0.51063,39554.28105,3196.30554,results/chips_neg20/site-170d85db-3df356a0/2023-08-H2.png
3df356a0-799d-11f1-988f-29f69c61740b,site-170d85db-3df356a0,Site 170d85db,,10.47,4,negative,2025-12-H1,True,,2023-09-H1,-54,640,0.613,0.0301,0.04192,0.68094,0.18306,0.09408,0.12028,0.11057,0.5003,57333.73062,2397.22915,results/chips_neg20/site-170d85db-3df356a0/2023-09-H1.png
3df356a0-799d-11f1-988f-29f69c61740b,site-170d85db-3df356a0,Site 170d85db,,10.47,4,negative,2025-12-H1,True,,2023-09-H2,-53,886,0.8487,0.02765,0.03567,0.63874,0.16995,0.15565,0.12829,0.10928,0.46585,71517.33645,998.84548,results/chips_neg20/site-170d85db-3df356a0/2023-09-H2.png
3df356a0-799d-11f1-988f-29f69c61740b,site-170d85db-3df356a0,Site 170d85db,,10.47,4,negative,2025-12-H1,True,,2023-10-H1,-52,49,0.0469,0.02702,0.08774,0.36391,0.16527,0.38309,0.20341,0.06469,0.36276,599.30729,699.19184,results/chips_neg20/site-170d85db-3df356a0/2023-10-H1.png
3df356a0-799d-11f1-988f-29f69c61740b,site-170d85db-3df356a0,Site 170d85db,,10.47,4,negative,2025-12-H1,True,,2023-10-H2,-51,1124,1.0,0.03268,0.05637,0.57198,0.22793,0.14372,0.14399,0.05994,0.47066,73115.48922,9389.14752,results/chips_neg20/site-170d85db-3df356a0/2023-10-H2.png
3df356a0-799d-11f1-988f-29f69c61740b,site-170d85db-3df356a0,Site 170d85db,,10.47,4,negative,2025-12-H1,True,,2023-11-H1,-50,1124,1.0,0.02412,0.04678,0.52902,0.1883,0.2359,0.13178,0.07696,0.42622,66223.4554,1398.38367,results/chips_neg20/site-170d85db-3df356a0/2023-11-H1.png
3df356a0-799d-11f1-988f-29f69c61740b,site-170d85db-3df356a0,Site 170d85db,,10.47,4,negative,2025-12-H1,True,,2023-11-H2,-49,1124,1.0,0.02889,0.04091,0.54625,0.19776,0.21508,0.13128,0.07809,0.43473,70518.49097,2397.22915,results/chips_neg20/site-170d85db-3df356a0/2023-11-H2.png
3df356a0-799d-11f1-988f-29f69c61740b,site-170d85db-3df356a0,Site 170d85db,,10.47,4,negative,2025-12-H1,True,,2023-12-H1,-48,1124,1.0,0.0278,0.04034,0.54872,0.19662,0.21433,0.12454,0.07805,0.43698,71217.68281,3196.30554,results/chips_neg20/site-170d85db-3df356a0/2023-12-H1.png
3df356a0-799d-11f1-988f-29f69c61740b,site-170d85db-3df356a0,Site 170d85db,,10.47,4,negative,2025-12-H1,True,,2023-12-H2,-47,1124,1.0,0.02363,0.04969,0.49251,0.18658,0.27123,0.13081,0.06239,0.40511,57533.49971,1598.15277,results/chips_neg20/site-170d85db-3df356a0/2023-12-H2.png
3df356a0-799d-11f1-988f-29f69c61740b,site-170d85db-3df356a0,Site 170d85db,,10.47,4,negative,2025-12-H1,True,,2024-01-H1,-46,1124,1.0,0.0204,0.07207,0.38563,0.16515,0.37715,0.13841,0.03881,0.35673,22673.79242,1398.38367,results/chips_neg20/site-170d85db-3df356a0/2024-01-H1.png
3df356a0-799d-11f1-988f-29f69c61740b,site-170d85db-3df356a0,Site 170d85db,,10.47,4,negative,2025-12-H1,True,,2024-01-H2,-45,1124,1.0,0.02854,0.02438,0.5896,0.1954,0.19062,0.10945,0.09049,0.44697,82704.40584,2896.6519,results/chips_neg20/site-170d85db-3df356a0/2024-01-H2.png
3df356a0-799d-11f1-988f-29f69c61740b,site-170d85db-3df356a0,Site 170d85db,,10.47,4,negative,2025-12-H1,True,,2024-02-H1,-44,1124,1.0,0.01941,0.06862,0.38177,0.17084,0.37877,0.134,0.04589,0.36138,17080.25773,1897.80641,results/chips_neg20/site-170d85db-3df356a0/2024-02-H1.png
3df356a0-799d-11f1-988f-29f69c61740b,site-170d85db-3df356a0,Site 170d85db,,10.47,4,negative,2025-12-H1,True,,2024-02-H2,-43,1124,1.0,0.02584,0.03802,0.57493,0.19307,0.19398,0.13142,0.07363,0.44062,78609.13937,1698.03732,results/chips_neg20/site-170d85db-3df356a0/2024-02-H2.png
3df356a0-799d-11f1-988f-29f69c61740b,site-170d85db-3df356a0,Site 170d85db,,10.47,4,negative,2025-12-H1,True,,2024-03-H1,-42,1124,1.0,0.01936,0.06887,0.42607,0.17337,0.33169,0.14618,0.04297,0.37711,35658.78368,1997.69096,results/chips_neg20/site-170d85db-3df356a0/2024-03-H1.png
3df356a0-799d-11f1-988f-29f69c61740b,site-170d85db-3df356a0,Site 170d85db,,10.47,4,negative,2025-12-H1,True,,2024-03-H2,-41,1124,1.0,0.02036,0.06903,0.47833,0.17833,0.27431,0.15748,0.04754,0.39969,52239.61866,1897.80641,results/chips_neg20/site-170d85db-3df356a0/2024-03-H2.png
3df356a0-799d-11f1-988f-29f69c61740b,site-170d85db-3df356a0,Site 170d85db,,10.47,4,negative,2025-12-H1,True,,2024-04-H1,-40,1124,1.0,0.02148,0.08313,0.51874,0.19261,0.20552,0.17615,0.03738,0.42783,66023.6863,1997.69096,results/chips_neg20/site-170d85db-3df356a0/2024-04-H1.png
3df356a0-799d-11f1-988f-29f69c61740b,site-170d85db-3df356a0,Site 170d85db,,10.47,4,negative,2025-12-H1,True,,2024-05-H1,-38,469,0.4492,0.015,0.07875,0.26637,0.08425,0.57063,0.18778,-0.01147,0.2746,13084.8758,0.0,results/chips_neg20/site-170d85db-3df356a0/2024-05-H1.png
3df356a0-799d-11f1-988f-29f69c61740b,site-170d85db-3df356a0,Site 170d85db,,10.47,4,negative,2025-12-H1,True,,2024-05-H2,-37,1124,1.0,0.01991,0.06315,0.5133,0.1682,0.25536,0.14377,0.06236,0.41128,63626.45715,1897.80641,results/chips_neg20/site-170d85db-3df356a0/2024-05-H2.png
3df356a0-799d-11f1-988f-29f69c61740b,site-170d85db-3df356a0,Site 170d85db,,10.47,4,negative,2025-12-H1,True,,2024-06-H1,-36,878,0.841,0.02838,0.06419,0.63553,0.18173,0.11855,0.16263,0.07839,0.47587,74014.45015,1897.80641,results/chips_neg20/site-170d85db-3df356a0/2024-06-H1.png
3df356a0-799d-11f1-988f-29f69c61740b,site-170d85db-3df356a0,Site 170d85db,,10.47,4,negative,2025-12-H1,True,,2024-06-H2,-35,38,0.0364,0.03662,0.09425,0.68492,0.18583,0.03499,0.16431,0.05815,0.51992,3196.30554,0.0,results/chips_neg20/site-170d85db-3df356a0/2024-06-H2.png
3df356a0-799d-11f1-988f-29f69c61740b,site-170d85db-3df356a0,Site 170d85db,,10.47,4,negative,2025-12-H1,True,,2024-07-H1,-34,878,0.841,0.02582,0.06704,0.62319,0.19651,0.11326,0.14994,0.07947,0.48248,69819.29913,3196.30554,results/chips_neg20/site-170d85db-3df356a0/2024-07-H1.png
3df356a0-799d-11f1-988f-29f69c61740b,site-170d85db-3df356a0,Site 170d85db,,10.47,4,negative,2025-12-H1,True,,2024-07-H2,-33,1124,1.0,0.02845,0.08054,0.67667,0.14954,0.09325,0.19854,0.07948,0.49193,93991.35978,998.84548,results/chips_neg20/site-170d85db-3df356a0/2024-07-H2.png
3df356a0-799d-11f1-988f-29f69c61740b,site-170d85db-3df356a0,Site 170d85db,,10.47,4,negative,2025-12-H1,True,,2024-08-H1,-32,878,0.841,0.02139,0.11134,0.5467,0.19678,0.14518,0.20464,0.02391,0.44803,57034.07697,1698.03732,results/chips_neg20/site-170d85db-3df356a0/2024-08-H1.png
3df356a0-799d-11f1-988f-29f69c61740b,site-170d85db-3df356a0,Site 170d85db,,10.47,4,negative,2025-12-H1,True,,2024-08-H2,-31,640,0.613,0.02321,0.08428,0.64343,0.16189,0.11039,0.17371,0.0839,0.48,53737.88689,399.53819,results/chips_neg20/site-170d85db-3df356a0/2024-08-H2.png
3df356a0-799d-11f1-988f-29f69c61740b,site-170d85db-3df356a0,Site 170d85db,,10.47,4,negative,2025-12-H1,True,,2024-09-H1,-30,1124,1.0,0.02513,0.07748,0.58735,0.18968,0.14549,0.16392,0.05032,0.45672,80706.71488,1797.92187,results/chips_neg20/site-170d85db-3df356a0/2024-09-H1.png
3df356a0-799d-11f1-988f-29f69c61740b,site-170d85db-3df356a0,Site 170d85db,,10.47,4,negative,2025-12-H1,True,,2024-09-H2,-29,1124,1.0,0.02507,0.07748,0.60512,0.16193,0.15548,0.16737,0.06809,0.45205,81206.13762,1897.80641,results/chips_neg20/site-170d85db-3df356a0/2024-09-H2.png
3df356a0-799d-11f1-988f-29f69c61740b,site-170d85db-3df356a0,Site 170d85db,,10.47,4,negative,2025-12-H1,True,,2024-10-H1,-28,1124,1.0,0.02809,0.05869,0.66619,0.14649,0.12863,0.14925,0.08827,0.46747,95090.0898,799.07638,results/chips_neg20/site-170d85db-3df356a0/2024-10-H1.png
3df356a0-799d-11f1-988f-29f69c61740b,site-170d85db-3df356a0,Site 170d85db,,10.47,4,negative,2025-12-H1,True,,2024-10-H2,-27,1124,1.0,0.02672,0.06698,0.63248,0.17051,0.13003,0.14458,0.07613,0.46849,91494.24607,2197.46006,results/chips_neg20/site-170d85db-3df356a0/2024-10-H2.png
3df356a0-799d-11f1-988f-29f69c61740b,site-170d85db-3df356a0,Site 170d85db,,10.47,4,negative,2025-12-H1,True,,2024-11-H1,-26,1124,1.0,0.02285,0.08498,0.49688,0.13389,0.28425,0.16496,0.06437,0.39623,61329.11254,1498.26822,results/chips_neg20/site-170d85db-3df356a0/2024-11-H1.png
3df356a0-799d-11f1-988f-29f69c61740b,site-170d85db-3df356a0,Site 170d85db,,10.47,4,negative,2025-12-H1,True,,2024-11-H2,-25,1124,1.0,0.02223,0.10483,0.42491,0.13731,0.33296,0.17316,0.04208,0.3735,28866.6344,1598.15277,results/chips_neg20/site-170d85db-3df356a0/2024-11-H2.png
3df356a0-799d-11f1-988f-29f69c61740b,site-170d85db-3df356a0,Site 170d85db,,10.47,4,negative,2025-12-H1,True,,2024-12-H1,-24,1124,1.0,0.02255,0.10096,0.34065,0.11579,0.44261,0.15272,0.04811,0.33361,8290.41749,1498.26822,results/chips_neg20/site-170d85db-3df356a0/2024-12-H1.png
3df356a0-799d-11f1-988f-29f69c61740b,site-170d85db-3df356a0,Site 170d85db,,10.47,4,negative,2025-12-H1,True,,2024-12-H2,-23,1124,1.0,0.02218,0.06613,0.43983,0.11236,0.38168,0.13555,0.08071,0.35907,40353.35744,1298.49913,results/chips_neg20/site-170d85db-3df356a0/2024-12-H2.png
3df356a0-799d-11f1-988f-29f69c61740b,site-170d85db-3df356a0,Site 170d85db,,10.47,4,negative,2025-12-H1,True,,2025-01-H1,-22,1124,1.0,0.02187,0.03969,0.5757,0.12524,0.25936,0.12382,0.10387,0.4123,82504.63674,699.19184,results/chips_neg20/site-170d85db-3df356a0/2025-01-H1.png
3df356a0-799d-11f1-988f-29f69c61740b,site-170d85db-3df356a0,Site 170d85db,,10.47,4,negative,2025-12-H1,True,,2025-01-H2,-21,1124,1.0,0.02415,0.0473,0.60724,0.13034,0.21511,0.12802,0.09788,0.42874,88098.17144,1298.49913,results/chips_neg20/site-170d85db-3df356a0/2025-01-H2.png
3df356a0-799d-11f1-988f-29f69c61740b,site-170d85db-3df356a0,Site 170d85db,,10.47,4,negative,2025-12-H1,True,,2025-02-H1,-20,1124,1.0,0.02441,0.04765,0.58393,0.1575,0.21092,0.11687,0.08139,0.42937,86400.13412,1398.38367,results/chips_neg20/site-170d85db-3df356a0/2025-02-H1.png
3df356a0-799d-11f1-988f-29f69c61740b,site-170d85db-3df356a0,Site 170d85db,,10.47,4,negative,2025-12-H1,True,,2025-02-H2,-19,1124,1.0,0.02394,0.04746,0.61433,0.14802,0.1902,0.12461,0.09356,0.44315,90894.93878,1698.03732,results/chips_neg20/site-170d85db-3df356a0/2025-02-H2.png
3df356a0-799d-11f1-988f-29f69c61740b,site-170d85db-3df356a0,Site 170d85db,,10.47,4,negative,2025-12-H1,True,,2025-03-H1,-18,1124,1.0,0.02108,0.09921,0.34872,0.13403,0.41804,0.14129,0.02434,0.33711,10787.5312,1897.80641,results/chips_neg20/site-170d85db-3df356a0/2025-03-H1.png
3df356a0-799d-11f1-988f-29f69c61740b,site-170d85db-3df356a0,Site 170d85db,,10.47,4,negative,2025-12-H1,True,,2025-03-H2,-17,1124,1.0,0.03527,0.03852,0.6941,0.1832,0.08418,0.13833,0.08782,0.5028,103979.81459,1698.03732,results/chips_neg20/site-170d85db-3df356a0/2025-03-H2.png
3df356a0-799d-11f1-988f-29f69c61740b,site-170d85db-3df356a0,Site 170d85db,,10.47,4,negative,2025-12-H1,True,,2025-04-H1,-16,1124,1.0,0.02927,0.05934,0.64291,0.18181,0.11593,0.16002,0.07328,0.48364,88897.24782,1398.38367,results/chips_neg20/site-170d85db-3df356a0/2025-04-H1.png
3df356a0-799d-11f1-988f-29f69c61740b,site-170d85db-3df356a0,Site 170d85db,,10.47,4,negative,2025-12-H1,True,,2025-05-H1,-14,1124,1.0,0.02153,0.12004,0.4029,0.16169,0.31537,0.18463,0.00366,0.37241,29465.94169,1997.69096,results/chips_neg20/site-170d85db-3df356a0/2025-05-H1.png
3df356a0-799d-11f1-988f-29f69c61740b,site-170d85db-3df356a0,Site 170d85db,,10.47,4,negative,2025-12-H1,True,,2025-05-H2,-13,878,0.841,0.03475,0.07571,0.62888,0.18887,0.10655,0.18312,0.0724,0.49211,69519.64549,1897.80641,results/chips_neg20/site-170d85db-3df356a0/2025-05-H2.png
3df356a0-799d-11f1-988f-29f69c61740b,site-170d85db-3df356a0,Site 170d85db,,10.47,4,negative,2025-12-H1,True,,2025-06-H1,-12,1124,1.0,0.03471,0.06234,0.65677,0.16935,0.11153,0.16894,0.09207,0.49565,89796.20875,1498.26822,results/chips_neg20/site-170d85db-3df356a0/2025-06-H1.png
3df356a0-799d-11f1-988f-29f69c61740b,site-170d85db-3df356a0,Site 170d85db,,10.47,4,negative,2025-12-H1,True,,2025-06-H2,-11,1124,1.0,0.02982,0.098,0.55785,0.21417,0.12998,0.19514,0.04172,0.48125,73115.48922,2896.6519,results/chips_neg20/site-170d85db-3df356a0/2025-06-H2.png
3df356a0-799d-11f1-988f-29f69c61740b,site-170d85db-3df356a0,Site 170d85db,,10.47,4,negative,2025-12-H1,True,,2025-08-H1,-8,886,0.8487,0.02678,0.09414,0.61514,0.16685,0.12387,0.207,0.06624,0.48245,64525.41808,699.19184,results/chips_neg20/site-170d85db-3df356a0/2025-08-H1.png
3df356a0-799d-11f1-988f-29f69c61740b,site-170d85db-3df356a0,Site 170d85db,,10.47,4,negative,2025-12-H1,True,,2025-08-H2,-7,1124,1.0,0.02863,0.04062,0.68236,0.1648,0.11222,0.12819,0.12632,0.50106,100184.20176,1698.03732,results/chips_neg20/site-170d85db-3df356a0/2025-08-H2.png
3df356a0-799d-11f1-988f-29f69c61740b,site-170d85db-3df356a0,Site 170d85db,,10.47,4,negative,2025-12-H1,True,,2025-09-H1,-6,1124,1.0,0.03139,0.0408,0.67923,0.15577,0.1242,0.15266,0.11584,0.49109,97886.85715,1398.38367,results/chips_neg20/site-170d85db-3df356a0/2025-09-H1.png
3df356a0-799d-11f1-988f-29f69c61740b,site-170d85db-3df356a0,Site 170d85db,,10.47,4,negative,2025-12-H1,True,,2025-10-H1,-4,1124,1.0,0.02894,0.05309,0.62299,0.18124,0.14268,0.15367,0.10272,0.48616,89596.43966,2197.46006,results/chips_neg20/site-170d85db-3df356a0/2025-10-H1.png
3df356a0-799d-11f1-988f-29f69c61740b,site-170d85db-3df356a0,Site 170d85db,,10.47,4,negative,2025-12-H1,True,,2025-10-H2,-3,1124,1.0,0.02812,0.04826,0.6213,0.1716,0.15884,0.15304,0.08737,0.46413,90295.6315,2197.46006,results/chips_neg20/site-170d85db-3df356a0/2025-10-H2.png
3df356a0-799d-11f1-988f-29f69c61740b,site-170d85db-3df356a0,Site 170d85db,,10.47,4,negative,2025-12-H1,True,,2025-11-H1,-2,1124,1.0,0.0288,0.04311,0.63191,0.17084,0.15414,0.14684,0.09483,0.4688,90994.82333,1897.80641,results/chips_neg20/site-170d85db-3df356a0/2025-11-H1.png
3df356a0-799d-11f1-988f-29f69c61740b,site-170d85db-3df356a0,Site 170d85db,,10.47,4,negative,2025-12-H1,True,,2025-12-H1,0,1124,1.0,0.02686,0.02735,0.62908,0.14482,0.19875,0.1261,0.11764,0.44667,90495.40059,1398.38367,results/chips_neg20/site-170d85db-3df356a0/2025-12-H1.png
3df356a0-799d-11f1-988f-29f69c61740b,site-170d85db-3df356a0,Site 170d85db,,10.47,4,negative,2025-12-H1,True,,2025-12-H2,1,1124,1.0,0.02728,0.00918,0.66335,0.13535,0.19212,0.09049,0.17412,0.46922,95189.97435,1198.61458,results/chips_neg20/site-170d85db-3df356a0/2025-12-H2.png
3df356a0-799d-11f1-988f-29f69c61740b,site-170d85db-3df356a0,Site 170d85db,,10.47,4,negative,2025-12-H1,True,,2026-01-H1,2,1124,1.0,0.02633,0.01747,0.64306,0.15158,0.1879,0.11233,0.14247,0.46573,93292.16794,1398.38367,results/chips_neg20/site-170d85db-3df356a0/2026-01-H1.png
3df356a0-799d-11f1-988f-29f69c61740b,site-170d85db-3df356a0,Site 170d85db,,10.47,4,negative,2025-12-H1,True,,2026-01-H2,3,1124,1.0,0.22896,0.00566,0.0,0.73784,0.2565,-0.00972,-0.76862,0.07228,0.0,87898.40234,results/chips_neg20/site-170d85db-3df356a0/2026-01-H2.png
3df356a0-799d-11f1-988f-29f69c61740b,site-170d85db-3df356a0,Site 170d85db,,10.47,4,negative,2025-12-H1,True,,2026-02-H1,4,1124,1.0,0.02364,0.01791,0.67223,0.12972,0.18014,0.11194,0.14585,0.46385,100983.27814,1198.61458,results/chips_neg20/site-170d85db-3df356a0/2026-02-H1.png
3df356a0-799d-11f1-988f-29f69c61740b,site-170d85db-3df356a0,Site 170d85db,,10.47,4,negative,2025-12-H1,True,,2026-02-H2,5,1124,1.0,0.03204,0.01652,0.69172,0.1575,0.13427,0.1185,0.13024,0.48474,103680.16094,1598.15277,results/chips_neg20/site-170d85db-3df356a0/2026-02-H2.png
3df356a0-799d-11f1-988f-29f69c61740b,site-170d85db-3df356a0,Site 170d85db,,10.47,4,negative,2025-12-H1,True,,2026-03-H1,6,1124,1.0,0.02298,0.06215,0.60282,0.15653,0.1785,0.16479,0.08671,0.45402,80307.17668,1498.26822,results/chips_neg20/site-170d85db-3df356a0/2026-03-H1.png
3df356a0-799d-11f1-988f-29f69c61740b,site-170d85db-3df356a0,Site 170d85db,,10.47,4,negative,2025-12-H1,True,,2026-03-H2,7,1124,1.0,0.03114,0.04944,0.66365,0.17596,0.11095,0.15657,0.09252,0.49131,94191.12887,1897.80641,results/chips_neg20/site-170d85db-3df356a0/2026-03-H2.png
3df356a0-799d-11f1-988f-29f69c61740b,site-170d85db-3df356a0,Site 170d85db,,10.47,4,negative,2025-12-H1,True,,2026-05-H1,10,1124,1.0,0.02676,0.09705,0.59217,0.18402,0.12675,0.2182,0.04915,0.47547,80207.29214,2497.1137,results/chips_neg20/site-170d85db-3df356a0/2026-05-H1.png
3df356a0-799d-11f1-988f-29f69c61740b,site-170d85db-3df356a0,Site 170d85db,,10.47,4,negative,2025-12-H1,True,,2026-05-H2,11,1124,1.0,0.01684,0.10488,0.47038,0.11899,0.30575,0.21048,0.05758,0.38853,46745.96852,1598.15277,results/chips_neg20/site-170d85db-3df356a0/2026-05-H2.png
3df356a0-799d-11f1-988f-29f69c61740b,site-170d85db-3df356a0,Site 170d85db,,10.47,4,negative,2025-12-H1,True,,2026-06-H1,12,1124,1.0,0.02262,0.07334,0.63818,0.167,0.12148,0.18029,0.08873,0.48412,90595.28514,2197.46006,results/chips_neg20/site-170d85db-3df356a0/2026-06-H1.png
3df356a0-799d-11f1-988f-29f69c61740b,site-170d85db-3df356a0,Site 170d85db,,10.47,4,negative,2025-12-H1,True,,2026-06-H2,13,1124,1.0,0.02322,0.09935,0.6254,0.15956,0.11569,0.21799,0.0534,0.47043,86200.36502,1398.38367,results/chips_neg20/site-170d85db-3df356a0/2026-06-H2.png
3df356a0-799d-11f1-988f-29f69c61740b,site-170d85db-3df356a0,Site 170d85db,,10.47,4,negative,2025-12-H1,True,,2026-07-H1,14,878,0.841,0.02297,0.10084,0.61289,0.16476,0.12152,0.21018,0.07062,0.47831,66123.57085,1598.15277,results/chips_neg20/site-170d85db-3df356a0/2026-07-H1.png
3df356a0-799d-11f1-988f-29f69c61740b,site-170d85db-3df356a0,Site 170d85db,,10.47,4,negative,2025-12-H1,True,,2026-07-H2,15,1124,1.0,0.02188,0.09783,0.62018,0.15853,0.12347,0.21598,0.07159,0.47903,86200.36502,1797.92187,results/chips_neg20/site-170d85db-3df356a0/2026-07-H2.png
3df356a0-799d-11f1-988f-29f69c61740b,site-170d85db-3df356a0,Site 170d85db,,10.47,4,negative,2025-12-H1,True,,2026-08-H1,16,1124,1.0,0.02334,0.07996,0.64477,0.17695,0.09831,0.17513,0.08433,0.49869,94191.12887,1897.80641,results/chips_neg20/site-170d85db-3df356a0/2026-08-H1.png
3df356a0-799d-11f1-988f-29f69c61740b,site-170d85db-3df356a0,Site 170d85db,,10.47,4,negative,2025-12-H1,True,,2026-08-H2,17,1124,1.0,0.0269,0.08158,0.64241,0.19313,0.08288,0.17779,0.06301,0.49799,95289.8589,2497.1137,results/chips_neg20/site-170d85db-3df356a0/2026-08-H2.png
3df356a0-799d-11f1-988f-29f69c61740b,site-170d85db-3df356a0,Site 170d85db,,10.47,4,negative,2025-12-H1,True,,2026-09-H1,18,1124,1.0,0.02669,0.06598,0.66155,0.19721,0.07527,0.14486,0.09628,0.51886,100883.3936,2696.8828,results/chips_neg20/site-170d85db-3df356a0/2026-09-H1.png
78c8add0-edb0-11f0-a6f2-151163ec42ba,site-285eb293-78c8add0,Site 285eb293,,153.45,4,negative,2026-01-H2,True,,2023-01-H1,-73,15597,1.0,0.04662,0.12721,0.01607,0.00011,0.85661,0.60749,0.03139,0.15536,0.0,0.0,results/chips_neg20/site-285eb293-78c8add0/2023-01-H1.png
78c8add0-edb0-11f0-a6f2-151163ec42ba,site-285eb293-78c8add0,Site 285eb293,,153.45,4,negative,2026-01-H2,True,,2023-02-H1,-71,574,0.0375,0.03187,0.13032,0.05746,0.0,0.81222,0.46275,0.07242,0.18663,0.0,0.0,results/chips_neg20/site-285eb293-78c8add0/2023-02-H1.png
78c8add0-edb0-11f0-a6f2-151163ec42ba,site-285eb293-78c8add0,Site 285eb293,,153.45,4,negative,2026-01-H2,True,,2023-02-H2,-70,15663,1.0,0.04392,0.14105,0.05603,0.00023,0.80269,0.53966,0.07703,0.19101,2496.23679,0.0,results/chips_neg20/site-285eb293-78c8add0/2023-02-H2.png
78c8add0-edb0-11f0-a6f2-151163ec42ba,site-285eb293-78c8add0,Site 285eb293,,153.45,4,negative,2026-01-H2,True,,2023-03-H1,-69,15541,1.0,0.03313,0.15677,0.09219,0.00032,0.75072,0.4983,0.05455,0.20879,3295.03257,0.0,results/chips_neg20/site-285eb293-78c8add0/2023-03-H1.png
78c8add0-edb0-11f0-a6f2-151163ec42ba,site-285eb293-78c8add0,Site 285eb293,,153.45,4,negative,2026-01-H2,True,,2023-04-H1,-67,14608,0.9537,0.03378,0.27707,0.02193,0.00046,0.70054,0.72594,-0.1556,0.18054,99.84947,0.0,results/chips_neg20/site-285eb293-78c8add0/2023-04-H1.png
78c8add0-edb0-11f0-a6f2-151163ec42ba,site-285eb293-78c8add0,Site 285eb293,,153.45,4,negative,2026-01-H2,True,,2023-04-H2,-66,15161,0.9898,0.02699,0.34083,0.04385,0.0007,0.61462,0.7337,-0.1822,0.20404,5491.72095,0.0,results/chips_neg20/site-285eb293-78c8add0/2023-04-H2.png
78c8add0-edb0-11f0-a6f2-151163ec42ba,site-285eb293-78c8add0,Site 285eb293,,153.45,4,negative,2026-01-H2,True,,2023-05-H1,-65,15647,1.0,0.03118,0.33791,0.01633,0.0005,0.64526,0.77934,-0.23745,0.17668,698.9463,0.0,results/chips_neg20/site-285eb293-78c8add0/2023-05-H1.png
78c8add0-edb0-11f0-a6f2-151163ec42ba,site-285eb293-78c8add0,Site 285eb293,,153.45,4,negative,2026-01-H2,True,,2023-06-H2,-62,15631,1.0,0.02917,0.35943,0.01753,0.00035,0.62269,0.80196,-0.25329,0.17955,1797.29049,0.0,results/chips_neg20/site-285eb293-78c8add0/2023-06-H2.png
78c8add0-edb0-11f0-a6f2-151163ec42ba,site-285eb293-78c8add0,Site 285eb293,,153.45,4,negative,2026-01-H2,True,,2023-07-H2,-60,15659,1.0,0.03353,0.3286,0.00866,0.00031,0.66242,0.8088,-0.26842,0.16257,299.54842,0.0,results/chips_neg20/site-285eb293-78c8add0/2023-07-H2.png
78c8add0-edb0-11f0-a6f2-151163ec42ba,site-285eb293-78c8add0,Site 285eb293,,153.45,4,negative,2026-01-H2,True,,2023-08-H1,-59,15647,1.0,0.03268,0.30978,0.01789,0.00036,0.67197,0.79486,-0.2318,0.17,9186.1514,0.0,results/chips_neg20/site-285eb293-78c8add0/2023-08-H1.png
78c8add0-edb0-11f0-a6f2-151163ec42ba,site-285eb293-78c8add0,Site 285eb293,,153.45,4,negative,2026-01-H2,True,,2023-08-H2,-58,15639,1.0,0.03403,0.29191,0.02177,0.0003,0.68602,0.77829,-0.21545,0.16952,6989.46302,0.0,results/chips_neg20/site-285eb293-78c8add0/2023-08-H2.png
78c8add0-edb0-11f0-a6f2-151163ec42ba,site-285eb293-78c8add0,Site 285eb293,,153.45,4,negative,2026-01-H2,True,,2023-09-H1,-57,15647,1.0,0.03546,0.30004,0.01401,0.00041,0.68555,0.80114,-0.25421,0.15888,1198.19366,0.0,results/chips_neg20/site-285eb293-78c8add0/2023-09-H1.png
78c8add0-edb0-11f0-a6f2-151163ec42ba,site-285eb293-78c8add0,Site 285eb293,,153.45,4,negative,2026-01-H2,True,,2023-09-H2,-56,15631,1.0,0.03795,0.27543,0.00503,0.00024,0.7193,0.80065,-0.26513,0.14517,299.54842,0.0,results/chips_neg20/site-285eb293-78c8add0/2023-09-H2.png
78c8add0-edb0-11f0-a6f2-151163ec42ba,site-285eb293-78c8add0,Site 285eb293,,153.45,4,negative,2026-01-H2,True,,2023-10-H1,-55,15635,1.0,0.04323,0.24407,0.00917,0.00023,0.74652,0.79696,-0.23195,0.14305,599.09683,0.0,results/chips_neg20/site-285eb293-78c8add0/2023-10-H1.png
78c8add0-edb0-11f0-a6f2-151163ec42ba,site-285eb293-78c8add0,Site 285eb293,,153.45,4,negative,2026-01-H2,True,,2023-10-H2,-54,12729,0.831,0.04028,0.20717,0.01334,0.0007,0.77879,0.71827,-0.15406,0.15086,599.09683,0.0,results/chips_neg20/site-285eb293-78c8add0/2023-10-H2.png
78c8add0-edb0-11f0-a6f2-151163ec42ba,site-285eb293-78c8add0,Site 285eb293,,153.45,4,negative,2026-01-H2,True,,2023-11-H1,-53,15654,1.0,0.04365,0.19614,0.01256,0.00015,0.79115,0.71628,-0.12875,0.15071,698.9463,0.0,results/chips_neg20/site-285eb293-78c8add0/2023-11-H1.png
78c8add0-edb0-11f0-a6f2-151163ec42ba,site-285eb293-78c8add0,Site 285eb293,,153.45,4,negative,2026-01-H2,True,,2023-12-H1,-51,14702,0.9598,0.04617,0.16143,0.00987,7e-05,0.82863,0.66127,-0.05388,0.15119,0.0,0.0,results/chips_neg20/site-285eb293-78c8add0/2023-12-H1.png
78c8add0-edb0-11f0-a6f2-151163ec42ba,site-285eb293-78c8add0,Site 285eb293,,153.45,4,negative,2026-01-H2,True,,2024-01-H2,-48,15560,1.0,0.04257,0.15211,0.01672,0.00019,0.83099,0.61403,-0.02534,0.15647,0.0,0.0,results/chips_neg20/site-285eb293-78c8add0/2024-01-H2.png
78c8add0-edb0-11f0-a6f2-151163ec42ba,site-285eb293-78c8add0,Site 285eb293,,153.45,4,negative,2026-01-H2,True,,2024-02-H1,-47,5003,0.3266,0.04113,0.16063,0.03644,0.0,0.80293,0.55032,0.05024,0.18621,0.0,0.0,results/chips_neg20/site-285eb293-78c8add0/2024-02-H1.png
78c8add0-edb0-11f0-a6f2-151163ec42ba,site-285eb293-78c8add0,Site 285eb293,,153.45,4,negative,2026-01-H2,True,,2024-02-H2,-46,15663,1.0,0.03959,0.16898,0.04077,0.00028,0.78997,0.56133,0.00614,0.18241,1497.74208,0.0,results/chips_neg20/site-285eb293-78c8add0/2024-02-H2.png
78c8add0-edb0-11f0-a6f2-151163ec42ba,site-285eb293-78c8add0,Site 285eb293,,153.45,4,negative,2026-01-H2,True,,2024-03-H1,-45,5363,0.3501,0.0268,0.19535,0.07824,3e-05,0.72639,0.50407,-0.00252,0.20645,0.0,0.0,results/chips_neg20/site-285eb293-78c8add0/2024-03-H1.png
78c8add0-edb0-11f0-a6f2-151163ec42ba,site-285eb293-78c8add0,Site 285eb293,,153.45,4,negative,2026-01-H2,True,,2024-03-H2,-44,15572,1.0,0.03376,0.19345,0.07413,0.00043,0.732,0.56541,0.0032,0.20606,3794.27993,0.0,results/chips_neg20/site-285eb293-78c8add0/2024-03-H2.png
78c8add0-edb0-11f0-a6f2-151163ec42ba,site-285eb293-78c8add0,Site 285eb293,,153.45,4,negative,2026-01-H2,True,,2024-04-H1,-43,15647,1.0,0.0309,0.29753,0.02649,0.00035,0.67563,0.73563,-0.17127,0.18567,2196.68838,0.0,results/chips_neg20/site-285eb293-78c8add0/2024-04-H1.png
78c8add0-edb0-11f0-a6f2-151163ec42ba,site-285eb293-78c8add0,Site 285eb293,,153.45,4,negative,2026-01-H2,True,,2024-04-H2,-42,15659,1.0,0.03031,0.34709,0.02024,0.0004,0.63227,0.78391,-0.24379,0.17897,1897.13996,0.0,results/chips_neg20/site-285eb293-78c8add0/2024-04-H2.png
78c8add0-edb0-11f0-a6f2-151163ec42ba,site-285eb293-78c8add0,Site 285eb293,,153.45,4,negative,2026-01-H2,True,,2024-05-H1,-41,2670,0.1743,0.01712,0.42335,0.03381,0.0264,0.51644,0.69422,-0.29971,0.20237,998.49472,99.84947,results/chips_neg20/site-285eb293-78c8add0/2024-05-H1.png
78c8add0-edb0-11f0-a6f2-151163ec42ba,site-285eb293-78c8add0,Site 285eb293,,153.45,4,negative,2026-01-H2,True,,2024-05-H2,-40,15659,1.0,0.02957,0.39623,0.01891,0.00051,0.58434,0.82129,-0.30029,0.17585,2096.83891,0.0,results/chips_neg20/site-285eb293-78c8add0/2024-05-H2.png
78c8add0-edb0-11f0-a6f2-151163ec42ba,site-285eb293-78c8add0,Site 285eb293,,153.45,4,negative,2026-01-H2,True,,2024-06-H1,-39,15646,1.0,0.03187,0.38253,0.01861,0.00054,0.59833,0.81929,-0.28615,0.17627,1897.13996,0.0,results/chips_neg20/site-285eb293-78c8add0/2024-06-H1.png
78c8add0-edb0-11f0-a6f2-151163ec42ba,site-285eb293-78c8add0,Site 285eb293,,153.45,4,negative,2026-01-H2,True,,2024-06-H2,-38,2454,0.1602,0.01672,0.44737,0.04392,0.00981,0.49891,0.71133,-0.28132,0.2105,798.79577,0.0,results/chips_neg20/site-285eb293-78c8add0/2024-06-H2.png
78c8add0-edb0-11f0-a6f2-151163ec42ba,site-285eb293-78c8add0,Site 285eb293,,153.45,4,negative,2026-01-H2,True,,2024-07-H1,-37,15639,1.0,0.03452,0.33781,0.02109,0.00048,0.64062,0.80683,-0.24741,0.17523,3794.27993,0.0,results/chips_neg20/site-285eb293-78c8add0/2024-07-H1.png
78c8add0-edb0-11f0-a6f2-151163ec42ba,site-285eb293-78c8add0,Site 285eb293,,153.45,4,negative,2026-01-H2,True,,2024-07-H2,-36,11482,0.7496,0.03013,0.29599,0.0088,0.00052,0.6947,0.75625,-0.25739,0.15616,0.0,0.0,results/chips_neg20/site-285eb293-78c8add0/2024-07-H2.png
78c8add0-edb0-11f0-a6f2-151163ec42ba,site-285eb293-78c8add0,Site 285eb293,,153.45,4,negative,2026-01-H2,True,,2024-08-H1,-35,12450,0.8128,0.0234,0.36492,0.01545,0.00146,0.61817,0.75486,-0.28224,0.1771,1996.98944,0.0,results/chips_neg20/site-285eb293-78c8add0/2024-08-H1.png
78c8add0-edb0-11f0-a6f2-151163ec42ba,site-285eb293-78c8add0,Site 285eb293,,153.45,4,negative,2026-01-H2,True,,2024-08-H2,-34,15659,1.0,0.03522,0.30231,0.00836,0.0004,0.68892,0.8015,-0.27243,0.15343,1597.59155,0.0,results/chips_neg20/site-285eb293-78c8add0/2024-08-H2.png
78c8add0-edb0-11f0-a6f2-151163ec42ba,site-285eb293-78c8add0,Site 285eb293,,153.45,4,negative,2026-01-H2,True,,2024-09-H1,-33,15647,1.0,0.03854,0.2658,0.00425,0.00021,0.72973,0.81168,-0.25766,0.14299,199.69894,0.0,results/chips_neg20/site-285eb293-78c8add0/2024-09-H1.png
78c8add0-edb0-11f0-a6f2-151163ec42ba,site-285eb293-78c8add0,Site 285eb293,,153.45,4,negative,2026-01-H2,True,,2024-09-H2,-32,15627,1.0,0.03953,0.2402,0.01022,0.00025,0.74933,0.7732,-0.18838,0.15406,998.49472,0.0,results/chips_neg20/site-285eb293-78c8add0/2024-09-H2.png
78c8add0-edb0-11f0-a6f2-151163ec42ba,site-285eb293-78c8add0,Site 285eb293,,153.45,4,negative,2026-01-H2,True,,2024-10-H1,-31,15628,1.0,0.0385,0.25551,0.00986,0.00024,0.73439,0.75836,-0.18275,0.16071,898.64525,0.0,results/chips_neg20/site-285eb293-78c8add0/2024-10-H1.png
78c8add0-edb0-11f0-a6f2-151163ec42ba,site-285eb293-78c8add0,Site 285eb293,,153.45,4,negative,2026-01-H2,True,,2024-10-H2,-30,15663,1.0,0.03938,0.24233,0.01251,0.00018,0.74498,0.73756,-0.15999,0.1622,1198.19366,0.0,results/chips_neg20/site-285eb293-78c8add0/2024-10-H2.png
78c8add0-edb0-11f0-a6f2-151163ec42ba,site-285eb293-78c8add0,Site 285eb293,,153.45,4,negative,2026-01-H2,True,,2024-11-H1,-29,14363,0.9377,0.02824,0.26223,0.03843,0.00225,0.69709,0.63344,-0.11485,0.1932,1397.8926,0.0,results/chips_neg20/site-285eb293-78c8add0/2024-11-H1.png
78c8add0-edb0-11f0-a6f2-151163ec42ba,site-285eb293-78c8add0,Site 285eb293,,153.45,4,negative,2026-01-H2,True,,2024-11-H2,-28,14500,0.9467,0.04511,0.19245,0.00581,8e-05,0.80166,0.71845,-0.12521,0.14734,0.0,0.0,results/chips_neg20/site-285eb293-78c8add0/2024-11-H2.png
78c8add0-edb0-11f0-a6f2-151163ec42ba,site-285eb293-78c8add0,Site 285eb293,,153.45,4,negative,2026-01-H2,True,,2024-12-H1,-27,15657,1.0,0.04252,0.18211,0.01605,0.00012,0.80172,0.66808,-0.07214,0.15849,798.79577,0.0,results/chips_neg20/site-285eb293-78c8add0/2024-12-H1.png
78c8add0-edb0-11f0-a6f2-151163ec42ba,site-285eb293-78c8add0,Site 285eb293,,153.45,4,negative,2026-01-H2,True,,2024-12-H2,-26,15193,0.9919,0.04479,0.16424,0.01636,0.0001,0.8193,0.62857,-0.03446,0.15949,599.09683,0.0,results/chips_neg20/site-285eb293-78c8add0/2024-12-H2.png
78c8add0-edb0-11f0-a6f2-151163ec42ba,site-285eb293-78c8add0,Site 285eb293,,153.45,4,negative,2026-01-H2,True,,2025-01-H1,-25,1619,0.1057,0.01661,0.09776,0.08038,0.05315,0.76871,0.29785,-0.03138,0.18478,0.0,0.0,results/chips_neg20/site-285eb293-78c8add0/2025-01-H1.png
78c8add0-edb0-11f0-a6f2-151163ec42ba,site-285eb293-78c8add0,Site 285eb293,,153.45,4,negative,2026-01-H2,True,,2025-01-H2,-24,15663,1.0,0.03964,0.17227,0.02544,0.00012,0.80217,0.59093,-0.03106,0.16805,0.0,0.0,results/chips_neg20/site-285eb293-78c8add0/2025-01-H2.png
78c8add0-edb0-11f0-a6f2-151163ec42ba,site-285eb293-78c8add0,Site 285eb293,,153.45,4,negative,2026-01-H2,True,,2025-02-H1,-23,15663,1.0,0.04085,0.16192,0.04162,9e-05,0.79637,0.56038,0.0344,0.18527,1098.34419,0.0,results/chips_neg20/site-285eb293-78c8add0/2025-02-H1.png
78c8add0-edb0-11f0-a6f2-151163ec42ba,site-285eb293-78c8add0,Site 285eb293,,153.45,4,negative,2026-01-H2,True,,2025-02-H2,-22,15663,1.0,0.03985,0.13578,0.04027,0.00022,0.82373,0.53451,0.03724,0.17262,1397.8926,0.0,results/chips_neg20/site-285eb293-78c8add0/2025-02-H2.png
78c8add0-edb0-11f0-a6f2-151163ec42ba,site-285eb293-78c8add0,Site 285eb293,,153.45,4,negative,2026-01-H2,True,,2025-03-H1,-21,15663,1.0,0.03869,0.1729,0.06923,0.00027,0.7576,0.52762,0.0459,0.20577,1697.44102,0.0,results/chips_neg20/site-285eb293-78c8add0/2025-03-H1.png
78c8add0-edb0-11f0-a6f2-151163ec42ba,site-285eb293-78c8add0,Site 285eb293,,153.45,4,negative,2026-01-H2,True,,2025-03-H2,-20,15607,1.0,0.03238,0.20189,0.09276,0.00036,0.70499,0.54506,0.00814,0.21824,2695.93574,0.0,results/chips_neg20/site-285eb293-78c8add0/2025-03-H2.png
78c8add0-edb0-11f0-a6f2-151163ec42ba,site-285eb293-78c8add0,Site 285eb293,,153.45,4,negative,2026-01-H2,True,,2025-04-H1,-19,8242,0.5381,0.02559,0.31909,0.03781,0.00277,0.64033,0.69707,-0.15346,0.20498,798.79577,0.0,results/chips_neg20/site-285eb293-78c8add0/2025-04-H1.png
78c8add0-edb0-11f0-a6f2-151163ec42ba,site-285eb293-78c8add0,Site 285eb293,,153.45,4,negative,2026-01-H2,True,,2025-05-H1,-17,15271,0.997,0.02776,0.37778,0.01689,0.00048,0.60485,0.79906,-0.26849,0.17983,2096.83891,0.0,results/chips_neg20/site-285eb293-78c8add0/2025-05-H1.png
78c8add0-edb0-11f0-a6f2-151163ec42ba,site-285eb293-78c8add0,Site 285eb293,,153.45,4,negative,2026-01-H2,True,,2025-05-H2,-16,15659,1.0,0.03036,0.39163,0.01492,0.0004,0.59306,0.82185,-0.27448,0.18116,1897.13996,0.0,results/chips_neg20/site-285eb293-78c8add0/2025-05-H2.png
78c8add0-edb0-11f0-a6f2-151163ec42ba,site-285eb293-78c8add0,Site 285eb293,,153.45,4,negative,2026-01-H2,True,,2025-06-H1,-15,10877,0.7101,0.02428,0.40035,0.0148,0.00572,0.57913,0.78039,-0.28382,0.18502,199.69894,0.0,results/chips_neg20/site-285eb293-78c8add0/2025-06-H1.png
78c8add0-edb0-11f0-a6f2-151163ec42ba,site-285eb293-78c8add0,Site 285eb293,,153.45,4,negative,2026-01-H2,True,,2025-06-H2,-14,15631,1.0,0.03,0.38834,0.01315,0.00039,0.59812,0.83015,-0.27632,0.17917,2396.38732,0.0,results/chips_neg20/site-285eb293-78c8add0/2025-06-H2.png
78c8add0-edb0-11f0-a6f2-151163ec42ba,site-285eb293-78c8add0,Site 285eb293,,153.45,4,negative,2026-01-H2,True,,2025-07-H1,-13,15659,1.0,0.03249,0.34303,0.01697,0.0003,0.6397,0.81554,-0.24867,0.1748,2196.68838,0.0,results/chips_neg20/site-285eb293-78c8add0/2025-07-H1.png
78c8add0-edb0-11f0-a6f2-151163ec42ba,site-285eb293-78c8add0,Site 285eb293,,153.45,4,negative,2026-01-H2,True,,2025-07-H2,-12,10681,0.6973,0.02811,0.35513,0.02495,0.00545,0.61447,0.76606,-0.2303,0.19054,1897.13996,0.0,results/chips_neg20/site-285eb293-78c8add0/2025-07-H2.png
78c8add0-edb0-11f0-a6f2-151163ec42ba,site-285eb293-78c8add0,Site 285eb293,,153.45,4,negative,2026-01-H2,True,,2025-08-H1,-11,4021,0.2625,0.02874,0.33434,0.00879,0.00159,0.65528,0.80398,-0.28271,0.16197,299.54842,0.0,results/chips_neg20/site-285eb293-78c8add0/2025-08-H1.png
78c8add0-edb0-11f0-a6f2-151163ec42ba,site-285eb293-78c8add0,Site 285eb293,,153.45,4,negative,2026-01-H2,True,,2025-08-H2,-10,11925,0.7785,0.03437,0.3176,0.01376,0.00176,0.66688,0.79901,-0.22504,0.17345,698.9463,0.0,results/chips_neg20/site-285eb293-78c8add0/2025-08-H2.png
78c8add0-edb0-11f0-a6f2-151163ec42ba,site-285eb293-78c8add0,Site 285eb293,,153.45,4,negative,2026-01-H2,True,,2025-09-H1,-9,5724,0.3737,0.02767,0.34187,0.0087,2e-05,0.6494,0.7967,-0.26811,0.16783,0.0,0.0,results/chips_neg20/site-285eb293-78c8add0/2025-09-H1.png
78c8add0-edb0-11f0-a6f2-151163ec42ba,site-285eb293-78c8add0,Site 285eb293,,153.45,4,negative,2026-01-H2,True,,2025-09-H2,-8,15611,1.0,0.03673,0.24722,0.01219,0.00019,0.7404,0.76231,-0.19885,0.15476,1198.19366,0.0,results/chips_neg20/site-285eb293-78c8add0/2025-09-H2.png
78c8add0-edb0-11f0-a6f2-151163ec42ba,site-285eb293-78c8add0,Site 285eb293,,153.45,4,negative,2026-01-H2,True,,2025-10-H1,-7,15631,1.0,0.04085,0.23558,0.01128,0.00019,0.75296,0.7917,-0.19921,0.14862,798.79577,0.0,results/chips_neg20/site-285eb293-78c8add0/2025-10-H1.png
78c8add0-edb0-11f0-a6f2-151163ec42ba,site-285eb293-78c8add0,Site 285eb293,,153.45,4,negative,2026-01-H2,True,,2025-10-H2,-6,15663,1.0,0.0429,0.22021,0.01018,0.00016,0.76945,0.77745,-0.17657,0.1474,599.09683,0.0,results/chips_neg20/site-285eb293-78c8add0/2025-10-H2.png
78c8add0-edb0-11f0-a6f2-151163ec42ba,site-285eb293-78c8add0,Site 285eb293,,153.45,4,negative,2026-01-H2,True,,2025-11-H1,-5,15661,1.0,0.04244,0.19433,0.01081,0.00012,0.79473,0.7063,-0.11351,0.15211,499.24736,0.0,results/chips_neg20/site-285eb293-78c8add0/2025-11-H1.png
78c8add0-edb0-11f0-a6f2-151163ec42ba,site-285eb293-78c8add0,Site 285eb293,,153.45,4,negative,2026-01-H2,True,,2025-11-H2,-4,15663,1.0,0.04199,0.18371,0.01707,0.00011,0.79911,0.64486,-0.04434,0.16771,599.09683,0.0,results/chips_neg20/site-285eb293-78c8add0/2025-11-H2.png
78c8add0-edb0-11f0-a6f2-151163ec42ba,site-285eb293-78c8add0,Site 285eb293,,153.45,4,negative,2026-01-H2,True,,2025-12-H1,-3,15656,1.0,0.04439,0.15095,0.0112,6e-05,0.83779,0.65442,-0.03817,0.14951,0.0,0.0,results/chips_neg20/site-285eb293-78c8add0/2025-12-H1.png
78c8add0-edb0-11f0-a6f2-151163ec42ba,site-285eb293-78c8add0,Site 285eb293,,153.45,4,negative,2026-01-H2,True,,2025-12-H2,-2,15609,1.0,0.0468,0.13386,0.01611,5e-05,0.84997,0.63576,0.02144,0.15588,399.39789,0.0,results/chips_neg20/site-285eb293-78c8add0/2025-12-H2.png
78c8add0-edb0-11f0-a6f2-151163ec42ba,site-285eb293-78c8add0,Site 285eb293,,153.45,4,negative,2026-01-H2,True,,2026-01-H1,-1,14949,0.976,0.04659,0.13266,0.01502,3e-05,0.85229,0.60825,0.02591,0.15713,99.84947,0.0,results/chips_neg20/site-285eb293-78c8add0/2026-01-H1.png
78c8add0-edb0-11f0-a6f2-151163ec42ba,site-285eb293-78c8add0,Site 285eb293,,153.45,4,negative,2026-01-H2,True,,2026-01-H2,0,15663,1.0,0.04152,0.13314,0.02701,6e-05,0.83979,0.56745,0.04914,0.16784,499.24736,0.0,results/chips_neg20/site-285eb293-78c8add0/2026-01-H2.png
78c8add0-edb0-11f0-a6f2-151163ec42ba,site-285eb293-78c8add0,Site 285eb293,,153.45,4,negative,2026-01-H2,True,,2026-02-H1,1,15663,1.0,0.04109,0.12343,0.03373,6e-05,0.84278,0.53965,0.08178,0.17335,698.9463,0.0,results/chips_neg20/site-285eb293-78c8add0/2026-02-H1.png
78c8add0-edb0-11f0-a6f2-151163ec42ba,site-285eb293-78c8add0,Site 285eb293,,153.45,4,negative,2026-01-H2,True,,2026-02-H2,2,578,0.0377,0.03594,0.13387,0.00328,0.00019,0.86266,0.59949,-0.1599,0.11784,0.0,0.0,results/chips_neg20/site-285eb293-78c8add0/2026-02-H2.png
78c8add0-edb0-11f0-a6f2-151163ec42ba,site-285eb293-78c8add0,Site 285eb293,,153.45,4,negative,2026-01-H2,True,,2026-03-H1,3,15663,1.0,0.04085,0.13894,0.03953,8e-05,0.82145,0.54382,0.07163,0.18167,0.0,0.0,results/chips_neg20/site-285eb293-78c8add0/2026-03-H1.png
78c8add0-edb0-11f0-a6f2-151163ec42ba,site-285eb293-78c8add0,Site 285eb293,,153.45,4,negative,2026-01-H2,True,,2026-03-H2,4,15623,1.0,0.03684,0.20502,0.06029,0.00037,0.73432,0.60793,-0.00911,0.20274,2895.63468,0.0,results/chips_neg20/site-285eb293-78c8add0/2026-03-H2.png
78c8add0-edb0-11f0-a6f2-151163ec42ba,site-285eb293-78c8add0,Site 285eb293,,153.45,4,negative,2026-01-H2,True,,2026-04-H1,5,15639,1.0,0.03191,0.2659,0.03895,0.00028,0.69488,0.706,-0.12019,0.19107,3095.33362,0.0,results/chips_neg20/site-285eb293-78c8add0/2026-04-H1.png
78c8add0-edb0-11f0-a6f2-151163ec42ba,site-285eb293-78c8add0,Site 285eb293,,153.45,4,negative,2026-01-H2,True,,2026-04-H2,6,15631,1.0,0.02885,0.32246,0.03483,0.00033,0.64239,0.74565,-0.19646,0.18878,3993.97887,0.0,results/chips_neg20/site-285eb293-78c8add0/2026-04-H2.png
78c8add0-edb0-11f0-a6f2-151163ec42ba,site-285eb293-78c8add0,Site 285eb293,,153.45,4,negative,2026-01-H2,True,,2026-05-H1,7,6806,0.4443,0.02207,0.38634,0.05207,0.00588,0.55571,0.73948,-0.215,0.21301,3894.1294,0.0,results/chips_neg20/site-285eb293-78c8add0/2026-05-H1.png
78c8add0-edb0-11f0-a6f2-151163ec42ba,site-285eb293-78c8add0,Site 285eb293,,153.45,4,negative,2026-01-H2,True,,2026-05-H2,8,15639,1.0,0.02858,0.35373,0.03516,0.00045,0.61067,0.77141,-0.21134,0.19459,6889.61355,0.0,results/chips_neg20/site-285eb293-78c8add0/2026-05-H2.png
78c8add0-edb0-11f0-a6f2-151163ec42ba,site-285eb293-78c8add0,Site 285eb293,,153.45,4,negative,2026-01-H2,True,,2026-06-H2,10,15616,1.0,0.02403,0.40326,0.02528,0.00052,0.57094,0.79652,-0.25929,0.19421,7588.55985,0.0,results/chips_neg20/site-285eb293-78c8add0/2026-06-H2.png
78c8add0-edb0-11f0-a6f2-151163ec42ba,site-285eb293-78c8add0,Site 285eb293,,153.45,4,negative,2026-01-H2,True,,2026-07-H1,11,7652,0.4996,0.0177,0.45183,0.05177,0.00803,0.48838,0.75351,-0.25721,0.22381,10384.34506,0.0,results/chips_neg20/site-285eb293-78c8add0/2026-07-H1.png
78c8add0-edb0-11f0-a6f2-151163ec42ba,site-285eb293-78c8add0,Site 285eb293,,153.45,4,negative,2026-01-H2,True,,2026-07-H2,12,15629,1.0,0.02932,0.30748,0.1081,0.00152,0.58291,0.69607,-0.14999,0.22171,88067.23409,0.0,results/chips_neg20/site-285eb293-78c8add0/2026-07-H2.png
78c8add0-edb0-11f0-a6f2-151163ec42ba,site-285eb293-78c8add0,Site 285eb293,,153.45,4,negative,2026-01-H2,True,,2026-08-H1,13,15221,0.9937,0.02797,0.28217,0.123,0.0023,0.59252,0.63705,-0.11447,0.22752,42535.87497,0.0,results/chips_neg20/site-285eb293-78c8add0/2026-08-H1.png
78c8add0-edb0-11f0-a6f2-151163ec42ba,site-285eb293-78c8add0,Site 285eb293,,153.45,4,negative,2026-01-H2,True,,2026-08-H2,14,15631,1.0,0.03444,0.22445,0.17259,0.00219,0.60077,0.54348,-0.03103,0.24831,72989.96385,0.0,results/chips_neg20/site-285eb293-78c8add0/2026-08-H2.png
78c8add0-edb0-11f0-a6f2-151163ec42ba,site-285eb293-78c8add0,Site 285eb293,,153.45,4,negative,2026-01-H2,True,,2026-09-H1,15,11062,0.7222,0.03005,0.1599,0.39006,0.01653,0.4335,0.38699,0.06946,0.3441,431749.11588,0.0,results/chips_neg20/site-285eb293-78c8add0/2026-09-H1.png
b2f224f2-dfa8-4ac9-9233-9cb9cceea3b3,site-309a919e-b2f224f2,Site 309a919e,,48.57,3,negative,2025-09-H1,True,,2023-01-H1,-64,4864,1.0,0.02731,0.37255,0.097,0.00326,0.52719,0.57012,-0.20579,0.19504,708.59993,0.0,results/chips_neg20/site-309a919e-b2f224f2/2023-01-H1.png
b2f224f2-dfa8-4ac9-9233-9cb9cceea3b3,site-309a919e-b2f224f2,Site 309a919e,,48.57,3,negative,2025-09-H1,True,,2023-01-H2,-63,4752,0.9929,0.02692,0.42804,0.21175,0.0099,0.35031,0.58474,-0.23737,0.24295,93838.87629,0.0,results/chips_neg20/site-309a919e-b2f224f2/2023-01-H2.png
b2f224f2-dfa8-4ac9-9233-9cb9cceea3b3,site-309a919e-b2f224f2,Site 309a919e,,48.57,3,negative,2025-09-H1,True,,2023-02-H1,-62,4528,0.9461,0.0235,0.414,0.26228,0.01918,0.30454,0.54301,-0.22773,0.26379,164698.86918,0.0,results/chips_neg20/site-309a919e-b2f224f2/2023-02-H1.png
b2f224f2-dfa8-4ac9-9233-9cb9cceea3b3,site-309a919e-b2f224f2,Site 309a919e,,48.57,3,negative,2025-09-H1,True,,2023-02-H2,-61,4864,1.0,0.01933,0.40132,0.27325,0.01527,0.31016,0.5342,-0.20681,0.27222,176238.92516,0.0,results/chips_neg20/site-309a919e-b2f224f2/2023-02-H2.png
b2f224f2-dfa8-4ac9-9233-9cb9cceea3b3,site-309a919e-b2f224f2,Site 309a919e,,48.57,3,negative,2025-09-H1,True,,2023-03-H1,-60,3477,0.7265,0.01945,0.45592,0.22324,0.0435,0.27734,0.53847,-0.25806,0.27321,97584.33306,0.0,results/chips_neg20/site-309a919e-b2f224f2/2023-03-H1.png
b2f224f2-dfa8-4ac9-9233-9cb9cceea3b3,site-309a919e-b2f224f2,Site 309a919e,,48.57,3,negative,2025-09-H1,True,,2023-03-H2,-59,4864,1.0,0.01639,0.0754,0.49534,0.0068,0.42246,0.19407,0.11374,0.33054,240721.51869,0.0,results/chips_neg20/site-309a919e-b2f224f2/2023-03-H2.png
b2f224f2-dfa8-4ac9-9233-9cb9cceea3b3,site-309a919e-b2f224f2,Site 309a919e,,48.57,3,negative,2025-09-H1,True,,2023-04-H1,-58,4864,1.0,0.01713,0.01638,0.73535,0.00702,0.24125,0.14052,0.15213,0.4065,489136.40803,0.0,results/chips_neg20/site-309a919e-b2f224f2/2023-04-H1.png
b2f224f2-dfa8-4ac9-9233-9cb9cceea3b3,site-309a919e-b2f224f2,Site 309a919e,,48.57,3,negative,2025-09-H1,True,,2023-04-H2,-57,4864,1.0,0.01855,0.02406,0.77837,0.02263,0.17494,0.13812,0.13297,0.42921,491059.75069,0.0,results/chips_neg20/site-309a919e-b2f224f2/2023-04-H2.png
b2f224f2-dfa8-4ac9-9233-9cb9cceea3b3,site-309a919e-b2f224f2,Site 309a919e,,48.57,3,negative,2025-09-H1,True,,2023-05-H1,-56,4864,1.0,0.01645,0.01552,0.75604,0.02988,0.19856,0.1206,0.14271,0.42736,489845.00796,0.0,results/chips_neg20/site-309a919e-b2f224f2/2023-05-H1.png
b2f224f2-dfa8-4ac9-9233-9cb9cceea3b3,site-309a919e-b2f224f2,Site 309a919e,,48.57,3,negative,2025-09-H1,True,,2023-05-H2,-55,4864,1.0,0.02059,0.0077,0.88543,0.07958,0.02729,0.11942,0.12771,0.49859,492375.72199,0.0,results/chips_neg20/site-309a919e-b2f224f2/2023-05-H2.png
b2f224f2-dfa8-4ac9-9233-9cb9cceea3b3,site-309a919e-b2f224f2,Site 309a919e,,48.57,3,negative,2025-09-H1,True,,2023-06-H1,-54,4864,1.0,0.01885,0.01239,0.85875,0.09188,0.03698,0.11138,0.12599,0.49963,492274.49343,0.0,results/chips_neg20/site-309a919e-b2f224f2/2023-06-H1.png
b2f224f2-dfa8-4ac9-9233-9cb9cceea3b3,site-309a919e-b2f224f2,Site 309a919e,,48.57,3,negative,2025-09-H1,True,,2023-06-H2,-53,4864,1.0,0.02004,0.0008,0.88277,0.02944,0.087,0.10774,0.16564,0.47148,492375.72199,0.0,results/chips_neg20/site-309a919e-b2f224f2/2023-06-H2.png
b2f224f2-dfa8-4ac9-9233-9cb9cceea3b3,site-309a919e-b2f224f2,Site 309a919e,,48.57,3,negative,2025-09-H1,True,,2023-07-H1,-52,4864,1.0,0.01776,0.00226,0.85349,0.03462,0.10963,0.11204,0.15621,0.46666,492375.72199,0.0,results/chips_neg20/site-309a919e-b2f224f2/2023-07-H1.png
b2f224f2-dfa8-4ac9-9233-9cb9cceea3b3,site-309a919e-b2f224f2,Site 309a919e,,48.57,3,negative,2025-09-H1,True,,2023-07-H2,-51,4864,1.0,0.01902,0.00056,0.8637,0.02067,0.11507,0.09754,0.17821,0.46234,492375.72199,0.0,results/chips_neg20/site-309a919e-b2f224f2/2023-07-H2.png
b2f224f2-dfa8-4ac9-9233-9cb9cceea3b3,site-309a919e-b2f224f2,Site 309a919e,,48.57,3,negative,2025-09-H1,True,,2023-08-H1,-50,4864,1.0,0.01509,0.00053,0.80834,0.01399,0.17714,0.09015,0.19077,0.44418,492375.72199,0.0,results/chips_neg20/site-309a919e-b2f224f2/2023-08-H1.png
b2f224f2-dfa8-4ac9-9233-9cb9cceea3b3,site-309a919e-b2f224f2,Site 309a919e,,48.57,3,negative,2025-09-H1,True,,2023-08-H2,-49,4864,1.0,0.02378,0.00042,0.93112,0.05571,0.01275,0.09134,0.17313,0.51211,492375.72199,0.0,results/chips_neg20/site-309a919e-b2f224f2/2023-08-H2.png
b2f224f2-dfa8-4ac9-9233-9cb9cceea3b3,site-309a919e-b2f224f2,Site 309a919e,,48.57,3,negative,2025-09-H1,True,,2023-09-H1,-48,4864,1.0,0.0232,0.00259,0.85269,0.08106,0.06366,0.1032,0.12652,0.47895,492173.26487,0.0,results/chips_neg20/site-309a919e-b2f224f2/2023-09-H1.png
b2f224f2-dfa8-4ac9-9233-9cb9cceea3b3,site-309a919e-b2f224f2,Site 309a919e,,48.57,3,negative,2025-09-H1,True,,2023-09-H2,-47,4864,1.0,0.02317,0.00329,0.82433,0.09266,0.07972,0.09673,0.1213,0.47304,492274.49343,0.0,results/chips_neg20/site-309a919e-b2f224f2/2023-09-H2.png
b2f224f2-dfa8-4ac9-9233-9cb9cceea3b3,site-309a919e-b2f224f2,Site 309a919e,,48.57,3,negative,2025-09-H1,True,,2023-10-H1,-46,4864,1.0,0.02234,0.01442,0.77828,0.10073,0.10657,0.10072,0.10683,0.46395,490857.29357,0.0,results/chips_neg20/site-309a919e-b2f224f2/2023-10-H1.png
b2f224f2-dfa8-4ac9-9233-9cb9cceea3b3,site-309a919e-b2f224f2,Site 309a919e,,48.57,3,negative,2025-09-H1,True,,2023-10-H2,-45,4864,1.0,0.02156,0.00745,0.7711,0.09765,0.1238,0.09548,0.11255,0.45845,490553.60789,0.0,results/chips_neg20/site-309a919e-b2f224f2/2023-10-H2.png
b2f224f2-dfa8-4ac9-9233-9cb9cceea3b3,site-309a919e-b2f224f2,Site 309a919e,,48.57,3,negative,2025-09-H1,True,,2023-11-H1,-44,4864,1.0,0.02333,0.03118,0.73168,0.10964,0.1275,0.10654,0.08813,0.45102,488529.03666,0.0,results/chips_neg20/site-309a919e-b2f224f2/2023-11-H1.png
b2f224f2-dfa8-4ac9-9233-9cb9cceea3b3,site-309a919e-b2f224f2,Site 309a919e,,48.57,3,negative,2025-09-H1,True,,2023-11-H2,-43,4864,1.0,0.01819,0.02958,0.74885,0.02058,0.20098,0.1248,0.14111,0.42564,486302.00832,0.0,results/chips_neg20/site-309a919e-b2f224f2/2023-11-H2.png
b2f224f2-dfa8-4ac9-9233-9cb9cceea3b3,site-309a919e-b2f224f2,Site 309a919e,,48.57,3,negative,2025-09-H1,True,,2023-12-H1,-42,4864,1.0,0.02193,0.03721,0.74647,0.08338,0.13295,0.12163,0.09689,0.44696,487010.60824,0.0,results/chips_neg20/site-309a919e-b2f224f2/2023-12-H1.png
b2f224f2-dfa8-4ac9-9233-9cb9cceea3b3,site-309a919e-b2f224f2,Site 309a919e,,48.57,3,negative,2025-09-H1,True,,2023-12-H2,-41,4864,1.0,0.01427,0.0523,0.42812,0.00354,0.51604,0.14239,0.13,0.30032,28546.45428,0.0,results/chips_neg20/site-309a919e-b2f224f2/2023-12-H2.png
b2f224f2-dfa8-4ac9-9233-9cb9cceea3b3,site-309a919e-b2f224f2,Site 309a919e,,48.57,3,negative,2025-09-H1,True,,2024-01-H1,-40,4864,1.0,0.02294,0.0024,0.81978,0.07225,0.10556,0.10283,0.12712,0.4612,488124.12242,0.0,results/chips_neg20/site-309a919e-b2f224f2/2024-01-H1.png
b2f224f2-dfa8-4ac9-9233-9cb9cceea3b3,site-309a919e-b2f224f2,Site 309a919e,,48.57,3,negative,2025-09-H1,True,,2024-01-H2,-39,4864,1.0,0.02144,0.02401,0.70744,0.08029,0.18827,0.1117,0.09968,0.4252,481645.4945,0.0,results/chips_neg20/site-309a919e-b2f224f2/2024-01-H2.png
b2f224f2-dfa8-4ac9-9233-9cb9cceea3b3,site-309a919e-b2f224f2,Site 309a919e,,48.57,3,negative,2025-09-H1,True,,2024-02-H1,-38,4864,1.0,0.01685,0.04038,0.64562,0.03286,0.28113,0.13594,0.11508,0.38749,480633.20888,0.0,results/chips_neg20/site-309a919e-b2f224f2/2024-02-H1.png
b2f224f2-dfa8-4ac9-9233-9cb9cceea3b3,site-309a919e-b2f224f2,Site 309a919e,,48.57,3,negative,2025-09-H1,True,,2024-02-H2,-37,4864,1.0,0.02027,0.01083,0.79108,0.07362,0.12447,0.10897,0.12428,0.45737,484074.97997,0.0,results/chips_neg20/site-309a919e-b2f224f2/2024-02-H2.png
b2f224f2-dfa8-4ac9-9233-9cb9cceea3b3,site-309a919e-b2f224f2,Site 309a919e,,48.57,3,negative,2025-09-H1,True,,2024-03-H1,-36,4864,1.0,0.02056,0.01715,0.68421,0.05365,0.24499,0.11885,0.1389,0.41136,468182.09585,0.0,results/chips_neg20/site-309a919e-b2f224f2/2024-03-H1.png
b2f224f2-dfa8-4ac9-9233-9cb9cceea3b3,site-309a919e-b2f224f2,Site 309a919e,,48.57,3,negative,2025-09-H1,True,,2024-03-H2,-35,4864,1.0,0.01947,0.03859,0.67423,0.04909,0.2381,0.13961,0.11662,0.40475,483670.06572,0.0,results/chips_neg20/site-309a919e-b2f224f2/2024-03-H2.png
b2f224f2-dfa8-4ac9-9233-9cb9cceea3b3,site-309a919e-b2f224f2,Site 309a919e,,48.57,3,negative,2025-09-H1,True,,2024-04-H1,-34,4864,1.0,0.01895,0.04159,0.70675,0.05087,0.20079,0.14465,0.10533,0.41535,487617.97961,0.0,results/chips_neg20/site-309a919e-b2f224f2/2024-04-H1.png
b2f224f2-dfa8-4ac9-9233-9cb9cceea3b3,site-309a919e-b2f224f2,Site 309a919e,,48.57,3,negative,2025-09-H1,True,,2024-04-H2,-33,4864,1.0,0.02157,0.08793,0.68974,0.05807,0.16425,0.18747,0.06904,0.41598,440344.2415,0.0,results/chips_neg20/site-309a919e-b2f224f2/2024-04-H2.png
b2f224f2-dfa8-4ac9-9233-9cb9cceea3b3,site-309a919e-b2f224f2,Site 309a919e,,48.57,3,negative,2025-09-H1,True,,2024-05-H1,-32,4864,1.0,0.0209,0.1292,0.64006,0.06726,0.16348,0.2191,0.02863,0.40586,375051.81949,0.0,results/chips_neg20/site-309a919e-b2f224f2/2024-05-H1.png
b2f224f2-dfa8-4ac9-9233-9cb9cceea3b3,site-309a919e-b2f224f2,Site 309a919e,,48.57,3,negative,2025-09-H1,True,,2024-05-H2,-31,4864,1.0,0.01951,0.16475,0.59125,0.08132,0.16267,0.23985,0.00067,0.40242,328284.22418,0.0,results/chips_neg20/site-309a919e-b2f224f2/2024-05-H2.png
b2f224f2-dfa8-4ac9-9233-9cb9cceea3b3,site-309a919e-b2f224f2,Site 309a919e,,48.57,3,negative,2025-09-H1,True,,2024-06-H1,-30,4864,1.0,0.01739,0.21076,0.55058,0.09271,0.14594,0.28673,-0.03183,0.40161,339520.59448,0.0,results/chips_neg20/site-309a919e-b2f224f2/2024-06-H1.png
b2f224f2-dfa8-4ac9-9233-9cb9cceea3b3,site-309a919e-b2f224f2,Site 309a919e,,48.57,3,negative,2025-09-H1,True,,2024-06-H2,-29,4864,1.0,0.01607,0.23526,0.50619,0.09538,0.16316,0.29888,-0.04575,0.39342,242746.08991,0.0,results/chips_neg20/site-309a919e-b2f224f2/2024-06-H2.png
b2f224f2-dfa8-4ac9-9233-9cb9cceea3b3,site-309a919e-b2f224f2,Site 309a919e,,48.57,3,negative,2025-09-H1,True,,2024-07-H1,-28,4864,1.0,0.01715,0.2239,0.50602,0.04596,0.22411,0.37647,-0.03727,0.37496,293664.05623,0.0,results/chips_neg20/site-309a919e-b2f224f2/2024-07-H1.png
b2f224f2-dfa8-4ac9-9233-9cb9cceea3b3,site-309a919e-b2f224f2,Site 309a919e,,48.57,3,negative,2025-09-H1,True,,2024-07-H2,-27,4729,0.9881,0.01622,0.28004,0.55509,0.0371,0.12777,0.38413,-0.03215,0.40059,301559.88401,0.0,results/chips_neg20/site-309a919e-b2f224f2/2024-07-H2.png
b2f224f2-dfa8-4ac9-9233-9cb9cceea3b3,site-309a919e-b2f224f2,Site 309a919e,,48.57,3,negative,2025-09-H1,True,,2024-08-H1,-26,4864,1.0,0.01766,0.29096,0.46484,0.03076,0.21344,0.40984,-0.06013,0.36026,288400.17104,0.0,results/chips_neg20/site-309a919e-b2f224f2/2024-08-H1.png
b2f224f2-dfa8-4ac9-9233-9cb9cceea3b3,site-309a919e-b2f224f2,Site 309a919e,,48.57,3,negative,2025-09-H1,True,,2024-08-H2,-25,4864,1.0,0.018,0.31258,0.45654,0.0426,0.18827,0.40209,-0.09446,0.35672,287792.79968,0.0,results/chips_neg20/site-309a919e-b2f224f2/2024-08-H2.png
b2f224f2-dfa8-4ac9-9233-9cb9cceea3b3,site-309a919e-b2f224f2,Site 309a919e,,48.57,3,negative,2025-09-H1,True,,2024-09-H1,-24,4864,1.0,0.01904,0.30882,0.44734,0.04111,0.20273,0.40332,-0.09915,0.34977,286881.74262,0.0,results/chips_neg20/site-309a919e-b2f224f2/2024-09-H1.png
b2f224f2-dfa8-4ac9-9233-9cb9cceea3b3,site-309a919e-b2f224f2,Site 309a919e,,48.57,3,negative,2025-09-H1,True,,2024-09-H2,-23,4864,1.0,0.0184,0.29758,0.43977,0.03798,0.22467,0.39625,-0.09103,0.34596,291740.71356,0.0,results/chips_neg20/site-309a919e-b2f224f2/2024-09-H2.png
b2f224f2-dfa8-4ac9-9233-9cb9cceea3b3,site-309a919e-b2f224f2,Site 309a919e,,48.57,3,negative,2025-09-H1,True,,2024-10-H1,-22,4864,1.0,0.01508,0.18854,0.49164,0.04001,0.27981,0.2958,0.00818,0.36751,303685.68379,0.0,results/chips_neg20/site-309a919e-b2f224f2/2024-10-H1.png
b2f224f2-dfa8-4ac9-9233-9cb9cceea3b3,site-309a919e-b2f224f2,Site 309a919e,,48.57,3,negative,2025-09-H1,True,,2024-10-H2,-21,4864,1.0,0.0173,0.15188,0.51421,0.01937,0.31454,0.26188,0.05204,0.36032,301458.65545,0.0,results/chips_neg20/site-309a919e-b2f224f2/2024-10-H2.png
b2f224f2-dfa8-4ac9-9233-9cb9cceea3b3,site-309a919e-b2f224f2,Site 309a919e,,48.57,3,negative,2025-09-H1,True,,2024-11-H1,-20,4864,1.0,0.01925,0.10832,0.54582,0.0254,0.32046,0.18627,0.10257,0.37515,471725.09549,0.0,results/chips_neg20/site-309a919e-b2f224f2/2024-11-H1.png
b2f224f2-dfa8-4ac9-9233-9cb9cceea3b3,site-309a919e-b2f224f2,Site 309a919e,,48.57,3,negative,2025-09-H1,True,,2024-11-H2,-19,4864,1.0,0.01845,0.08808,0.57769,0.0294,0.30482,0.17217,0.10645,0.37954,491565.8935,0.0,results/chips_neg20/site-309a919e-b2f224f2/2024-11-H2.png
b2f224f2-dfa8-4ac9-9233-9cb9cceea3b3,site-309a919e-b2f224f2,Site 309a919e,,48.57,3,negative,2025-09-H1,True,,2024-12-H1,-18,4864,1.0,0.0218,0.09198,0.52592,0.02357,0.35853,0.16436,0.1113,0.36074,403193.35952,0.0,results/chips_neg20/site-309a919e-b2f224f2/2024-12-H1.png
b2f224f2-dfa8-4ac9-9233-9cb9cceea3b3,site-309a919e-b2f224f2,Site 309a919e,,48.57,3,negative,2025-09-H1,True,,2024-12-H2,-17,4864,1.0,0.01913,0.02714,0.55002,0.00654,0.4163,0.14208,0.1509,0.33909,377784.99064,0.0,results/chips_neg20/site-309a919e-b2f224f2/2024-12-H2.png
b2f224f2-dfa8-4ac9-9233-9cb9cceea3b3,site-309a919e-b2f224f2,Site 309a919e,,48.57,3,negative,2025-09-H1,True,,2025-01-H1,-16,4864,1.0,0.01861,0.04747,0.48246,0.00638,0.46369,0.14846,0.13195,0.31823,212782.43578,0.0,results/chips_neg20/site-309a919e-b2f224f2/2025-01-H1.png
b2f224f2-dfa8-4ac9-9233-9cb9cceea3b3,site-309a919e-b2f224f2,Site 309a919e,,48.57,3,negative,2025-09-H1,True,,2025-01-H2,-15,4864,1.0,0.01683,0.03335,0.53473,0.00745,0.42448,0.14199,0.13812,0.33323,305507.7979,0.0,results/chips_neg20/site-309a919e-b2f224f2/2025-01-H2.png
b2f224f2-dfa8-4ac9-9233-9cb9cceea3b3,site-309a919e-b2f224f2,Site 309a919e,,48.57,3,negative,2025-09-H1,True,,2025-02-H1,-14,4864,1.0,0.017,0.0276,0.52833,0.00817,0.4359,0.12473,0.1564,0.33671,303381.99811,0.0,results/chips_neg20/site-309a919e-b2f224f2/2025-02-H1.png
b2f224f2-dfa8-4ac9-9233-9cb9cceea3b3,site-309a919e-b2f224f2,Site 309a919e,,48.57,3,negative,2025-09-H1,True,,2025-02-H2,-13,4864,1.0,0.01672,0.0413,0.57573,0.02204,0.36093,0.13502,0.12902,0.36081,343164.82269,0.0,results/chips_neg20/site-309a919e-b2f224f2/2025-02-H2.png
b2f224f2-dfa8-4ac9-9233-9cb9cceea3b3,site-309a919e-b2f224f2,Site 309a919e,,48.57,3,negative,2025-09-H1,True,,2025-03-H1,-12,4864,1.0,0.01597,0.03116,0.60768,0.0249,0.33626,0.1244,0.13567,0.3726,477798.80917,0.0,results/chips_neg20/site-309a919e-b2f224f2/2025-03-H1.png
b2f224f2-dfa8-4ac9-9233-9cb9cceea3b3,site-309a919e-b2f224f2,Site 309a919e,,48.57,3,negative,2025-09-H1,True,,2025-03-H2,-11,4864,1.0,0.01696,0.02662,0.69941,0.04189,0.23208,0.12052,0.13031,0.41402,492173.26487,0.0,results/chips_neg20/site-309a919e-b2f224f2/2025-03-H2.png
b2f224f2-dfa8-4ac9-9233-9cb9cceea3b3,site-309a919e-b2f224f2,Site 309a919e,,48.57,3,negative,2025-09-H1,True,,2025-04-H1,-10,4864,1.0,0.01912,0.02765,0.72164,0.04727,0.20344,0.11773,0.12665,0.42448,491869.57918,0.0,results/chips_neg20/site-309a919e-b2f224f2/2025-04-H1.png
b2f224f2-dfa8-4ac9-9233-9cb9cceea3b3,site-309a919e-b2f224f2,Site 309a919e,,48.57,3,negative,2025-09-H1,True,,2025-04-H2,-9,4864,1.0,0.01805,0.03523,0.72208,0.06978,0.17291,0.12392,0.10971,0.43567,492274.49343,0.0,results/chips_neg20/site-309a919e-b2f224f2/2025-04-H2.png
b2f224f2-dfa8-4ac9-9233-9cb9cceea3b3,site-309a919e-b2f224f2,Site 309a919e,,48.57,3,negative,2025-09-H1,True,,2025-05-H1,-8,4864,1.0,0.01943,0.04326,0.72919,0.08258,0.14498,0.13033,0.096,0.4435,487010.60824,0.0,results/chips_neg20/site-309a919e-b2f224f2/2025-05-H1.png
b2f224f2-dfa8-4ac9-9233-9cb9cceea3b3,site-309a919e-b2f224f2,Site 309a919e,,48.57,3,negative,2025-09-H1,True,,2025-05-H2,-7,4864,1.0,0.01951,0.05531,0.71979,0.09641,0.12848,0.13695,0.08378,0.4491,476381.60931,0.0,results/chips_neg20/site-309a919e-b2f224f2/2025-05-H2.png
b2f224f2-dfa8-4ac9-9233-9cb9cceea3b3,site-309a919e-b2f224f2,Site 309a919e,,48.57,3,negative,2025-09-H1,True,,2025-06-H1,-6,4611,0.9634,0.02208,0.03924,0.7836,0.09009,0.08707,0.13869,0.09263,0.4648,446822.86942,0.0,results/chips_neg20/site-309a919e-b2f224f2/2025-06-H1.png
b2f224f2-dfa8-4ac9-9233-9cb9cceea3b3,site-309a919e-b2f224f2,Site 309a919e,,48.57,3,negative,2025-09-H1,True,,2025-06-H2,-5,4611,0.9634,0.02176,0.02768,0.78848,0.09342,0.09042,0.12337,0.10406,0.468,449454.81201,0.0,results/chips_neg20/site-309a919e-b2f224f2/2025-06-H2.png
b2f224f2-dfa8-4ac9-9233-9cb9cceea3b3,site-309a919e-b2f224f2,Site 309a919e,,48.57,3,negative,2025-09-H1,True,,2025-07-H1,-4,4864,1.0,0.01958,0.02385,0.81936,0.08271,0.07408,0.11517,0.12879,0.48646,479418.46615,0.0,results/chips_neg20/site-309a919e-b2f224f2/2025-07-H1.png
b2f224f2-dfa8-4ac9-9233-9cb9cceea3b3,site-309a919e-b2f224f2,Site 309a919e,,48.57,3,negative,2025-09-H1,True,,2025-07-H2,-3,4864,1.0,0.02046,0.01932,0.8345,0.0588,0.08738,0.11483,0.14315,0.47478,478001.26629,0.0,results/chips_neg20/site-309a919e-b2f224f2/2025-07-H2.png
b2f224f2-dfa8-4ac9-9233-9cb9cceea3b3,site-309a919e-b2f224f2,Site 309a919e,,48.57,3,negative,2025-09-H1,True,,2025-08-H1,-2,4864,1.0,0.0199,0.03713,0.76208,0.0835,0.11728,0.12968,0.10096,0.45665,461703.46793,0.0,results/chips_neg20/site-309a919e-b2f224f2/2025-08-H1.png
b2f224f2-dfa8-4ac9-9233-9cb9cceea3b3,site-309a919e-b2f224f2,Site 309a919e,,48.57,3,negative,2025-09-H1,True,,2025-08-H2,-1,4864,1.0,0.01763,0.02133,0.78053,0.05625,0.14188,0.10723,0.14428,0.45641,472534.92398,0.0,results/chips_neg20/site-309a919e-b2f224f2/2025-08-H2.png
b2f224f2-dfa8-4ac9-9233-9cb9cceea3b3,site-309a919e-b2f224f2,Site 309a919e,,48.57,3,negative,2025-09-H1,True,,2025-09-H1,0,4864,1.0,0.01749,0.0215,0.81722,0.05572,0.10557,0.11611,0.14425,0.47072,471826.32405,0.0,results/chips_neg20/site-309a919e-b2f224f2/2025-09-H1.png
b2f224f2-dfa8-4ac9-9233-9cb9cceea3b3,site-309a919e-b2f224f2,Site 309a919e,,48.57,3,negative,2025-09-H1,True,,2025-09-H2,1,4864,1.0,0.01671,0.031,0.74976,0.04907,0.17018,0.13035,0.12642,0.43882,456237.12562,0.0,results/chips_neg20/site-309a919e-b2f224f2/2025-09-H2.png
b2f224f2-dfa8-4ac9-9233-9cb9cceea3b3,site-309a919e-b2f224f2,Site 309a919e,,48.57,3,negative,2025-09-H1,True,,2025-10-H1,2,4864,1.0,0.01805,0.03492,0.75147,0.04577,0.16784,0.13639,0.11952,0.43573,455933.43994,0.0,results/chips_neg20/site-309a919e-b2f224f2/2025-10-H1.png
b2f224f2-dfa8-4ac9-9233-9cb9cceea3b3,site-309a919e-b2f224f2,Site 309a919e,,48.57,3,negative,2025-09-H1,True,,2025-10-H2,3,4864,1.0,0.01792,0.04552,0.67555,0.05743,0.2215,0.13733,0.10176,0.41267,446215.49805,0.0,results/chips_neg20/site-309a919e-b2f224f2/2025-10-H2.png
b2f224f2-dfa8-4ac9-9233-9cb9cceea3b3,site-309a919e-b2f224f2,Site 309a919e,,48.57,3,negative,2025-09-H1,True,,2025-11-H1,4,4864,1.0,0.01778,0.03872,0.67445,0.05663,0.23019,0.12971,0.1097,0.41188,450568.32619,0.0,results/chips_neg20/site-309a919e-b2f224f2/2025-11-H1.png
b2f224f2-dfa8-4ac9-9233-9cb9cceea3b3,site-309a919e-b2f224f2,Site 309a919e,,48.57,3,negative,2025-09-H1,True,,2025-11-H2,5,4864,1.0,0.01817,0.02821,0.68255,0.04233,0.24691,0.12574,0.13696,0.41169,452997.81166,0.0,results/chips_neg20/site-309a919e-b2f224f2/2025-11-H2.png
b2f224f2-dfa8-4ac9-9233-9cb9cceea3b3,site-309a919e-b2f224f2,Site 309a919e,,48.57,3,negative,2025-09-H1,True,,2025-12-H1,6,4864,1.0,0.01962,0.03397,0.69273,0.05359,0.21972,0.1281,0.12482,0.41973,459172.7539,0.0,results/chips_neg20/site-309a919e-b2f224f2/2025-12-H1.png
b2f224f2-dfa8-4ac9-9233-9cb9cceea3b3,site-309a919e-b2f224f2,Site 309a919e,,48.57,3,negative,2025-09-H1,True,,2025-12-H2,7,4864,1.0,0.02008,0.01665,0.7117,0.04649,0.22515,0.11434,0.13915,0.41881,465752.61038,0.0,results/chips_neg20/site-309a919e-b2f224f2/2025-12-H2.png
b2f224f2-dfa8-4ac9-9233-9cb9cceea3b3,site-309a919e-b2f224f2,Site 309a919e,,48.57,3,negative,2025-09-H1,True,,2026-01-H1,8,4864,1.0,0.01914,0.04878,0.60362,0.03165,0.31595,0.14373,0.1187,0.37591,435687.72768,0.0,results/chips_neg20/site-309a919e-b2f224f2/2026-01-H1.png
b2f224f2-dfa8-4ac9-9233-9cb9cceea3b3,site-309a919e-b2f224f2,Site 309a919e,,48.57,3,negative,2025-09-H1,True,,2026-02-H1,10,4864,1.0,0.01888,0.01425,0.72546,0.04481,0.21549,0.11045,0.14222,0.42389,479823.38039,0.0,results/chips_neg20/site-309a919e-b2f224f2/2026-02-H1.png
b2f224f2-dfa8-4ac9-9233-9cb9cceea3b3,site-309a919e-b2f224f2,Site 309a919e,,48.57,3,negative,2025-09-H1,True,,2026-02-H2,11,4864,1.0,0.02096,0.02114,0.73466,0.05397,0.19024,0.12349,0.11809,0.42407,484682.35134,0.0,results/chips_neg20/site-309a919e-b2f224f2/2026-02-H2.png
b2f224f2-dfa8-4ac9-9233-9cb9cceea3b3,site-309a919e-b2f224f2,Site 309a919e,,48.57,3,negative,2025-09-H1,True,,2026-03-H1,12,4864,1.0,0.01888,0.01077,0.72619,0.0496,0.21344,0.10624,0.13628,0.42243,486403.23688,0.0,results/chips_neg20/site-309a919e-b2f224f2/2026-03-H1.png
b2f224f2-dfa8-4ac9-9233-9cb9cceea3b3,site-309a919e-b2f224f2,Site 309a919e,,48.57,3,negative,2025-09-H1,True,,2026-03-H2,13,4864,1.0,0.02061,0.02473,0.73278,0.06811,0.17439,0.11679,0.11273,0.43305,489946.23652,0.0,results/chips_neg20/site-309a919e-b2f224f2/2026-03-H2.png
b2f224f2-dfa8-4ac9-9233-9cb9cceea3b3,site-309a919e-b2f224f2,Site 309a919e,,48.57,3,negative,2025-09-H1,True,,2026-04-H1,14,4864,1.0,0.01909,0.01062,0.84385,0.04705,0.09848,0.11725,0.14315,0.47008,492274.49343,0.0,results/chips_neg20/site-309a919e-b2f224f2/2026-04-H1.png
b2f224f2-dfa8-4ac9-9233-9cb9cceea3b3,site-309a919e-b2f224f2,Site 309a919e,,48.57,3,negative,2025-09-H1,True,,2026-04-H2,15,4864,1.0,0.02017,0.0196,0.84031,0.0667,0.07338,0.12276,0.12589,0.47806,492173.26487,0.0,results/chips_neg20/site-309a919e-b2f224f2/2026-04-H2.png
b2f224f2-dfa8-4ac9-9233-9cb9cceea3b3,site-309a919e-b2f224f2,Site 309a919e,,48.57,3,negative,2025-09-H1,True,,2026-05-H1,16,4864,1.0,0.02015,0.00891,0.84484,0.07752,0.06872,0.10994,0.13012,0.48319,492274.49343,0.0,results/chips_neg20/site-309a919e-b2f224f2/2026-05-H1.png
b2f224f2-dfa8-4ac9-9233-9cb9cceea3b3,site-309a919e-b2f224f2,Site 309a919e,,48.57,3,negative,2025-09-H1,True,,2026-05-H2,17,4864,1.0,0.02394,0.00325,0.87552,0.08515,0.03609,0.10868,0.12837,0.49335,492375.72199,0.0,results/chips_neg20/site-309a919e-b2f224f2/2026-05-H2.png
b2f224f2-dfa8-4ac9-9233-9cb9cceea3b3,site-309a919e-b2f224f2,Site 309a919e,,48.57,3,negative,2025-09-H1,True,,2026-06-H1,18,4864,1.0,0.02229,0.00903,0.86023,0.09731,0.03343,0.10907,0.12027,0.49798,492375.72199,0.0,results/chips_neg20/site-309a919e-b2f224f2/2026-06-H1.png
b2f224f2-dfa8-4ac9-9233-9cb9cceea3b3,site-309a919e-b2f224f2,Site 309a919e,,48.57,3,negative,2025-09-H1,True,,2026-06-H2,19,4864,1.0,0.0214,0.00685,0.85075,0.09643,0.04597,0.10238,0.12467,0.49319,492375.72199,0.0,results/chips_neg20/site-309a919e-b2f224f2/2026-06-H2.png
b2f224f2-dfa8-4ac9-9233-9cb9cceea3b3,site-309a919e-b2f224f2,Site 309a919e,,48.57,3,negative,2025-09-H1,True,,2026-07-H1,20,4864,1.0,0.02036,0.00213,0.85426,0.09596,0.04766,0.08577,0.1418,0.49747,492375.72199,0.0,results/chips_neg20/site-309a919e-b2f224f2/2026-07-H1.png
b2f224f2-dfa8-4ac9-9233-9cb9cceea3b3,site-309a919e-b2f224f2,Site 309a919e,,48.57,3,negative,2025-09-H1,True,,2026-07-H2,21,4864,1.0,0.01876,0.00059,0.83614,0.07523,0.08804,0.07534,0.16149,0.48227,492375.72199,0.0,results/chips_neg20/site-309a919e-b2f224f2/2026-07-H2.png
b2f224f2-dfa8-4ac9-9233-9cb9cceea3b3,site-309a919e-b2f224f2,Site 309a919e,,48.57,3,negative,2025-09-H1,True,,2026-08-H1,22,4864,1.0,0.02297,0.00126,0.9067,0.06836,0.02368,0.09363,0.15822,0.50492,492375.72199,0.0,results/chips_neg20/site-309a919e-b2f224f2/2026-08-H1.png
b2f224f2-dfa8-4ac9-9233-9cb9cceea3b3,site-309a919e-b2f224f2,Site 309a919e,,48.57,3,negative,2025-09-H1,True,,2026-08-H2,23,4864,1.0,0.02271,0.00147,0.88456,0.05836,0.0556,0.0922,0.15761,0.48485,492375.72199,0.0,results/chips_neg20/site-309a919e-b2f224f2/2026-08-H2.png
b2f224f2-dfa8-4ac9-9233-9cb9cceea3b3,site-309a919e-b2f224f2,Site 309a919e,,48.57,3,negative,2025-09-H1,True,,2026-09-H1,24,4864,1.0,0.0173,0.00288,0.66187,0.06218,0.27307,0.07078,0.14569,0.40053,482252.86586,0.0,results/chips_neg20/site-309a919e-b2f224f2/2026-09-H1.png
8a559590-5444-11f1-9574-89461fd8ecba,site-330c4b9a-8a559590,Site 330c4b9a,,30.74,6,negative,2026-01-H2,True,,2023-01-H1,-73,3211,1.0,0.02991,0.09343,0.28699,0.00021,0.61937,0.28889,0.154,0.27158,0.0,0.0,results/chips_neg20/site-330c4b9a-8a559590/2023-01-H1.png
8a559590-5444-11f1-9574-89461fd8ecba,site-330c4b9a-8a559590,Site 330c4b9a,,30.74,6,negative,2026-01-H2,True,,2023-01-H2,-72,3213,1.0,0.02781,0.08737,0.32139,0.00124,0.59,0.27068,0.16344,0.2867,0.0,0.0,results/chips_neg20/site-330c4b9a-8a559590/2023-01-H2.png
8a559590-5444-11f1-9574-89461fd8ecba,site-330c4b9a-8a559590,Site 330c4b9a,,30.74,6,negative,2026-01-H2,True,,2023-02-H1,-71,3214,1.0,0.027,0.08026,0.35455,0.0003,0.56489,0.25511,0.16888,0.29732,100.09388,0.0,results/chips_neg20/site-330c4b9a-8a559590/2023-02-H1.png
8a559590-5444-11f1-9574-89461fd8ecba,site-330c4b9a-8a559590,Site 330c4b9a,,30.74,6,negative,2026-01-H2,True,,2023-02-H2,-70,3214,1.0,0.01318,0.09676,0.4807,0.0087,0.41384,0.24841,0.13213,0.35211,181370.10531,0.0,results/chips_neg20/site-330c4b9a-8a559590/2023-02-H2.png
8a559590-5444-11f1-9574-89461fd8ecba,site-330c4b9a-8a559590,Site 330c4b9a,,30.74,6,negative,2026-01-H2,True,,2023-03-H2,-68,3214,1.0,0.02214,0.09977,0.33942,0.00024,0.56057,0.27821,0.1295,0.29017,6806.38364,0.0,results/chips_neg20/site-330c4b9a-8a559590/2023-03-H2.png
8a559590-5444-11f1-9574-89461fd8ecba,site-330c4b9a-8a559590,Site 330c4b9a,,30.74,6,negative,2026-01-H2,True,,2023-04-H1,-67,3214,1.0,0.01609,0.07064,0.44007,0.0012,0.48809,0.20978,0.11138,0.30512,159649.73398,0.0,results/chips_neg20/site-330c4b9a-8a559590/2023-04-H1.png
8a559590-5444-11f1-9574-89461fd8ecba,site-330c4b9a-8a559590,Site 330c4b9a,,30.74,6,negative,2026-01-H2,True,,2023-04-H2,-66,1158,0.3789,0.01144,0.12587,0.35621,0.00698,0.51094,0.27091,0.04869,0.28546,13212.39178,0.0,results/chips_neg20/site-330c4b9a-8a559590/2023-04-H2.png
8a559590-5444-11f1-9574-89461fd8ecba,site-330c4b9a-8a559590,Site 330c4b9a,,30.74,6,negative,2026-01-H2,True,,2023-05-H1,-65,3214,1.0,0.01483,0.1294,0.60078,0.01483,0.25499,0.27595,0.04974,0.37883,237522.77037,0.0,results/chips_neg20/site-330c4b9a-8a559590/2023-05-H1.png
8a559590-5444-11f1-9574-89461fd8ecba,site-330c4b9a-8a559590,Site 330c4b9a,,30.74,6,negative,2026-01-H2,True,,2023-05-H2,-64,3214,1.0,0.01618,0.09574,0.57802,0.01653,0.30971,0.23165,0.06871,0.36171,239424.55403,0.0,results/chips_neg20/site-330c4b9a-8a559590/2023-05-H2.png
8a559590-5444-11f1-9574-89461fd8ecba,site-330c4b9a-8a559590,Site 330c4b9a,,30.74,6,negative,2026-01-H2,True,,2023-06-H1,-63,1769,0.5789,0.01397,0.13259,0.4718,0.02746,0.36815,0.27916,0.02033,0.33617,93587.77509,0.0,results/chips_neg20/site-330c4b9a-8a559590/2023-06-H1.png
8a559590-5444-11f1-9574-89461fd8ecba,site-330c4b9a-8a559590,Site 330c4b9a,,30.74,6,negative,2026-01-H2,True,,2023-06-H2,-62,3214,1.0,0.01384,0.20683,0.32446,0.00037,0.46833,0.43263,-0.00088,0.29073,18517.36726,0.0,results/chips_neg20/site-330c4b9a-8a559590/2023-06-H2.png
8a559590-5444-11f1-9574-89461fd8ecba,site-330c4b9a-8a559590,Site 330c4b9a,,30.74,6,negative,2026-01-H2,True,,2023-08-H1,-59,77,0.0252,0.02679,0.1776,0.02644,0.11195,0.68401,0.37289,-0.24495,0.17687,0.0,0.0,results/chips_neg20/site-330c4b9a-8a559590/2023-08-H1.png
8a559590-5444-11f1-9574-89461fd8ecba,site-330c4b9a-8a559590,Site 330c4b9a,,30.74,6,negative,2026-01-H2,True,,2023-08-H2,-58,3214,1.0,0.02297,0.69016,0.01527,0.00038,0.29419,0.87166,-0.3835,0.21795,0.0,0.0,results/chips_neg20/site-330c4b9a-8a559590/2023-08-H2.png
8a559590-5444-11f1-9574-89461fd8ecba,site-330c4b9a-8a559590,Site 330c4b9a,,30.74,6,negative,2026-01-H2,True,,2023-09-H1,-57,3214,1.0,0.01543,0.59062,0.01298,0.00025,0.39614,0.83861,-0.33006,0.21782,0.0,0.0,results/chips_neg20/site-330c4b9a-8a559590/2023-09-H1.png
8a559590-5444-11f1-9574-89461fd8ecba,site-330c4b9a-8a559590,Site 330c4b9a,,30.74,6,negative,2026-01-H2,True,,2023-09-H2,-56,3214,1.0,0.01379,0.47648,0.00289,0.00215,0.51848,0.74946,-0.33379,0.18448,0.0,0.0,results/chips_neg20/site-330c4b9a-8a559590/2023-09-H2.png
8a559590-5444-11f1-9574-89461fd8ecba,site-330c4b9a-8a559590,Site 330c4b9a,,30.74,6,negative,2026-01-H2,True,,2023-10-H1,-55,3214,1.0,0.01939,0.35729,0.0465,0.00032,0.59589,0.6277,-0.18665,0.20671,0.0,0.0,results/chips_neg20/site-330c4b9a-8a559590/2023-10-H1.png
8a559590-5444-11f1-9574-89461fd8ecba,site-330c4b9a-8a559590,Site 330c4b9a,,30.74,6,negative,2026-01-H2,True,,2023-10-H2,-54,2377,0.7778,0.00534,0.14562,0.2045,0.08618,0.56369,0.24334,-0.04448,0.26131,0.0,0.0,results/chips_neg20/site-330c4b9a-8a559590/2023-10-H2.png
8a559590-5444-11f1-9574-89461fd8ecba,site-330c4b9a-8a559590,Site 330c4b9a,,30.74,6,negative,2026-01-H2,True,,2023-11-H1,-53,3214,1.0,0.01942,0.12777,0.39277,0.00593,0.47352,0.28137,0.09972,0.31985,81276.22821,0.0,results/chips_neg20/site-330c4b9a-8a559590/2023-11-H1.png
8a559590-5444-11f1-9574-89461fd8ecba,site-330c4b9a-8a559590,Site 330c4b9a,,30.74,6,negative,2026-01-H2,True,,2023-11-H2,-52,3214,1.0,0.01713,0.10427,0.37071,0.00038,0.52464,0.2575,0.11365,0.30017,16315.30197,0.0,results/chips_neg20/site-330c4b9a-8a559590/2023-11-H2.png
8a559590-5444-11f1-9574-89461fd8ecba,site-330c4b9a-8a559590,Site 330c4b9a,,30.74,6,negative,2026-01-H2,True,,2023-12-H2,-50,3214,1.0,0.01993,0.1125,0.19767,0.00046,0.68938,0.25003,0.07052,0.22623,0.0,0.0,results/chips_neg20/site-330c4b9a-8a559590/2023-12-H2.png
8a559590-5444-11f1-9574-89461fd8ecba,site-330c4b9a-8a559590,Site 330c4b9a,,30.74,6,negative,2026-01-H2,True,,2024-01-H1,-49,3212,1.0,0.025,0.04724,0.06513,0.00073,0.88689,0.21039,0.07118,0.14159,0.0,0.0,results/chips_neg20/site-330c4b9a-8a559590/2024-01-H1.png
8a559590-5444-11f1-9574-89461fd8ecba,site-330c4b9a-8a559590,Site 330c4b9a,,30.74,6,negative,2026-01-H2,True,,2024-02-H1,-47,3214,1.0,0.02242,0.08726,0.2814,0.00021,0.63112,0.2478,0.13244,0.26064,0.0,0.0,results/chips_neg20/site-330c4b9a-8a559590/2024-02-H1.png
8a559590-5444-11f1-9574-89461fd8ecba,site-330c4b9a-8a559590,Site 330c4b9a,,30.74,6,negative,2026-01-H2,True,,2024-03-H2,-44,3214,1.0,0.02107,0.09867,0.09935,0.00043,0.80156,0.23335,0.06106,0.17946,0.0,0.0,results/chips_neg20/site-330c4b9a-8a559590/2024-03-H2.png
8a559590-5444-11f1-9574-89461fd8ecba,site-330c4b9a-8a559590,Site 330c4b9a,,30.74,6,negative,2026-01-H2,True,,2024-04-H2,-42,3214,1.0,0.01406,0.06821,0.4318,0.00766,0.49233,0.19071,0.08466,0.29566,184473.0155,0.0,results/chips_neg20/site-330c4b9a-8a559590/2024-04-H2.png
8a559590-5444-11f1-9574-89461fd8ecba,site-330c4b9a-8a559590,Site 330c4b9a,,30.74,6,negative,2026-01-H2,True,,2024-05-H2,-40,3214,1.0,0.01561,0.13839,0.19715,0.00061,0.66384,0.3091,0.02052,0.22027,0.0,0.0,results/chips_neg20/site-330c4b9a-8a559590/2024-05-H2.png
8a559590-5444-11f1-9574-89461fd8ecba,site-330c4b9a-8a559590,Site 330c4b9a,,30.74,6,negative,2026-01-H2,True,,2024-06-H2,-38,3214,1.0,0.01695,0.45404,0.02034,0.00071,0.52491,0.7465,-0.29986,0.19372,0.0,0.0,results/chips_neg20/site-330c4b9a-8a559590/2024-06-H2.png
8a559590-5444-11f1-9574-89461fd8ecba,site-330c4b9a-8a559590,Site 330c4b9a,,30.74,6,negative,2026-01-H2,True,,2024-07-H1,-37,3214,1.0,0.01808,0.48865,0.01629,0.00077,0.49429,0.78358,-0.33629,0.18913,0.0,0.0,results/chips_neg20/site-330c4b9a-8a559590/2024-07-H1.png
8a559590-5444-11f1-9574-89461fd8ecba,site-330c4b9a-8a559590,Site 330c4b9a,,30.74,6,negative,2026-01-H2,True,,2024-08-H1,-35,56,0.0183,0.02048,0.32808,0.02118,0.13613,0.51461,0.48601,-0.25956,0.22605,0.0,0.0,results/chips_neg20/site-330c4b9a-8a559590/2024-08-H1.png
8a559590-5444-11f1-9574-89461fd8ecba,site-330c4b9a-8a559590,Site 330c4b9a,,30.74,6,negative,2026-01-H2,True,,2024-08-H2,-34,3214,1.0,0.02506,0.51811,0.00331,0.00034,0.47824,0.83034,-0.38724,0.17588,0.0,0.0,results/chips_neg20/site-330c4b9a-8a559590/2024-08-H2.png
8a559590-5444-11f1-9574-89461fd8ecba,site-330c4b9a-8a559590,Site 330c4b9a,,30.74,6,negative,2026-01-H2,True,,2024-09-H1,-33,3214,1.0,0.02418,0.49565,0.00327,0.00026,0.50083,0.82788,-0.3699,0.17603,0.0,0.0,results/chips_neg20/site-330c4b9a-8a559590/2024-09-H1.png
8a559590-5444-11f1-9574-89461fd8ecba,site-330c4b9a-8a559590,Site 330c4b9a,,30.74,6,negative,2026-01-H2,True,,2024-10-H1,-31,3202,1.0,0.03756,0.17098,0.10308,0.00014,0.72579,0.47153,0.05599,0.21385,0.0,0.0,results/chips_neg20/site-330c4b9a-8a559590/2024-10-H1.png
8a559590-5444-11f1-9574-89461fd8ecba,site-330c4b9a-8a559590,Site 330c4b9a,,30.74,6,negative,2026-01-H2,True,,2024-10-H2,-30,3213,1.0,0.03729,0.13528,0.1809,0.00012,0.6837,0.35599,0.12459,0.24542,0.0,0.0,results/chips_neg20/site-330c4b9a-8a559590/2024-10-H2.png
8a559590-5444-11f1-9574-89461fd8ecba,site-330c4b9a-8a559590,Site 330c4b9a,,30.74,6,negative,2026-01-H2,True,,2024-11-H1,-29,3214,1.0,0.02829,0.1674,0.4942,0.01271,0.32569,0.24825,0.09018,0.38103,225611.59899,0.0,results/chips_neg20/site-330c4b9a-8a559590/2024-11-H1.png
8a559590-5444-11f1-9574-89461fd8ecba,site-330c4b9a-8a559590,Site 330c4b9a,,30.74,6,negative,2026-01-H2,True,,2024-11-H2,-28,147,0.0481,0.02044,0.106,0.50613,0.03084,0.35704,0.16409,0.09455,0.36647,10710.04485,0.0,results/chips_neg20/site-330c4b9a-8a559590/2024-11-H2.png
8a559590-5444-11f1-9574-89461fd8ecba,site-330c4b9a-8a559590,Site 330c4b9a,,30.74,6,negative,2026-01-H2,True,,2024-12-H2,-26,3214,1.0,0.0249,0.06344,0.12076,0.00152,0.81428,0.17699,0.10031,0.17559,0.0,0.0,results/chips_neg20/site-330c4b9a-8a559590/2024-12-H2.png
8a559590-5444-11f1-9574-89461fd8ecba,site-330c4b9a-8a559590,Site 330c4b9a,,30.74,6,negative,2026-01-H2,True,,2025-01-H1,-25,3214,1.0,0.02582,0.02525,0.39747,0.00318,0.57409,0.16913,0.20797,0.2946,19318.11828,0.0,results/chips_neg20/site-330c4b9a-8a559590/2025-01-H1.png
8a559590-5444-11f1-9574-89461fd8ecba,site-330c4b9a-8a559590,Site 330c4b9a,,30.74,6,negative,2026-01-H2,True,,2025-02-H2,-22,3205,1.0,0.01998,0.03667,0.39736,0.00267,0.5633,0.17717,0.1496,0.28255,8007.51017,0.0,results/chips_neg20/site-330c4b9a-8a559590/2025-02-H2.png
8a559590-5444-11f1-9574-89461fd8ecba,site-330c4b9a-8a559590,Site 330c4b9a,,30.74,6,negative,2026-01-H2,True,,2025-03-H1,-21,3214,1.0,0.02415,0.0331,0.42806,0.00016,0.53869,0.18587,0.19619,0.30739,22721.3101,0.0,results/chips_neg20/site-330c4b9a-8a559590/2025-03-H1.png
8a559590-5444-11f1-9574-89461fd8ecba,site-330c4b9a-8a559590,Site 330c4b9a,,30.74,6,negative,2026-01-H2,True,,2025-03-H2,-20,3214,1.0,0.01817,0.0682,0.3745,0.00034,0.55696,0.19287,0.12419,0.2827,300.28163,0.0,results/chips_neg20/site-330c4b9a-8a559590/2025-03-H2.png
8a559590-5444-11f1-9574-89461fd8ecba,site-330c4b9a-8a559590,Site 330c4b9a,,30.74,6,negative,2026-01-H2,True,,2025-04-H1,-19,3214,1.0,0.01635,0.07808,0.32928,0.00024,0.59239,0.21607,0.10652,0.26541,0.0,0.0,results/chips_neg20/site-330c4b9a-8a559590/2025-04-H1.png
8a559590-5444-11f1-9574-89461fd8ecba,site-330c4b9a-8a559590,Site 330c4b9a,,30.74,6,negative,2026-01-H2,True,,2025-04-H2,-18,3214,1.0,0.01527,0.06577,0.41139,0.00068,0.52216,0.19381,0.10927,0.29074,51448.25283,0.0,results/chips_neg20/site-330c4b9a-8a559590/2025-04-H2.png
8a559590-5444-11f1-9574-89461fd8ecba,site-330c4b9a-8a559590,Site 330c4b9a,,30.74,6,negative,2026-01-H2,True,,2025-05-H2,-16,3214,1.0,0.01295,0.12738,0.3942,0.00252,0.4759,0.27701,0.05354,0.2987,96290.30977,0.0,results/chips_neg20/site-330c4b9a-8a559590/2025-05-H2.png
8a559590-5444-11f1-9574-89461fd8ecba,site-330c4b9a-8a559590,Site 330c4b9a,,30.74,6,negative,2026-01-H2,True,,2025-06-H1,-15,3214,1.0,0.01451,0.14433,0.45605,0.00295,0.39667,0.29857,0.05631,0.33106,175464.56656,0.0,results/chips_neg20/site-330c4b9a-8a559590/2025-06-H1.png
8a559590-5444-11f1-9574-89461fd8ecba,site-330c4b9a-8a559590,Site 330c4b9a,,30.74,6,negative,2026-01-H2,True,,2025-07-H1,-13,3214,1.0,0.01691,0.40397,0.06349,0.00034,0.5322,0.71254,-0.18848,0.22796,0.0,0.0,results/chips_neg20/site-330c4b9a-8a559590/2025-07-H1.png
8a559590-5444-11f1-9574-89461fd8ecba,site-330c4b9a-8a559590,Site 330c4b9a,,30.74,6,negative,2026-01-H2,True,,2025-07-H2,-12,3214,1.0,0.01362,0.75999,0.00681,0.00068,0.23252,0.8865,-0.38282,0.23821,0.0,0.0,results/chips_neg20/site-330c4b9a-8a559590/2025-07-H2.png
8a559590-5444-11f1-9574-89461fd8ecba,site-330c4b9a-8a559590,Site 330c4b9a,,30.74,6,negative,2026-01-H2,True,,2025-08-H1,-11,3214,1.0,0.02693,0.64063,0.00612,0.00046,0.35279,0.87158,-0.40727,0.19546,0.0,0.0,results/chips_neg20/site-330c4b9a-8a559590/2025-08-H1.png
8a559590-5444-11f1-9574-89461fd8ecba,site-330c4b9a-8a559590,Site 330c4b9a,,30.74,6,negative,2026-01-H2,True,,2025-08-H2,-10,3214,1.0,0.03033,0.67032,0.00279,0.00037,0.32652,0.89723,-0.4263,0.19377,0.0,0.0,results/chips_neg20/site-330c4b9a-8a559590/2025-08-H2.png
8a559590-5444-11f1-9574-89461fd8ecba,site-330c4b9a-8a559590,Site 330c4b9a,,30.74,6,negative,2026-01-H2,True,,2025-09-H1,-9,3214,1.0,0.02297,0.65178,0.00519,0.00144,0.34159,0.86089,-0.41255,0.19701,0.0,0.0,results/chips_neg20/site-330c4b9a-8a559590/2025-09-H1.png
8a559590-5444-11f1-9574-89461fd8ecba,site-330c4b9a-8a559590,Site 330c4b9a,,30.74,6,negative,2026-01-H2,True,,2025-09-H2,-8,798,0.2611,0.01229,0.25222,0.19765,0.03292,0.51722,0.42471,-0.07945,0.26012,200.18775,0.0,results/chips_neg20/site-330c4b9a-8a559590/2025-09-H2.png
8a559590-5444-11f1-9574-89461fd8ecba,site-330c4b9a-8a559590,Site 330c4b9a,,30.74,6,negative,2026-01-H2,True,,2025-10-H1,-7,3214,1.0,0.03567,0.12463,0.1753,0.00019,0.69988,0.35852,0.12667,0.23785,0.0,0.0,results/chips_neg20/site-330c4b9a-8a559590/2025-10-H1.png
8a559590-5444-11f1-9574-89461fd8ecba,site-330c4b9a-8a559590,Site 330c4b9a,,30.74,6,negative,2026-01-H2,True,,2025-10-H2,-6,3175,1.0,0.03457,0.11945,0.13975,0.00015,0.74064,0.32031,0.12354,0.22071,0.0,0.0,results/chips_neg20/site-330c4b9a-8a559590/2025-10-H2.png
8a559590-5444-11f1-9574-89461fd8ecba,site-330c4b9a-8a559590,Site 330c4b9a,,30.74,6,negative,2026-01-H2,True,,2025-11-H1,-5,3214,1.0,0.03052,0.10827,0.12871,0.00024,0.76277,0.29925,0.12059,0.20947,0.0,0.0,results/chips_neg20/site-330c4b9a-8a559590/2025-11-H1.png
8a559590-5444-11f1-9574-89461fd8ecba,site-330c4b9a-8a559590,Site 330c4b9a,,30.74,6,negative,2026-01-H2,True,,2025-12-H2,-2,2864,0.9372,0.01106,0.10717,0.33632,0.03727,0.51924,0.21666,0.06632,0.29727,0.0,0.0,results/chips_neg20/site-330c4b9a-8a559590/2025-12-H2.png
8a559590-5444-11f1-9574-89461fd8ecba,site-330c4b9a-8a559590,Site 330c4b9a,,30.74,6,negative,2026-01-H2,True,,2026-02-H2,2,2379,0.7785,0.01989,0.10619,0.18509,0.06533,0.64339,0.16258,0.01053,0.24318,0.0,1101.03265,results/chips_neg20/site-330c4b9a-8a559590/2026-02-H2.png
8a559590-5444-11f1-9574-89461fd8ecba,site-330c4b9a-8a559590,Site 330c4b9a,,30.74,6,negative,2026-01-H2,True,,2026-03-H1,3,3214,1.0,0.01552,0.05628,0.41684,0.00251,0.52437,0.17711,0.16811,0.31477,81076.04045,0.0,results/chips_neg20/site-330c4b9a-8a559590/2026-03-H1.png
8a559590-5444-11f1-9574-89461fd8ecba,site-330c4b9a-8a559590,Site 330c4b9a,,30.74,6,negative,2026-01-H2,True,,2026-03-H2,4,3214,1.0,0.01226,0.06076,0.41273,0.00724,0.51928,0.18794,0.14684,0.31175,103396.97505,0.0,results/chips_neg20/site-330c4b9a-8a559590/2026-03-H2.png
8a559590-5444-11f1-9574-89461fd8ecba,site-330c4b9a-8a559590,Site 330c4b9a,,30.74,6,negative,2026-01-H2,True,,2026-04-H2,6,3214,1.0,0.01704,0.10437,0.29564,0.00036,0.59963,0.24954,0.07077,0.25523,0.0,0.0,results/chips_neg20/site-330c4b9a-8a559590/2026-04-H2.png
8a559590-5444-11f1-9574-89461fd8ecba,site-330c4b9a-8a559590,Site 330c4b9a,,30.74,6,negative,2026-01-H2,True,,2026-05-H1,7,3214,1.0,0.01345,0.10621,0.44111,0.00465,0.44802,0.2513,0.05976,0.30764,175264.37881,0.0,results/chips_neg20/site-330c4b9a-8a559590/2026-05-H1.png
8a559590-5444-11f1-9574-89461fd8ecba,site-330c4b9a-8a559590,Site 330c4b9a,,30.74,6,negative,2026-01-H2,True,,2026-05-H2,8,3214,1.0,0.01074,0.07843,0.54583,0.01229,0.36345,0.21924,0.10092,0.35554,231817.41937,0.0,results/chips_neg20/site-330c4b9a-8a559590/2026-05-H2.png
8a559590-5444-11f1-9574-89461fd8ecba,site-330c4b9a-8a559590,Site 330c4b9a,,30.74,6,negative,2026-01-H2,True,,2026-06-H1,9,3214,1.0,0.01435,0.14169,0.53519,0.01291,0.31021,0.30221,0.03927,0.35413,227012.91327,0.0,results/chips_neg20/site-330c4b9a-8a559590/2026-06-H1.png
8a559590-5444-11f1-9574-89461fd8ecba,site-330c4b9a-8a559590,Site 330c4b9a,,30.74,6,negative,2026-01-H2,True,,2026-06-H2,10,1003,0.3282,0.00763,0.34654,0.25458,0.00927,0.38961,0.51148,-0.12556,0.28405,0.0,0.0,results/chips_neg20/site-330c4b9a-8a559590/2026-06-H2.png
8a559590-5444-11f1-9574-89461fd8ecba,site-330c4b9a-8a559590,Site 330c4b9a,,30.74,6,negative,2026-01-H2,True,,2026-07-H1,11,3214,1.0,0.0315,0.50584,0.00545,0.00074,0.48796,0.83115,-0.44458,0.15399,0.0,0.0,results/chips_neg20/site-330c4b9a-8a559590/2026-07-H1.png
8a559590-5444-11f1-9574-89461fd8ecba,site-330c4b9a-8a559590,Site 330c4b9a,,30.74,6,negative,2026-01-H2,True,,2026-07-H2,12,3214,1.0,0.03848,0.52775,0.00319,0.00055,0.46851,0.86209,-0.47123,0.14754,0.0,0.0,results/chips_neg20/site-330c4b9a-8a559590/2026-07-H2.png
8a559590-5444-11f1-9574-89461fd8ecba,site-330c4b9a-8a559590,Site 330c4b9a,,30.74,6,negative,2026-01-H2,True,,2026-08-H1,13,3214,1.0,0.0292,0.49377,0.00332,0.001,0.50191,0.81836,-0.42705,0.15694,0.0,0.0,results/chips_neg20/site-330c4b9a-8a559590/2026-08-H1.png
8a559590-5444-11f1-9574-89461fd8ecba,site-330c4b9a-8a559590,Site 330c4b9a,,30.74,6,negative,2026-01-H2,True,,2026-08-H2,14,3214,1.0,0.03176,0.38124,0.00327,0.00043,0.61507,0.80279,-0.34883,0.15127,0.0,0.0,results/chips_neg20/site-330c4b9a-8a559590/2026-08-H2.png
8a559590-5444-11f1-9574-89461fd8ecba,site-330c4b9a-8a559590,Site 330c4b9a,,30.74,6,negative,2026-01-H2,True,,2026-09-H1,15,2735,0.895,0.02815,0.16695,0.01478,0.01079,0.80748,0.54551,-0.12829,0.14228,0.0,0.0,results/chips_neg20/site-330c4b9a-8a559590/2026-09-H1.png
da0ae710-17f5-11f1-ab51-1bd26848f511,site-36fa3c05-da0ae710,Site 36fa3c05,,27.42,2,negative,2026-02-H2,True,,2023-01-H1,-75,120,0.0443,0.10022,0.00462,0.00572,0.91436,0.07529,0.0652,-0.208,0.50685,0.0,12062.51716,results/chips_neg20/site-36fa3c05-da0ae710/2023-01-H1.png
da0ae710-17f5-11f1-ab51-1bd26848f511,site-36fa3c05-da0ae710,Site 36fa3c05,,27.42,2,negative,2026-02-H2,True,,2023-03-H2,-70,41,0.0151,0.00732,0.08645,0.10136,0.11033,0.70186,0.15691,-0.06586,0.20908,0.0,0.0,results/chips_neg20/site-36fa3c05-da0ae710/2023-03-H2.png
da0ae710-17f5-11f1-ab51-1bd26848f511,site-36fa3c05-da0ae710,Site 36fa3c05,,27.42,2,negative,2026-02-H2,True,,2023-04-H1,-69,2709,0.9993,0.03996,0.06333,0.18491,0.00026,0.7515,0.32881,0.22435,0.23376,1105.73074,0.0,results/chips_neg20/site-36fa3c05-da0ae710/2023-04-H1.png
da0ae710-17f5-11f1-ab51-1bd26848f511,site-36fa3c05-da0ae710,Site 36fa3c05,,27.42,2,negative,2026-02-H2,True,,2023-04-H2,-68,2733,1.0,0.03753,0.09937,0.18943,0.00034,0.71086,0.38546,0.1601,0.23918,0.0,0.0,results/chips_neg20/site-36fa3c05-da0ae710/2023-04-H2.png
da0ae710-17f5-11f1-ab51-1bd26848f511,site-36fa3c05-da0ae710,Site 36fa3c05,,27.42,2,negative,2026-02-H2,True,,2023-05-H1,-67,2708,0.9989,0.02568,0.23236,0.09156,0.00024,0.67584,0.59523,-0.0445,0.21506,0.0,0.0,results/chips_neg20/site-36fa3c05-da0ae710/2023-05-H1.png
da0ae710-17f5-11f1-ab51-1bd26848f511,site-36fa3c05-da0ae710,Site 36fa3c05,,27.42,2,negative,2026-02-H2,True,,2023-05-H2,-66,2788,1.0,0.02508,0.44813,0.00362,0.00058,0.54767,0.8311,-0.35087,0.17068,0.0,0.0,results/chips_neg20/site-36fa3c05-da0ae710/2023-05-H2.png
da0ae710-17f5-11f1-ab51-1bd26848f511,site-36fa3c05-da0ae710,Site 36fa3c05,,27.42,2,negative,2026-02-H2,True,,2023-06-H1,-65,2790,1.0,0.0207,0.50002,0.00524,0.00091,0.49383,0.83005,-0.35495,0.18373,0.0,0.0,results/chips_neg20/site-36fa3c05-da0ae710/2023-06-H1.png
da0ae710-17f5-11f1-ab51-1bd26848f511,site-36fa3c05-da0ae710,Site 36fa3c05,,27.42,2,negative,2026-02-H2,True,,2023-06-H2,-64,2830,1.0,0.02866,0.51373,0.00324,0.0005,0.48253,0.87022,-0.39606,0.17135,100.52098,0.0,results/chips_neg20/site-36fa3c05-da0ae710/2023-06-H2.png
da0ae710-17f5-11f1-ab51-1bd26848f511,site-36fa3c05-da0ae710,Site 36fa3c05,,27.42,2,negative,2026-02-H2,True,,2023-07-H1,-63,2498,0.9214,0.01589,0.59822,0.00434,0.00117,0.39628,0.85503,-0.3474,0.21609,0.0,0.0,results/chips_neg20/site-36fa3c05-da0ae710/2023-07-H1.png
da0ae710-17f5-11f1-ab51-1bd26848f511,site-36fa3c05-da0ae710,Site 36fa3c05,,27.42,2,negative,2026-02-H2,True,,2023-07-H2,-62,510,0.1881,0.02158,0.47511,0.00036,0.02751,0.49702,0.70672,-0.36583,0.18577,0.0,0.0,results/chips_neg20/site-36fa3c05-da0ae710/2023-07-H2.png
da0ae710-17f5-11f1-ab51-1bd26848f511,site-36fa3c05-da0ae710,Site 36fa3c05,,27.42,2,negative,2026-02-H2,True,,2023-08-H1,-61,2830,1.0,0.03549,0.44042,0.00131,0.00044,0.55783,0.88225,-0.38418,0.15617,0.0,0.0,results/chips_neg20/site-36fa3c05-da0ae710/2023-08-H1.png
da0ae710-17f5-11f1-ab51-1bd26848f511,site-36fa3c05-da0ae710,Site 36fa3c05,,27.42,2,negative,2026-02-H2,True,,2023-08-H2,-60,2830,1.0,0.03546,0.3781,0.00072,0.00035,0.62083,0.86218,-0.35524,0.14821,0.0,0.0,results/chips_neg20/site-36fa3c05-da0ae710/2023-08-H2.png
da0ae710-17f5-11f1-ab51-1bd26848f511,site-36fa3c05-da0ae710,Site 36fa3c05,,27.42,2,negative,2026-02-H2,True,,2023-09-H1,-59,2830,1.0,0.0383,0.33171,0.00068,0.00029,0.66731,0.85152,-0.31069,0.14635,0.0,0.0,results/chips_neg20/site-36fa3c05-da0ae710/2023-09-H1.png
da0ae710-17f5-11f1-ab51-1bd26848f511,site-36fa3c05-da0ae710,Site 36fa3c05,,27.42,2,negative,2026-02-H2,True,,2023-09-H2,-58,2830,1.0,0.03345,0.34237,0.00114,0.00033,0.65616,0.82274,-0.26792,0.16204,0.0,0.0,results/chips_neg20/site-36fa3c05-da0ae710/2023-09-H2.png
da0ae710-17f5-11f1-ab51-1bd26848f511,site-36fa3c05-da0ae710,Site 36fa3c05,,27.42,2,negative,2026-02-H2,True,,2023-10-H1,-57,2803,1.0,0.0315,0.29284,0.00243,0.00028,0.70445,0.73854,-0.18735,0.16914,0.0,0.0,results/chips_neg20/site-36fa3c05-da0ae710/2023-10-H1.png
da0ae710-17f5-11f1-ab51-1bd26848f511,site-36fa3c05-da0ae710,Site 36fa3c05,,27.42,2,negative,2026-02-H2,True,,2023-10-H2,-56,2830,1.0,0.03108,0.21379,0.05095,0.0013,0.73396,0.60152,-0.02688,0.1979,0.0,0.0,results/chips_neg20/site-36fa3c05-da0ae710/2023-10-H2.png
da0ae710-17f5-11f1-ab51-1bd26848f511,site-36fa3c05-da0ae710,Site 36fa3c05,,27.42,2,negative,2026-02-H2,True,,2023-11-H1,-55,2375,0.8761,0.02462,0.06472,0.0,0.01658,0.91871,0.18702,-0.31057,0.08094,0.0,0.0,results/chips_neg20/site-36fa3c05-da0ae710/2023-11-H1.png
da0ae710-17f5-11f1-ab51-1bd26848f511,site-36fa3c05-da0ae710,Site 36fa3c05,,27.42,2,negative,2026-02-H2,True,,2023-11-H2,-54,2830,1.0,0.04269,0.10617,0.02673,0.00026,0.86684,0.50006,0.13034,0.16819,0.0,0.0,results/chips_neg20/site-36fa3c05-da0ae710/2023-11-H2.png
da0ae710-17f5-11f1-ab51-1bd26848f511,site-36fa3c05-da0ae710,Site 36fa3c05,,27.42,2,negative,2026-02-H2,True,,2023-12-H1,-53,110,0.0406,0.02622,0.09048,0.0362,0.00331,0.87,0.30834,0.06347,0.15594,0.0,0.0,results/chips_neg20/site-36fa3c05-da0ae710/2023-12-H1.png
da0ae710-17f5-11f1-ab51-1bd26848f511,site-36fa3c05-da0ae710,Site 36fa3c05,,27.42,2,negative,2026-02-H2,True,,2023-12-H2,-52,2830,1.0,0.04034,0.10388,0.05352,0.00018,0.84243,0.43896,0.12712,0.17726,0.0,0.0,results/chips_neg20/site-36fa3c05-da0ae710/2023-12-H2.png
da0ae710-17f5-11f1-ab51-1bd26848f511,site-36fa3c05-da0ae710,Site 36fa3c05,,27.42,2,negative,2026-02-H2,True,,2024-02-H2,-48,2103,0.7757,0.02519,0.1282,0.0432,0.0264,0.80221,0.3231,-0.07241,0.16029,0.0,0.0,results/chips_neg20/site-36fa3c05-da0ae710/2024-02-H2.png
da0ae710-17f5-11f1-ab51-1bd26848f511,site-36fa3c05-da0ae710,Site 36fa3c05,,27.42,2,negative,2026-02-H2,True,,2024-03-H1,-47,2830,1.0,0.04121,0.08694,0.09121,0.0003,0.82156,0.39588,0.16593,0.19225,0.0,0.0,results/chips_neg20/site-36fa3c05-da0ae710/2024-03-H1.png
da0ae710-17f5-11f1-ab51-1bd26848f511,site-36fa3c05-da0ae710,Site 36fa3c05,,27.42,2,negative,2026-02-H2,True,,2024-03-H2,-46,2244,0.8277,0.02851,0.11453,0.08005,0.00833,0.79709,0.3105,-0.0034,0.1772,0.0,0.0,results/chips_neg20/site-36fa3c05-da0ae710/2024-03-H2.png
da0ae710-17f5-11f1-ab51-1bd26848f511,site-36fa3c05-da0ae710,Site 36fa3c05,,27.42,2,negative,2026-02-H2,True,,2024-04-H1,-45,2615,0.9646,0.03379,0.12204,0.05077,0.00593,0.82126,0.4013,0.05999,0.17621,0.0,0.0,results/chips_neg20/site-36fa3c05-da0ae710/2024-04-H1.png
da0ae710-17f5-11f1-ab51-1bd26848f511,site-36fa3c05-da0ae710,Site 36fa3c05,,27.42,2,negative,2026-02-H2,True,,2024-04-H2,-44,2709,0.9993,0.0364,0.11828,0.096,0.00049,0.78523,0.42214,0.10821,0.1996,0.0,0.0,results/chips_neg20/site-36fa3c05-da0ae710/2024-04-H2.png
da0ae710-17f5-11f1-ab51-1bd26848f511,site-36fa3c05-da0ae710,Site 36fa3c05,,27.42,2,negative,2026-02-H2,True,,2024-05-H1,-43,2741,1.0,0.03176,0.22837,0.04079,0.00037,0.73048,0.64973,-0.05602,0.19207,0.0,0.0,results/chips_neg20/site-36fa3c05-da0ae710/2024-05-H1.png
da0ae710-17f5-11f1-ab51-1bd26848f511,site-36fa3c05-da0ae710,Site 36fa3c05,,27.42,2,negative,2026-02-H2,True,,2024-05-H2,-42,2794,1.0,0.02098,0.52723,0.00317,0.00073,0.46888,0.8578,-0.35651,0.18882,0.0,0.0,results/chips_neg20/site-36fa3c05-da0ae710/2024-05-H2.png
da0ae710-17f5-11f1-ab51-1bd26848f511,site-36fa3c05-da0ae710,Site 36fa3c05,,27.42,2,negative,2026-02-H2,True,,2024-06-H1,-41,2830,1.0,0.02248,0.57642,0.00319,0.00085,0.41954,0.8741,-0.37908,0.19293,0.0,0.0,results/chips_neg20/site-36fa3c05-da0ae710/2024-06-H1.png
da0ae710-17f5-11f1-ab51-1bd26848f511,site-36fa3c05-da0ae710,Site 36fa3c05,,27.42,2,negative,2026-02-H2,True,,2024-06-H2,-40,2830,1.0,0.02764,0.57411,0.00175,0.00072,0.42343,0.89636,-0.38769,0.18837,0.0,0.0,results/chips_neg20/site-36fa3c05-da0ae710/2024-06-H2.png
da0ae710-17f5-11f1-ab51-1bd26848f511,site-36fa3c05-da0ae710,Site 36fa3c05,,27.42,2,negative,2026-02-H2,True,,2024-07-H1,-39,2830,1.0,0.03328,0.50128,0.0017,0.00066,0.49637,0.88797,-0.40503,0.16419,0.0,0.0,results/chips_neg20/site-36fa3c05-da0ae710/2024-07-H1.png
da0ae710-17f5-11f1-ab51-1bd26848f511,site-36fa3c05-da0ae710,Site 36fa3c05,,27.42,2,negative,2026-02-H2,True,,2024-07-H2,-38,2830,1.0,0.02893,0.45477,0.00211,0.00049,0.54263,0.85539,-0.37618,0.16406,0.0,0.0,results/chips_neg20/site-36fa3c05-da0ae710/2024-07-H2.png
da0ae710-17f5-11f1-ab51-1bd26848f511,site-36fa3c05-da0ae710,Site 36fa3c05,,27.42,2,negative,2026-02-H2,True,,2024-08-H1,-37,2830,1.0,0.03072,0.46896,0.00131,0.00045,0.52928,0.88025,-0.35015,0.17479,0.0,0.0,results/chips_neg20/site-36fa3c05-da0ae710/2024-08-H1.png
da0ae710-17f5-11f1-ab51-1bd26848f511,site-36fa3c05-da0ae710,Site 36fa3c05,,27.42,2,negative,2026-02-H2,True,,2024-08-H2,-36,2399,0.8849,0.0249,0.39906,0.00244,0.00044,0.59806,0.81552,-0.31128,0.16961,0.0,0.0,results/chips_neg20/site-36fa3c05-da0ae710/2024-08-H2.png
da0ae710-17f5-11f1-ab51-1bd26848f511,site-36fa3c05-da0ae710,Site 36fa3c05,,27.42,2,negative,2026-02-H2,True,,2024-09-H1,-35,2798,1.0,0.03053,0.30151,0.00125,0.00026,0.69698,0.78741,-0.25425,0.15441,0.0,0.0,results/chips_neg20/site-36fa3c05-da0ae710/2024-09-H1.png
da0ae710-17f5-11f1-ab51-1bd26848f511,site-36fa3c05-da0ae710,Site 36fa3c05,,27.42,2,negative,2026-02-H2,True,,2024-09-H2,-34,2814,1.0,0.03432,0.32065,0.00125,0.00025,0.67785,0.81225,-0.22957,0.16574,0.0,0.0,results/chips_neg20/site-36fa3c05-da0ae710/2024-09-H2.png
da0ae710-17f5-11f1-ab51-1bd26848f511,site-36fa3c05-da0ae710,Site 36fa3c05,,27.42,2,negative,2026-02-H2,True,,2024-10-H1,-33,2830,1.0,0.03752,0.23442,0.00852,9e-05,0.75696,0.75225,-0.14729,0.15789,0.0,0.0,results/chips_neg20/site-36fa3c05-da0ae710/2024-10-H1.png
da0ae710-17f5-11f1-ab51-1bd26848f511,site-36fa3c05-da0ae710,Site 36fa3c05,,27.42,2,negative,2026-02-H2,True,,2024-10-H2,-32,2830,1.0,0.03618,0.16895,0.05112,0.00022,0.77971,0.55143,-0.02305,0.17523,0.0,0.0,results/chips_neg20/site-36fa3c05-da0ae710/2024-10-H2.png
da0ae710-17f5-11f1-ab51-1bd26848f511,site-36fa3c05-da0ae710,Site 36fa3c05,,27.42,2,negative,2026-02-H2,True,,2024-11-H1,-31,2830,1.0,0.03914,0.098,0.07615,0.00037,0.82548,0.40818,0.13007,0.18179,0.0,0.0,results/chips_neg20/site-36fa3c05-da0ae710/2024-11-H1.png
da0ae710-17f5-11f1-ab51-1bd26848f511,site-36fa3c05-da0ae710,Site 36fa3c05,,27.42,2,negative,2026-02-H2,True,,2024-11-H2,-30,87,0.0321,0.03179,0.08007,0.14006,0.00046,0.77941,0.27654,0.16833,0.21007,0.0,0.0,results/chips_neg20/site-36fa3c05-da0ae710/2024-11-H2.png
da0ae710-17f5-11f1-ab51-1bd26848f511,site-36fa3c05-da0ae710,Site 36fa3c05,,27.42,2,negative,2026-02-H2,True,,2024-12-H1,-29,226,0.0834,0.02929,0.12644,0.00453,0.14089,0.72815,0.22279,-0.28495,0.14693,0.0,703.64683,results/chips_neg20/site-36fa3c05-da0ae710/2024-12-H1.png
da0ae710-17f5-11f1-ab51-1bd26848f511,site-36fa3c05-da0ae710,Site 36fa3c05,,27.42,2,negative,2026-02-H2,True,,2024-12-H2,-28,441,0.1627,0.0652,0.0,0.0,0.02483,0.97517,-0.04193,-0.71139,0.01363,0.0,0.0,results/chips_neg20/site-36fa3c05-da0ae710/2024-12-H2.png
da0ae710-17f5-11f1-ab51-1bd26848f511,site-36fa3c05-da0ae710,Site 36fa3c05,,27.42,2,negative,2026-02-H2,True,,2025-03-H2,-22,1999,0.7374,0.02979,0.10876,0.04214,0.02068,0.82842,0.28588,-0.02303,0.15809,0.0,0.0,results/chips_neg20/site-36fa3c05-da0ae710/2025-03-H2.png
da0ae710-17f5-11f1-ab51-1bd26848f511,site-36fa3c05-da0ae710,Site 36fa3c05,,27.42,2,negative,2026-02-H2,True,,2025-04-H1,-21,455,0.1678,0.02391,0.15072,0.00897,0.02376,0.81655,0.31027,-0.15778,0.13936,0.0,0.0,results/chips_neg20/site-36fa3c05-da0ae710/2025-04-H1.png
da0ae710-17f5-11f1-ab51-1bd26848f511,site-36fa3c05-da0ae710,Site 36fa3c05,,27.42,2,negative,2026-02-H2,True,,2025-04-H2,-20,2493,0.9196,0.03409,0.10931,0.1617,0.01708,0.71191,0.32931,0.11483,0.22834,2814.58734,0.0,results/chips_neg20/site-36fa3c05-da0ae710/2025-04-H2.png
da0ae710-17f5-11f1-ab51-1bd26848f511,site-36fa3c05-da0ae710,Site 36fa3c05,,27.42,2,negative,2026-02-H2,True,,2025-05-H1,-19,2716,1.0,0.02235,0.16957,0.19211,0.01359,0.62473,0.43745,0.01537,0.24507,32367.75437,0.0,results/chips_neg20/site-36fa3c05-da0ae710/2025-05-H1.png
da0ae710-17f5-11f1-ab51-1bd26848f511,site-36fa3c05-da0ae710,Site 36fa3c05,,27.42,2,negative,2026-02-H2,True,,2025-05-H2,-18,2749,1.0,0.02256,0.30349,0.13771,0.01108,0.54772,0.58724,-0.14376,0.22595,15781.79328,0.0,results/chips_neg20/site-36fa3c05-da0ae710/2025-05-H2.png
da0ae710-17f5-11f1-ab51-1bd26848f511,site-36fa3c05-da0ae710,Site 36fa3c05,,27.42,2,negative,2026-02-H2,True,,2025-06-H1,-17,2790,1.0,0.01559,0.38405,0.17932,0.00552,0.43112,0.60001,-0.16882,0.25502,38901.61783,0.0,results/chips_neg20/site-36fa3c05-da0ae710/2025-06-H1.png
da0ae710-17f5-11f1-ab51-1bd26848f511,site-36fa3c05-da0ae710,Site 36fa3c05,,27.42,2,negative,2026-02-H2,True,,2025-06-H2,-16,2826,1.0,0.01635,0.4025,0.11883,0.00749,0.47117,0.64801,-0.23507,0.22379,3216.67124,0.0,results/chips_neg20/site-36fa3c05-da0ae710/2025-06-H2.png
da0ae710-17f5-11f1-ab51-1bd26848f511,site-36fa3c05-da0ae710,Site 36fa3c05,,27.42,2,negative,2026-02-H2,True,,2025-07-H2,-14,2830,1.0,0.0213,0.48209,0.05586,0.00092,0.46113,0.78393,-0.28647,0.21406,0.0,0.0,results/chips_neg20/site-36fa3c05-da0ae710/2025-07-H2.png
da0ae710-17f5-11f1-ab51-1bd26848f511,site-36fa3c05-da0ae710,Site 36fa3c05,,27.42,2,negative,2026-02-H2,True,,2025-08-H1,-13,2830,1.0,0.02641,0.42713,0.0259,0.00036,0.54661,0.80023,-0.29783,0.18787,0.0,0.0,results/chips_neg20/site-36fa3c05-da0ae710/2025-08-H1.png
da0ae710-17f5-11f1-ab51-1bd26848f511,site-36fa3c05-da0ae710,Site 36fa3c05,,27.42,2,negative,2026-02-H2,True,,2025-08-H2,-12,2830,1.0,0.02335,0.40596,0.03232,0.00038,0.56135,0.77201,-0.25462,0.19721,0.0,0.0,results/chips_neg20/site-36fa3c05-da0ae710/2025-08-H2.png
da0ae710-17f5-11f1-ab51-1bd26848f511,site-36fa3c05-da0ae710,Site 36fa3c05,,27.42,2,negative,2026-02-H2,True,,2025-09-H1,-11,2830,1.0,0.02509,0.38455,0.01268,0.00015,0.60263,0.78809,-0.2868,0.17501,0.0,0.0,results/chips_neg20/site-36fa3c05-da0ae710/2025-09-H1.png
da0ae710-17f5-11f1-ab51-1bd26848f511,site-36fa3c05-da0ae710,Site 36fa3c05,,27.42,2,negative,2026-02-H2,True,,2025-09-H2,-10,2830,1.0,0.02895,0.28707,0.01718,7e-05,0.69568,0.71418,-0.16352,0.1785,0.0,0.0,results/chips_neg20/site-36fa3c05-da0ae710/2025-09-H2.png
da0ae710-17f5-11f1-ab51-1bd26848f511,site-36fa3c05-da0ae710,Site 36fa3c05,,27.42,2,negative,2026-02-H2,True,,2025-10-H1,-9,2828,1.0,0.03083,0.31585,0.01576,0.00015,0.66824,0.73737,-0.1835,0.18185,0.0,0.0,results/chips_neg20/site-36fa3c05-da0ae710/2025-10-H1.png
da0ae710-17f5-11f1-ab51-1bd26848f511,site-36fa3c05-da0ae710,Site 36fa3c05,,27.42,2,negative,2026-02-H2,True,,2025-10-H2,-8,2828,1.0,0.03318,0.26035,0.01719,8e-05,0.72238,0.67525,-0.11994,0.17845,0.0,0.0,results/chips_neg20/site-36fa3c05-da0ae710/2025-10-H2.png
da0ae710-17f5-11f1-ab51-1bd26848f511,site-36fa3c05-da0ae710,Site 36fa3c05,,27.42,2,negative,2026-02-H2,True,,2025-12-H1,-5,318,0.1173,0.04592,0.11584,0.0,0.13272,0.75145,0.21585,-0.43902,0.10613,0.0,0.0,results/chips_neg20/site-36fa3c05-da0ae710/2025-12-H1.png
da0ae710-17f5-11f1-ab51-1bd26848f511,site-36fa3c05-da0ae710,Site 36fa3c05,,27.42,2,negative,2026-02-H2,True,,2025-12-H2,-4,984,0.363,0.03435,0.13809,0.00017,0.16486,0.69688,0.21223,-0.33492,0.14643,0.0,100.52098,results/chips_neg20/site-36fa3c05-da0ae710/2025-12-H2.png
da0ae710-17f5-11f1-ab51-1bd26848f511,site-36fa3c05-da0ae710,Site 36fa3c05,,27.42,2,negative,2026-02-H2,True,,2026-03-H1,1,1481,0.5463,0.00843,0.02172,0.01543,0.0346,0.92825,0.069,0.03741,0.13468,0.0,0.0,results/chips_neg20/site-36fa3c05-da0ae710/2026-03-H1.png
da0ae710-17f5-11f1-ab51-1bd26848f511,site-36fa3c05-da0ae710,Site 36fa3c05,,27.42,2,negative,2026-02-H2,True,,2026-03-H2,2,68,0.0251,0.03843,0.10445,0.0,0.10768,0.78787,0.18893,-0.39083,0.10665,0.0,0.0,results/chips_neg20/site-36fa3c05-da0ae710/2026-03-H2.png
da0ae710-17f5-11f1-ab51-1bd26848f511,site-36fa3c05-da0ae710,Site 36fa3c05,,27.42,2,negative,2026-02-H2,True,,2026-04-H1,3,2702,0.9967,0.03724,0.09255,0.22455,0.00074,0.68216,0.33451,0.18652,0.25606,2814.58734,0.0,results/chips_neg20/site-36fa3c05-da0ae710/2026-04-H1.png
da0ae710-17f5-11f1-ab51-1bd26848f511,site-36fa3c05-da0ae710,Site 36fa3c05,,27.42,2,negative,2026-02-H2,True,,2026-04-H2,4,2757,1.0,0.03425,0.102,0.18445,0.00024,0.71331,0.37842,0.14288,0.2327,0.0,0.0,results/chips_neg20/site-36fa3c05-da0ae710/2026-04-H2.png
da0ae710-17f5-11f1-ab51-1bd26848f511,site-36fa3c05-da0ae710,Site 36fa3c05,,27.42,2,negative,2026-02-H2,True,,2026-05-H2,6,2756,1.0,0.02128,0.38464,0.03825,0.00062,0.57649,0.74242,-0.23228,0.19743,0.0,0.0,results/chips_neg20/site-36fa3c05-da0ae710/2026-05-H2.png
da0ae710-17f5-11f1-ab51-1bd26848f511,site-36fa3c05-da0ae710,Site 36fa3c05,,27.42,2,negative,2026-02-H2,True,,2026-06-H1,7,2798,1.0,0.02266,0.47945,0.01504,0.00071,0.50479,0.81133,-0.32707,0.18734,0.0,0.0,results/chips_neg20/site-36fa3c05-da0ae710/2026-06-H1.png
da0ae710-17f5-11f1-ab51-1bd26848f511,site-36fa3c05-da0ae710,Site 36fa3c05,,27.42,2,negative,2026-02-H2,True,,2026-06-H2,8,2814,1.0,0.01929,0.57676,0.00748,0.00132,0.41444,0.83896,-0.35983,0.20204,0.0,0.0,results/chips_neg20/site-36fa3c05-da0ae710/2026-06-H2.png
da0ae710-17f5-11f1-ab51-1bd26848f511,site-36fa3c05-da0ae710,Site 36fa3c05,,27.42,2,negative,2026-02-H2,True,,2026-07-H1,9,183,0.0675,0.01924,0.57017,0.00047,0.00652,0.42284,0.81546,-0.39285,0.19169,0.0,0.0,results/chips_neg20/site-36fa3c05-da0ae710/2026-07-H1.png
da0ae710-17f5-11f1-ab51-1bd26848f511,site-36fa3c05-da0ae710,Site 36fa3c05,,27.42,2,negative,2026-02-H2,True,,2026-07-H2,10,2830,1.0,0.02339,0.4462,0.00364,0.00223,0.54793,0.81235,-0.3342,0.17649,0.0,0.0,results/chips_neg20/site-36fa3c05-da0ae710/2026-07-H2.png
da0ae710-17f5-11f1-ab51-1bd26848f511,site-36fa3c05-da0ae710,Site 36fa3c05,,27.42,2,negative,2026-02-H2,True,,2026-08-H1,11,2830,1.0,0.02877,0.43336,0.00246,0.00022,0.56396,0.85098,-0.33448,0.16974,0.0,0.0,results/chips_neg20/site-36fa3c05-da0ae710/2026-08-H1.png
da0ae710-17f5-11f1-ab51-1bd26848f511,site-36fa3c05-da0ae710,Site 36fa3c05,,27.42,2,negative,2026-02-H2,True,,2026-08-H2,12,2830,1.0,0.02851,0.41589,0.00177,0.00032,0.58202,0.83045,-0.28993,0.17859,0.0,0.0,results/chips_neg20/site-36fa3c05-da0ae710/2026-08-H2.png
da0ae710-17f5-11f1-ab51-1bd26848f511,site-36fa3c05-da0ae710,Site 36fa3c05,,27.42,2,negative,2026-02-H2,True,,2026-09-H1,13,2830,1.0,0.03179,0.36752,0.00121,0.00028,0.63099,0.8246,-0.28232,0.16543,0.0,0.0,results/chips_neg20/site-36fa3c05-da0ae710/2026-09-H1.png
7e6455b0-2d25-11f0-be06-67284d8022d3,site-39792a5d-7e6455b0,Site 39792a5d,,278.12,5,negative,2026-02-H1,True,,2023-01-H1,-74,8265,0.2982,0.03267,0.12547,0.33554,5e-05,0.53894,0.3552,0.16037,0.31259,0.0,0.0,results/chips_neg20/site-39792a5d-7e6455b0/2023-01-H1.png
7e6455b0-2d25-11f0-be06-67284d8022d3,site-39792a5d-7e6455b0,Site 39792a5d,,278.12,5,negative,2026-02-H1,True,,2023-01-H2,-73,28064,1.0,0.03311,0.11849,0.32521,0.00117,0.55513,0.34113,0.16659,0.30828,15288.50473,0.0,results/chips_neg20/site-39792a5d-7e6455b0/2023-01-H2.png
7e6455b0-2d25-11f0-be06-67284d8022d3,site-39792a5d-7e6455b0,Site 39792a5d,,278.12,5,negative,2026-02-H1,True,,2023-02-H1,-72,28003,1.0,0.02203,0.1847,0.00756,0.00571,0.80203,0.34324,-0.19273,0.13898,0.0,0.0,results/chips_neg20/site-39792a5d-7e6455b0/2023-02-H1.png
7e6455b0-2d25-11f0-be06-67284d8022d3,site-39792a5d-7e6455b0,Site 39792a5d,,278.12,5,negative,2026-02-H1,True,,2023-02-H2,-71,28064,1.0,0.03056,0.16459,0.29523,0.00119,0.539,0.41497,0.10926,0.30011,15388.42959,0.0,results/chips_neg20/site-39792a5d-7e6455b0/2023-02-H2.png
7e6455b0-2d25-11f0-be06-67284d8022d3,site-39792a5d-7e6455b0,Site 39792a5d,,278.12,5,negative,2026-02-H1,True,,2023-03-H1,-70,28064,1.0,0.02559,0.18352,0.25781,0.00119,0.55748,0.44502,0.07039,0.28286,10691.96082,0.0,results/chips_neg20/site-39792a5d-7e6455b0/2023-03-H1.png
7e6455b0-2d25-11f0-be06-67284d8022d3,site-39792a5d-7e6455b0,Site 39792a5d,,278.12,5,negative,2026-02-H1,True,,2023-03-H2,-69,28064,1.0,0.02197,0.29741,0.18426,0.00158,0.51675,0.58315,-0.04984,0.2678,14289.25605,0.0,results/chips_neg20/site-39792a5d-7e6455b0/2023-03-H2.png
7e6455b0-2d25-11f0-be06-67284d8022d3,site-39792a5d-7e6455b0,Site 39792a5d,,278.12,5,negative,2026-02-H1,True,,2023-04-H1,-68,1429,0.0516,0.01182,0.40413,0.07209,0.0453,0.47848,0.61413,-0.22208,0.2384,0.0,0.0,results/chips_neg20/site-39792a5d-7e6455b0/2023-04-H1.png
7e6455b0-2d25-11f0-be06-67284d8022d3,site-39792a5d-7e6455b0,Site 39792a5d,,278.12,5,negative,2026-02-H1,True,,2023-04-H2,-67,18163,0.6553,0.01844,0.38001,0.04184,0.00336,0.57479,0.713,-0.22154,0.20407,5695.71745,0.0,results/chips_neg20/site-39792a5d-7e6455b0/2023-04-H2.png
7e6455b0-2d25-11f0-be06-67284d8022d3,site-39792a5d-7e6455b0,Site 39792a5d,,278.12,5,negative,2026-02-H1,True,,2023-05-H2,-65,28064,1.0,0.01803,0.36031,0.03832,0.00202,0.59935,0.69376,-0.18505,0.20852,13190.08251,0.0,results/chips_neg20/site-39792a5d-7e6455b0/2023-05-H2.png
7e6455b0-2d25-11f0-be06-67284d8022d3,site-39792a5d-7e6455b0,Site 39792a5d,,278.12,5,negative,2026-02-H1,True,,2023-06-H1,-64,28064,1.0,0.0196,0.27195,0.1435,0.00196,0.58259,0.55309,-0.06002,0.24491,15388.42959,199.84973,results/chips_neg20/site-39792a5d-7e6455b0/2023-06-H1.png
7e6455b0-2d25-11f0-be06-67284d8022d3,site-39792a5d-7e6455b0,Site 39792a5d,,278.12,5,negative,2026-02-H1,True,,2023-06-H2,-63,28064,1.0,0.03043,0.14939,0.28675,0.00165,0.56221,0.3806,0.12768,0.29988,20084.89837,99.92487,results/chips_neg20/site-39792a5d-7e6455b0/2023-06-H2.png
7e6455b0-2d25-11f0-be06-67284d8022d3,site-39792a5d-7e6455b0,Site 39792a5d,,278.12,5,negative,2026-02-H1,True,,2023-07-H1,-62,22024,0.7946,0.03179,0.1324,0.36104,0.00218,0.50439,0.35119,0.1599,0.33238,45066.11524,499.62434,results/chips_neg20/site-39792a5d-7e6455b0/2023-07-H1.png
7e6455b0-2d25-11f0-be06-67284d8022d3,site-39792a5d-7e6455b0,Site 39792a5d,,278.12,5,negative,2026-02-H1,True,,2023-07-H2,-61,28064,1.0,0.03096,0.1097,0.43007,0.00175,0.45848,0.2659,0.18341,0.35849,371320.80759,99.92487,results/chips_neg20/site-39792a5d-7e6455b0/2023-07-H2.png
7e6455b0-2d25-11f0-be06-67284d8022d3,site-39792a5d-7e6455b0,Site 39792a5d,,278.12,5,negative,2026-02-H1,True,,2023-08-H1,-60,28064,1.0,0.02929,0.10468,0.48083,0.0023,0.41219,0.23381,0.18025,0.37553,1059303.52025,699.47407,results/chips_neg20/site-39792a5d-7e6455b0/2023-08-H1.png
7e6455b0-2d25-11f0-be06-67284d8022d3,site-39792a5d-7e6455b0,Site 39792a5d,,278.12,5,negative,2026-02-H1,True,,2023-08-H2,-59,28064,1.0,0.03024,0.10504,0.4815,0.00252,0.41093,0.22667,0.18302,0.37831,1061202.09273,699.47407,results/chips_neg20/site-39792a5d-7e6455b0/2023-08-H2.png
7e6455b0-2d25-11f0-be06-67284d8022d3,site-39792a5d-7e6455b0,Site 39792a5d,,278.12,5,negative,2026-02-H1,True,,2023-09-H1,-58,28064,1.0,0.02899,0.11836,0.50542,0.00366,0.37256,0.22846,0.16415,0.38798,1513761.81758,399.69947,results/chips_neg20/site-39792a5d-7e6455b0/2023-09-H1.png
7e6455b0-2d25-11f0-be06-67284d8022d3,site-39792a5d-7e6455b0,Site 39792a5d,,278.12,5,negative,2026-02-H1,True,,2023-09-H2,-57,28064,1.0,0.03563,0.05295,0.42816,0.00147,0.51741,0.23484,0.25193,0.34707,308268.2162,0.0,results/chips_neg20/site-39792a5d-7e6455b0/2023-09-H2.png
7e6455b0-2d25-11f0-be06-67284d8022d3,site-39792a5d-7e6455b0,Site 39792a5d,,278.12,5,negative,2026-02-H1,True,,2023-10-H1,-56,28064,1.0,0.03784,0.05381,0.37752,0.00116,0.56751,0.2528,0.25689,0.32578,17287.00208,0.0,results/chips_neg20/site-39792a5d-7e6455b0/2023-10-H1.png
7e6455b0-2d25-11f0-be06-67284d8022d3,site-39792a5d-7e6455b0,Site 39792a5d,,278.12,5,negative,2026-02-H1,True,,2023-10-H2,-55,28064,1.0,0.03332,0.09686,0.38898,0.00161,0.51255,0.29642,0.19571,0.33484,38071.37451,299.7746,results/chips_neg20/site-39792a5d-7e6455b0/2023-10-H2.png
7e6455b0-2d25-11f0-be06-67284d8022d3,site-39792a5d-7e6455b0,Site 39792a5d,,278.12,5,negative,2026-02-H1,True,,2023-11-H1,-54,28064,1.0,0.03653,0.12642,0.25002,0.00117,0.62239,0.41468,0.16275,0.28091,9093.16294,0.0,results/chips_neg20/site-39792a5d-7e6455b0/2023-11-H1.png
7e6455b0-2d25-11f0-be06-67284d8022d3,site-39792a5d-7e6455b0,Site 39792a5d,,278.12,5,negative,2026-02-H1,True,,2023-11-H2,-53,28064,1.0,0.03816,0.13546,0.23228,0.00117,0.6311,0.45544,0.15236,0.27379,10392.18622,0.0,results/chips_neg20/site-39792a5d-7e6455b0/2023-11-H2.png
7e6455b0-2d25-11f0-be06-67284d8022d3,site-39792a5d-7e6455b0,Site 39792a5d,,278.12,5,negative,2026-02-H1,True,,2023-12-H1,-52,28064,1.0,0.0384,0.17147,0.2188,0.00129,0.60844,0.48644,0.11516,0.27585,10192.33648,0.0,results/chips_neg20/site-39792a5d-7e6455b0/2023-12-H1.png
7e6455b0-2d25-11f0-be06-67284d8022d3,site-39792a5d-7e6455b0,Site 39792a5d,,278.12,5,negative,2026-02-H1,True,,2023-12-H2,-51,28064,1.0,0.03247,0.21155,0.13015,0.00108,0.65721,0.53885,0.03027,0.23717,0.0,0.0,results/chips_neg20/site-39792a5d-7e6455b0/2023-12-H2.png
7e6455b0-2d25-11f0-be06-67284d8022d3,site-39792a5d-7e6455b0,Site 39792a5d,,278.12,5,negative,2026-02-H1,True,,2024-01-H1,-50,28064,1.0,0.03081,0.20686,0.18047,0.00105,0.61163,0.50921,0.043,0.25659,2797.89629,0.0,results/chips_neg20/site-39792a5d-7e6455b0/2024-01-H1.png
7e6455b0-2d25-11f0-be06-67284d8022d3,site-39792a5d-7e6455b0,Site 39792a5d,,278.12,5,negative,2026-02-H1,True,,2024-01-H2,-49,28064,1.0,0.03453,0.14887,0.225,0.00104,0.62508,0.4371,0.12254,0.26919,1498.87301,0.0,results/chips_neg20/site-39792a5d-7e6455b0/2024-01-H2.png
7e6455b0-2d25-11f0-be06-67284d8022d3,site-39792a5d-7e6455b0,Site 39792a5d,,278.12,5,negative,2026-02-H1,True,,2024-02-H1,-48,28064,1.0,0.03226,0.18316,0.17403,0.00114,0.64167,0.48363,0.06867,0.25128,2298.27195,0.0,results/chips_neg20/site-39792a5d-7e6455b0/2024-02-H1.png
7e6455b0-2d25-11f0-be06-67284d8022d3,site-39792a5d-7e6455b0,Site 39792a5d,,278.12,5,negative,2026-02-H1,True,,2024-02-H2,-47,28064,1.0,0.03287,0.18197,0.23398,0.00149,0.58256,0.47672,0.08886,0.2788,12490.60844,0.0,results/chips_neg20/site-39792a5d-7e6455b0/2024-02-H2.png
7e6455b0-2d25-11f0-be06-67284d8022d3,site-39792a5d-7e6455b0,Site 39792a5d,,278.12,5,negative,2026-02-H1,True,,2024-03-H1,-46,28064,1.0,0.02697,0.23989,0.14235,0.00127,0.61648,0.57266,-0.00805,0.24453,3297.52063,0.0,results/chips_neg20/site-39792a5d-7e6455b0/2024-03-H1.png
7e6455b0-2d25-11f0-be06-67284d8022d3,site-39792a5d-7e6455b0,Site 39792a5d,,278.12,5,negative,2026-02-H1,True,,2024-03-H2,-45,28064,1.0,0.02643,0.27817,0.12202,0.00141,0.59839,0.62965,-0.04989,0.24148,7794.13966,0.0,results/chips_neg20/site-39792a5d-7e6455b0/2024-03-H2.png
7e6455b0-2d25-11f0-be06-67284d8022d3,site-39792a5d-7e6455b0,Site 39792a5d,,278.12,5,negative,2026-02-H1,True,,2024-04-H1,-44,28064,1.0,0.02329,0.33164,0.07342,0.00156,0.59338,0.68107,-0.12705,0.22445,7194.59046,0.0,results/chips_neg20/site-39792a5d-7e6455b0/2024-04-H1.png
7e6455b0-2d25-11f0-be06-67284d8022d3,site-39792a5d-7e6455b0,Site 39792a5d,,278.12,5,negative,2026-02-H1,True,,2024-05-H1,-42,27127,0.9787,0.01251,0.39025,0.04254,0.00743,0.55979,0.6642,-0.23937,0.20513,10791.88569,0.0,results/chips_neg20/site-39792a5d-7e6455b0/2024-05-H1.png
7e6455b0-2d25-11f0-be06-67284d8022d3,site-39792a5d-7e6455b0,Site 39792a5d,,278.12,5,negative,2026-02-H1,True,,2024-05-H2,-41,28064,1.0,0.0182,0.33753,0.037,0.00188,0.6236,0.65517,-0.18079,0.20019,7494.36506,0.0,results/chips_neg20/site-39792a5d-7e6455b0/2024-05-H2.png
7e6455b0-2d25-11f0-be06-67284d8022d3,site-39792a5d-7e6455b0,Site 39792a5d,,278.12,5,negative,2026-02-H1,True,,2024-06-H1,-40,27674,0.9984,0.02227,0.27147,0.12886,0.00181,0.59786,0.58054,-0.05525,0.24184,12490.60844,99.92487,results/chips_neg20/site-39792a5d-7e6455b0/2024-06-H1.png
7e6455b0-2d25-11f0-be06-67284d8022d3,site-39792a5d-7e6455b0,Site 39792a5d,,278.12,5,negative,2026-02-H1,True,,2024-06-H2,-39,25236,0.9105,0.02293,0.25014,0.21646,0.00405,0.52935,0.51182,0.00337,0.28243,15088.65499,599.5492,results/chips_neg20/site-39792a5d-7e6455b0/2024-06-H2.png
7e6455b0-2d25-11f0-be06-67284d8022d3,site-39792a5d-7e6455b0,Site 39792a5d,,278.12,5,negative,2026-02-H1,True,,2024-07-H1,-38,28064,1.0,0.02466,0.24368,0.21679,0.0019,0.53764,0.49413,0.01381,0.28207,14888.80526,199.84973,results/chips_neg20/site-39792a5d-7e6455b0/2024-07-H1.png
7e6455b0-2d25-11f0-be06-67284d8022d3,site-39792a5d-7e6455b0,Site 39792a5d,,278.12,5,negative,2026-02-H1,True,,2024-07-H2,-37,26781,0.9662,0.02283,0.21909,0.23752,0.00205,0.54134,0.50337,0.03642,0.28355,16587.528,199.84973,results/chips_neg20/site-39792a5d-7e6455b0/2024-07-H2.png
7e6455b0-2d25-11f0-be06-67284d8022d3,site-39792a5d-7e6455b0,Site 39792a5d,,278.12,5,negative,2026-02-H1,True,,2024-08-H1,-36,28064,1.0,0.02508,0.24156,0.1974,0.00157,0.55946,0.52567,0.01054,0.27138,11591.28463,0.0,results/chips_neg20/site-39792a5d-7e6455b0/2024-08-H1.png
7e6455b0-2d25-11f0-be06-67284d8022d3,site-39792a5d-7e6455b0,Site 39792a5d,,278.12,5,negative,2026-02-H1,True,,2024-08-H2,-35,28064,1.0,0.02832,0.17692,0.2838,0.00192,0.53736,0.41308,0.09925,0.30417,31975.9576,199.84973,results/chips_neg20/site-39792a5d-7e6455b0/2024-08-H2.png
7e6455b0-2d25-11f0-be06-67284d8022d3,site-39792a5d-7e6455b0,Site 39792a5d,,278.12,5,negative,2026-02-H1,True,,2024-09-H1,-34,28064,1.0,0.02819,0.22863,0.17418,0.00198,0.59521,0.54211,0.01548,0.25872,25580.76608,199.84973,results/chips_neg20/site-39792a5d-7e6455b0/2024-09-H1.png
7e6455b0-2d25-11f0-be06-67284d8022d3,site-39792a5d-7e6455b0,Site 39792a5d,,278.12,5,negative,2026-02-H1,True,,2024-09-H2,-33,28064,1.0,0.02945,0.23968,0.15307,0.00191,0.60534,0.56531,0.00478,0.25509,24181.81793,0.0,results/chips_neg20/site-39792a5d-7e6455b0/2024-09-H2.png
7e6455b0-2d25-11f0-be06-67284d8022d3,site-39792a5d-7e6455b0,Site 39792a5d,,278.12,5,negative,2026-02-H1,True,,2024-10-H1,-32,28064,1.0,0.02655,0.1839,0.24583,0.00202,0.56826,0.44107,0.07344,0.28443,42967.69302,0.0,results/chips_neg20/site-39792a5d-7e6455b0/2024-10-H1.png
7e6455b0-2d25-11f0-be06-67284d8022d3,site-39792a5d-7e6455b0,Site 39792a5d,,278.12,5,negative,2026-02-H1,True,,2024-10-H2,-31,28064,1.0,0.02897,0.18824,0.24005,0.00241,0.5693,0.43092,0.07561,0.28559,35673.17769,0.0,results/chips_neg20/site-39792a5d-7e6455b0/2024-10-H2.png
7e6455b0-2d25-11f0-be06-67284d8022d3,site-39792a5d-7e6455b0,Site 39792a5d,,278.12,5,negative,2026-02-H1,True,,2024-11-H1,-30,28064,1.0,0.03989,0.11646,0.19557,0.00103,0.68694,0.4057,0.17744,0.25821,1798.64761,0.0,results/chips_neg20/site-39792a5d-7e6455b0/2024-11-H1.png
7e6455b0-2d25-11f0-be06-67284d8022d3,site-39792a5d-7e6455b0,Site 39792a5d,,278.12,5,negative,2026-02-H1,True,,2024-11-H2,-29,28064,1.0,0.03914,0.13258,0.26522,0.00175,0.60046,0.39759,0.16933,0.29409,30876.78405,0.0,results/chips_neg20/site-39792a5d-7e6455b0/2024-11-H2.png
7e6455b0-2d25-11f0-be06-67284d8022d3,site-39792a5d-7e6455b0,Site 39792a5d,,278.12,5,negative,2026-02-H1,True,,2024-12-H1,-28,28064,1.0,0.0377,0.10857,0.20661,0.00086,0.68396,0.36818,0.18051,0.25839,299.7746,0.0,results/chips_neg20/site-39792a5d-7e6455b0/2024-12-H1.png
7e6455b0-2d25-11f0-be06-67284d8022d3,site-39792a5d-7e6455b0,Site 39792a5d,,278.12,5,negative,2026-02-H1,True,,2024-12-H2,-27,28064,1.0,0.03937,0.10243,0.24216,0.00098,0.65443,0.36292,0.19994,0.27573,2797.89629,0.0,results/chips_neg20/site-39792a5d-7e6455b0/2024-12-H2.png
7e6455b0-2d25-11f0-be06-67284d8022d3,site-39792a5d-7e6455b0,Site 39792a5d,,278.12,5,negative,2026-02-H1,True,,2025-01-H1,-26,28064,1.0,0.03827,0.08953,0.28737,0.00113,0.62197,0.35622,0.21502,0.29163,26679.93962,0.0,results/chips_neg20/site-39792a5d-7e6455b0/2025-01-H1.png
7e6455b0-2d25-11f0-be06-67284d8022d3,site-39792a5d-7e6455b0,Site 39792a5d,,278.12,5,negative,2026-02-H1,True,,2025-01-H2,-25,28064,1.0,0.03805,0.10251,0.30617,0.00119,0.59013,0.34912,0.20069,0.30295,24981.21687,0.0,results/chips_neg20/site-39792a5d-7e6455b0/2025-01-H2.png
7e6455b0-2d25-11f0-be06-67284d8022d3,site-39792a5d-7e6455b0,Site 39792a5d,,278.12,5,negative,2026-02-H1,True,,2025-02-H1,-24,28064,1.0,0.03944,0.09511,0.33548,0.00155,0.56786,0.34164,0.21254,0.31447,40869.2708,0.0,results/chips_neg20/site-39792a5d-7e6455b0/2025-02-H1.png
7e6455b0-2d25-11f0-be06-67284d8022d3,site-39792a5d-7e6455b0,Site 39792a5d,,278.12,5,negative,2026-02-H1,True,,2025-02-H2,-23,28064,1.0,0.04076,0.11395,0.30672,0.00153,0.5778,0.37957,0.19731,0.30903,27079.63909,0.0,results/chips_neg20/site-39792a5d-7e6455b0/2025-02-H2.png
7e6455b0-2d25-11f0-be06-67284d8022d3,site-39792a5d-7e6455b0,Site 39792a5d,,278.12,5,negative,2026-02-H1,True,,2025-03-H1,-22,28064,1.0,0.03106,0.14931,0.27044,0.00132,0.57893,0.40351,0.12183,0.28909,1598.79788,0.0,results/chips_neg20/site-39792a5d-7e6455b0/2025-03-H1.png
7e6455b0-2d25-11f0-be06-67284d8022d3,site-39792a5d-7e6455b0,Site 39792a5d,,278.12,5,negative,2026-02-H1,True,,2025-03-H2,-21,28064,1.0,0.03034,0.192,0.30871,0.00212,0.49717,0.45817,0.09021,0.31505,44366.64116,99.92487,results/chips_neg20/site-39792a5d-7e6455b0/2025-03-H2.png
7e6455b0-2d25-11f0-be06-67284d8022d3,site-39792a5d-7e6455b0,Site 39792a5d,,278.12,5,negative,2026-02-H1,True,,2025-04-H1,-20,28064,1.0,0.02892,0.24688,0.20301,0.0019,0.54821,0.56058,0.01816,0.27931,16587.528,0.0,results/chips_neg20/site-39792a5d-7e6455b0/2025-04-H1.png
7e6455b0-2d25-11f0-be06-67284d8022d3,site-39792a5d-7e6455b0,Site 39792a5d,,278.12,5,negative,2026-02-H1,True,,2025-04-H2,-19,12991,0.4687,0.02056,0.31935,0.17483,0.00514,0.50068,0.61022,-0.07278,0.27227,2598.04655,0.0,results/chips_neg20/site-39792a5d-7e6455b0/2025-04-H2.png
7e6455b0-2d25-11f0-be06-67284d8022d3,site-39792a5d-7e6455b0,Site 39792a5d,,278.12,5,negative,2026-02-H1,True,,2025-05-H1,-18,28064,1.0,0.01978,0.37518,0.037,0.0018,0.58602,0.72864,-0.18677,0.21272,3097.67089,0.0,results/chips_neg20/site-39792a5d-7e6455b0/2025-05-H1.png
7e6455b0-2d25-11f0-be06-67284d8022d3,site-39792a5d-7e6455b0,Site 39792a5d,,278.12,5,negative,2026-02-H1,True,,2025-05-H2,-17,28064,1.0,0.01826,0.3717,0.07691,0.00216,0.54923,0.68123,-0.15776,0.23249,18586.02535,99.92487,results/chips_neg20/site-39792a5d-7e6455b0/2025-05-H2.png
7e6455b0-2d25-11f0-be06-67284d8022d3,site-39792a5d-7e6455b0,Site 39792a5d,,278.12,5,negative,2026-02-H1,True,,2025-06-H1,-16,28064,1.0,0.01816,0.33402,0.08596,0.00156,0.57846,0.63834,-0.12637,0.23153,5495.86771,0.0,results/chips_neg20/site-39792a5d-7e6455b0/2025-06-H1.png
7e6455b0-2d25-11f0-be06-67284d8022d3,site-39792a5d-7e6455b0,Site 39792a5d,,278.12,5,negative,2026-02-H1,True,,2025-06-H2,-15,28064,1.0,0.021,0.33529,0.13284,0.00437,0.5275,0.61399,-0.09581,0.25813,21683.69624,399.69947,results/chips_neg20/site-39792a5d-7e6455b0/2025-06-H2.png
7e6455b0-2d25-11f0-be06-67284d8022d3,site-39792a5d-7e6455b0,Site 39792a5d,,278.12,5,negative,2026-02-H1,True,,2025-07-H1,-14,5443,0.1964,0.01849,0.39059,0.17877,0.01089,0.41976,0.62808,-0.11997,0.28858,599.5492,99.92487,results/chips_neg20/site-39792a5d-7e6455b0/2025-07-H1.png
7e6455b0-2d25-11f0-be06-67284d8022d3,site-39792a5d-7e6455b0,Site 39792a5d,,278.12,5,negative,2026-02-H1,True,,2025-07-H2,-13,28064,1.0,0.01911,0.36292,0.10281,0.00219,0.53208,0.66653,-0.13201,0.24619,14489.10579,299.7746,results/chips_neg20/site-39792a5d-7e6455b0/2025-07-H2.png
7e6455b0-2d25-11f0-be06-67284d8022d3,site-39792a5d-7e6455b0,Site 39792a5d,,278.12,5,negative,2026-02-H1,True,,2025-08-H1,-12,28064,1.0,0.02206,0.3119,0.12952,0.00193,0.55665,0.60655,-0.07555,0.25393,12990.23277,0.0,results/chips_neg20/site-39792a5d-7e6455b0/2025-08-H1.png
7e6455b0-2d25-11f0-be06-67284d8022d3,site-39792a5d-7e6455b0,Site 39792a5d,,278.12,5,negative,2026-02-H1,True,,2025-08-H2,-11,28064,1.0,0.02515,0.25401,0.16638,0.00154,0.57807,0.55661,-0.00833,0.2631,15788.12906,0.0,results/chips_neg20/site-39792a5d-7e6455b0/2025-08-H2.png
7e6455b0-2d25-11f0-be06-67284d8022d3,site-39792a5d-7e6455b0,Site 39792a5d,,278.12,5,negative,2026-02-H1,True,,2025-09-H1,-10,28064,1.0,0.02584,0.24123,0.163,0.00148,0.59429,0.5539,0.00047,0.25845,15288.50473,0.0,results/chips_neg20/site-39792a5d-7e6455b0/2025-09-H1.png
7e6455b0-2d25-11f0-be06-67284d8022d3,site-39792a5d-7e6455b0,Site 39792a5d,,278.12,5,negative,2026-02-H1,True,,2025-09-H2,-9,28064,1.0,0.02611,0.22264,0.2297,0.00177,0.54589,0.48494,0.04105,0.28785,17986.47615,0.0,results/chips_neg20/site-39792a5d-7e6455b0/2025-09-H2.png
7e6455b0-2d25-11f0-be06-67284d8022d3,site-39792a5d-7e6455b0,Site 39792a5d,,278.12,5,negative,2026-02-H1,True,,2025-10-H1,-8,28064,1.0,0.03202,0.15893,0.26706,0.00161,0.5724,0.39924,0.1227,0.29647,26679.93962,0.0,results/chips_neg20/site-39792a5d-7e6455b0/2025-10-H1.png
7e6455b0-2d25-11f0-be06-67284d8022d3,site-39792a5d-7e6455b0,Site 39792a5d,,278.12,5,negative,2026-02-H1,True,,2025-10-H2,-7,28064,1.0,0.0352,0.13901,0.24351,0.00166,0.61582,0.39912,0.14467,0.28173,23582.26873,0.0,results/chips_neg20/site-39792a5d-7e6455b0/2025-10-H2.png
7e6455b0-2d25-11f0-be06-67284d8022d3,site-39792a5d-7e6455b0,Site 39792a5d,,278.12,5,negative,2026-02-H1,True,,2025-11-H1,-6,28064,1.0,0.03533,0.14013,0.25538,0.00162,0.60287,0.38852,0.14804,0.28852,24681.44227,0.0,results/chips_neg20/site-39792a5d-7e6455b0/2025-11-H1.png
7e6455b0-2d25-11f0-be06-67284d8022d3,site-39792a5d-7e6455b0,Site 39792a5d,,278.12,5,negative,2026-02-H1,True,,2025-11-H2,-5,3116,0.1124,0.03529,0.09598,0.31375,0.00707,0.58321,0.2948,0.19685,0.30638,16887.30261,0.0,results/chips_neg20/site-39792a5d-7e6455b0/2025-11-H2.png
7e6455b0-2d25-11f0-be06-67284d8022d3,site-39792a5d-7e6455b0,Site 39792a5d,,278.12,5,negative,2026-02-H1,True,,2025-12-H1,-4,28064,1.0,0.04078,0.08849,0.28486,0.00116,0.62548,0.33051,0.22792,0.29577,15987.9788,0.0,results/chips_neg20/site-39792a5d-7e6455b0/2025-12-H1.png
7e6455b0-2d25-11f0-be06-67284d8022d3,site-39792a5d-7e6455b0,Site 39792a5d,,278.12,5,negative,2026-02-H1,True,,2025-12-H2,-3,28064,1.0,0.044,0.05229,0.32682,0.00109,0.6198,0.26556,0.29469,0.31684,27379.41369,0.0,results/chips_neg20/site-39792a5d-7e6455b0/2025-12-H2.png
7e6455b0-2d25-11f0-be06-67284d8022d3,site-39792a5d-7e6455b0,Site 39792a5d,,278.12,5,negative,2026-02-H1,True,,2026-01-H1,-2,28064,1.0,0.04324,0.07028,0.31434,0.00132,0.61406,0.29353,0.26644,0.31258,24981.21687,0.0,results/chips_neg20/site-39792a5d-7e6455b0/2026-01-H1.png
7e6455b0-2d25-11f0-be06-67284d8022d3,site-39792a5d-7e6455b0,Site 39792a5d,,278.12,5,negative,2026-02-H1,True,,2026-01-H2,-1,25243,0.9107,0.01765,0.12648,0.08372,0.12603,0.66377,0.18473,-0.11506,0.21224,0.0,42068.36921,results/chips_neg20/site-39792a5d-7e6455b0/2026-01-H2.png
7e6455b0-2d25-11f0-be06-67284d8022d3,site-39792a5d-7e6455b0,Site 39792a5d,,278.12,5,negative,2026-02-H1,True,,2026-02-H1,0,28064,1.0,0.03762,0.07102,0.38097,0.00113,0.54687,0.25946,0.24732,0.33743,32175.80733,0.0,results/chips_neg20/site-39792a5d-7e6455b0/2026-02-H1.png
7e6455b0-2d25-11f0-be06-67284d8022d3,site-39792a5d-7e6455b0,Site 39792a5d,,278.12,5,negative,2026-02-H1,True,,2026-02-H2,1,28064,1.0,0.03689,0.07886,0.38282,0.00151,0.53681,0.2976,0.23127,0.33498,45265.96497,0.0,results/chips_neg20/site-39792a5d-7e6455b0/2026-02-H2.png
7e6455b0-2d25-11f0-be06-67284d8022d3,site-39792a5d-7e6455b0,Site 39792a5d,,278.12,5,negative,2026-02-H1,True,,2026-03-H1,2,28064,1.0,0.03516,0.13801,0.30203,0.0014,0.55857,0.39569,0.16323,0.3123,13889.55658,0.0,results/chips_neg20/site-39792a5d-7e6455b0/2026-03-H1.png
7e6455b0-2d25-11f0-be06-67284d8022d3,site-39792a5d-7e6455b0,Site 39792a5d,,278.12,5,negative,2026-02-H1,True,,2026-03-H2,3,28064,1.0,0.03192,0.1731,0.29045,0.00176,0.53469,0.43476,0.11715,0.31079,17886.55128,0.0,results/chips_neg20/site-39792a5d-7e6455b0/2026-03-H2.png
7e6455b0-2d25-11f0-be06-67284d8022d3,site-39792a5d-7e6455b0,Site 39792a5d,,278.12,5,negative,2026-02-H1,True,,2026-04-H1,4,28064,1.0,0.02818,0.25325,0.2069,0.0019,0.53795,0.55954,0.01352,0.28242,13689.70685,0.0,results/chips_neg20/site-39792a5d-7e6455b0/2026-04-H1.png
7e6455b0-2d25-11f0-be06-67284d8022d3,site-39792a5d-7e6455b0,Site 39792a5d,,278.12,5,negative,2026-02-H1,True,,2026-05-H1,6,28064,1.0,0.02191,0.37367,0.05124,0.00189,0.57319,0.7222,-0.15719,0.22682,7993.9894,0.0,results/chips_neg20/site-39792a5d-7e6455b0/2026-05-H1.png
7e6455b0-2d25-11f0-be06-67284d8022d3,site-39792a5d-7e6455b0,Site 39792a5d,,278.12,5,negative,2026-02-H1,True,,2026-05-H2,7,23632,0.8526,0.01955,0.34495,0.07266,0.00228,0.58011,0.66537,-0.13217,0.23013,3797.14496,0.0,results/chips_neg20/site-39792a5d-7e6455b0/2026-05-H2.png
7e6455b0-2d25-11f0-be06-67284d8022d3,site-39792a5d-7e6455b0,Site 39792a5d,,278.12,5,negative,2026-02-H1,True,,2026-06-H1,8,9104,0.3285,0.01738,0.30502,0.12127,0.02739,0.54632,0.56274,-0.1278,0.24438,0.0,0.0,results/chips_neg20/site-39792a5d-7e6455b0/2026-06-H1.png
7e6455b0-2d25-11f0-be06-67284d8022d3,site-39792a5d-7e6455b0,Site 39792a5d,,278.12,5,negative,2026-02-H1,True,,2026-06-H2,9,27794,1.0,0.02346,0.29288,0.17244,0.00496,0.52972,0.58346,-0.04492,0.27028,12890.30791,499.62434,results/chips_neg20/site-39792a5d-7e6455b0/2026-06-H2.png
7e6455b0-2d25-11f0-be06-67284d8022d3,site-39792a5d-7e6455b0,Site 39792a5d,,278.12,5,negative,2026-02-H1,True,,2026-07-H1,10,28064,1.0,0.02873,0.20233,0.24402,0.002,0.55165,0.44286,0.07067,0.29246,16187.82853,199.84973,results/chips_neg20/site-39792a5d-7e6455b0/2026-07-H1.png
7e6455b0-2d25-11f0-be06-67284d8022d3,site-39792a5d-7e6455b0,Site 39792a5d,,278.12,5,negative,2026-02-H1,True,,2026-07-H2,11,28064,1.0,0.03327,0.15783,0.24725,0.00148,0.59344,0.43165,0.13221,0.29142,15888.05393,0.0,results/chips_neg20/site-39792a5d-7e6455b0/2026-07-H2.png
7e6455b0-2d25-11f0-be06-67284d8022d3,site-39792a5d-7e6455b0,Site 39792a5d,,278.12,5,negative,2026-02-H1,True,,2026-08-H1,12,28064,1.0,0.02979,0.14293,0.34943,0.00223,0.50541,0.32544,0.14399,0.32908,45365.88984,399.69947,results/chips_neg20/site-39792a5d-7e6455b0/2026-08-H1.png
7e6455b0-2d25-11f0-be06-67284d8022d3,site-39792a5d-7e6455b0,Site 39792a5d,,278.12,5,negative,2026-02-H1,True,,2026-08-H2,13,28064,1.0,0.02839,0.14306,0.37111,0.00251,0.48333,0.32005,0.13996,0.33577,117211.86956,399.69947,results/chips_neg20/site-39792a5d-7e6455b0/2026-08-H2.png
7e6455b0-2d25-11f0-be06-67284d8022d3,site-39792a5d-7e6455b0,Site 39792a5d,,278.12,5,negative,2026-02-H1,True,,2026-09-H1,14,28064,1.0,0.0328,0.12306,0.42155,0.00364,0.45175,0.26018,0.17399,0.36117,388707.73453,299.7746,results/chips_neg20/site-39792a5d-7e6455b0/2026-09-H1.png
4e5a35d0-0865-11f1-9da4-c7e32c898d42,site-527c9a98-4e5a35d0,Site 527c9a98,,89.61,7,negative,2025-03-H2,True,,2023-01-H1,-53,9089,1.0,0.02985,0.02287,0.43186,0.00179,0.54348,0.19963,0.24122,0.31187,209978.22795,0.0,results/chips_neg20/site-527c9a98-4e5a35d0/2023-01-H1.png
4e5a35d0-0865-11f1-9da4-c7e32c898d42,site-527c9a98-4e5a35d0,Site 527c9a98,,89.61,7,negative,2025-03-H2,True,,2023-01-H2,-52,9089,1.0,0.03785,0.00147,0.43139,0.00177,0.56537,0.17692,0.29556,0.31138,140454.33621,0.0,results/chips_neg20/site-527c9a98-4e5a35d0/2023-01-H2.png
4e5a35d0-0865-11f1-9da4-c7e32c898d42,site-527c9a98-4e5a35d0,Site 527c9a98,,89.61,7,negative,2025-03-H2,True,,2023-02-H1,-51,3345,0.3745,0.02724,0.00723,0.4027,0.01867,0.57141,0.13525,0.25296,0.30415,139047.78348,0.0,results/chips_neg20/site-527c9a98-4e5a35d0/2023-02-H1.png
4e5a35d0-0865-11f1-9da4-c7e32c898d42,site-527c9a98-4e5a35d0,Site 527c9a98,,89.61,7,negative,2025-03-H2,True,,2023-02-H2,-50,5227,0.5852,0.02578,0.0003,0.67354,0.02526,0.3009,0.11712,0.26057,0.41415,485260.68947,401.87221,results/chips_neg20/site-527c9a98-4e5a35d0/2023-02-H2.png
4e5a35d0-0865-11f1-9da4-c7e32c898d42,site-527c9a98-4e5a35d0,Site 527c9a98,,89.61,7,negative,2025-03-H2,True,,2023-03-H1,-49,9089,1.0,0.03563,0.00069,0.51855,0.00207,0.47869,0.14192,0.3005,0.34203,587135.29384,0.0,results/chips_neg20/site-527c9a98-4e5a35d0/2023-03-H1.png
4e5a35d0-0865-11f1-9da4-c7e32c898d42,site-527c9a98-4e5a35d0,Site 527c9a98,,89.61,7,negative,2025-03-H2,True,,2023-03-H2,-48,1793,0.2007,0.02218,0.00541,0.51389,0.06164,0.41906,0.11804,0.20544,0.3639,99664.30724,0.0,results/chips_neg20/site-527c9a98-4e5a35d0/2023-03-H2.png
4e5a35d0-0865-11f1-9da4-c7e32c898d42,site-527c9a98-4e5a35d0,Site 527c9a98,,89.61,7,negative,2025-03-H2,True,,2023-05-H2,-44,1121,0.1255,0.01608,0.18765,0.42136,0.0562,0.33479,0.37891,0.00469,0.35003,44306.41078,100.46805,results/chips_neg20/site-527c9a98-4e5a35d0/2023-05-H2.png
4e5a35d0-0865-11f1-9da4-c7e32c898d42,site-527c9a98-4e5a35d0,Site 527c9a98,,89.61,7,negative,2025-03-H2,True,,2023-06-H1,-43,9089,1.0,0.01403,0.40058,0.35194,0.00468,0.24279,0.59817,-0.08386,0.34927,97353.54205,0.0,results/chips_neg20/site-527c9a98-4e5a35d0/2023-06-H1.png
4e5a35d0-0865-11f1-9da4-c7e32c898d42,site-527c9a98-4e5a35d0,Site 527c9a98,,89.61,7,negative,2025-03-H2,True,,2023-06-H2,-42,9089,1.0,0.01421,0.3838,0.38186,0.00323,0.2311,0.5814,-0.07831,0.3516,197821.5937,0.0,results/chips_neg20/site-527c9a98-4e5a35d0/2023-06-H2.png
4e5a35d0-0865-11f1-9da4-c7e32c898d42,site-527c9a98-4e5a35d0,Site 527c9a98,,89.61,7,negative,2025-03-H2,True,,2023-07-H1,-41,9089,1.0,0.01518,0.34114,0.4001,0.00301,0.25575,0.54009,-0.04266,0.35924,206361.37809,0.0,results/chips_neg20/site-527c9a98-4e5a35d0/2023-07-H1.png
4e5a35d0-0865-11f1-9da4-c7e32c898d42,site-527c9a98-4e5a35d0,Site 527c9a98,,89.61,7,negative,2025-03-H2,True,,2023-07-H2,-40,5407,0.6054,0.01205,0.35891,0.41537,0.02998,0.19574,0.50439,-0.06803,0.37122,180742.02492,100.46805,results/chips_neg20/site-527c9a98-4e5a35d0/2023-07-H2.png
4e5a35d0-0865-11f1-9da4-c7e32c898d42,site-527c9a98-4e5a35d0,Site 527c9a98,,89.61,7,negative,2025-03-H2,True,,2023-08-H1,-39,9089,1.0,0.0104,0.17402,0.68067,0.01028,0.13503,0.30713,0.09246,0.4451,912551.31313,0.0,results/chips_neg20/site-527c9a98-4e5a35d0/2023-08-H1.png
4e5a35d0-0865-11f1-9da4-c7e32c898d42,site-527c9a98-4e5a35d0,Site 527c9a98,,89.61,7,negative,2025-03-H2,True,,2023-08-H2,-38,9089,1.0,0.0178,0.00245,0.74933,0.00279,0.24544,0.14406,0.24516,0.44117,906724.16614,0.0,results/chips_neg20/site-527c9a98-4e5a35d0/2023-08-H2.png
4e5a35d0-0865-11f1-9da4-c7e32c898d42,site-527c9a98-4e5a35d0,Site 527c9a98,,89.61,7,negative,2025-03-H2,True,,2023-09-H1,-37,6031,0.6752,0.02511,0.00364,0.79743,0.02376,0.17516,0.14577,0.21683,0.46632,508669.7455,0.0,results/chips_neg20/site-527c9a98-4e5a35d0/2023-09-H1.png
4e5a35d0-0865-11f1-9da4-c7e32c898d42,site-527c9a98-4e5a35d0,Site 527c9a98,,89.61,7,negative,2025-03-H2,True,,2023-09-H2,-36,4854,0.5434,0.02903,0.00254,0.86274,0.02741,0.1073,0.11621,0.27124,0.50207,467980.18458,0.0,results/chips_neg20/site-527c9a98-4e5a35d0/2023-09-H2.png
4e5a35d0-0865-11f1-9da4-c7e32c898d42,site-527c9a98-4e5a35d0,Site 527c9a98,,89.61,7,negative,2025-03-H2,True,,2023-10-H1,-35,3884,0.4348,0.03645,0.00257,0.72456,0.00864,0.26423,0.13515,0.30767,0.44052,384189.82951,0.0,results/chips_neg20/site-527c9a98-4e5a35d0/2023-10-H1.png
4e5a35d0-0865-11f1-9da4-c7e32c898d42,site-527c9a98-4e5a35d0,Site 527c9a98,,89.61,7,negative,2025-03-H2,True,,2023-10-H2,-34,3377,0.3781,0.01634,0.00942,0.21026,0.02305,0.75727,0.08112,0.18632,0.21522,22102.97136,502.34026,results/chips_neg20/site-527c9a98-4e5a35d0/2023-10-H2.png
4e5a35d0-0865-11f1-9da4-c7e32c898d42,site-527c9a98-4e5a35d0,Site 527c9a98,,89.61,7,negative,2025-03-H2,True,,2023-11-H1,-33,5953,0.6665,0.02993,0.00281,0.71115,0.00327,0.28277,0.14125,0.26033,0.41277,534690.97088,0.0,results/chips_neg20/site-527c9a98-4e5a35d0/2023-11-H1.png
4e5a35d0-0865-11f1-9da4-c7e32c898d42,site-527c9a98-4e5a35d0,Site 527c9a98,,89.61,7,negative,2025-03-H2,True,,2023-11-H2,-32,9089,1.0,0.02199,0.00348,0.49158,0.00058,0.50437,0.15434,0.23696,0.32665,368315.87735,0.0,results/chips_neg20/site-527c9a98-4e5a35d0/2023-11-H2.png
4e5a35d0-0865-11f1-9da4-c7e32c898d42,site-527c9a98-4e5a35d0,Site 527c9a98,,89.61,7,negative,2025-03-H2,True,,2023-12-H2,-30,9089,1.0,0.02959,0.00595,0.5778,0.00045,0.41581,0.19672,0.23383,0.36136,715533.46385,0.0,results/chips_neg20/site-527c9a98-4e5a35d0/2023-12-H2.png
4e5a35d0-0865-11f1-9da4-c7e32c898d42,site-527c9a98-4e5a35d0,Site 527c9a98,,89.61,7,negative,2025-03-H2,True,,2024-01-H1,-29,9089,1.0,0.0172,0.01182,0.20677,0.0001,0.78131,0.14269,0.18787,0.20241,0.0,0.0,results/chips_neg20/site-527c9a98-4e5a35d0/2024-01-H1.png
4e5a35d0-0865-11f1-9da4-c7e32c898d42,site-527c9a98-4e5a35d0,Site 527c9a98,,89.61,7,negative,2025-03-H2,True,,2024-02-H1,-27,9089,1.0,0.03766,0.00068,0.63,0.00026,0.36907,0.17003,0.27356,0.38087,807260.795,0.0,results/chips_neg20/site-527c9a98-4e5a35d0/2024-02-H1.png
4e5a35d0-0865-11f1-9da4-c7e32c898d42,site-527c9a98-4e5a35d0,Site 527c9a98,,89.61,7,negative,2025-03-H2,True,,2024-02-H2,-26,9089,1.0,0.03208,0.0038,0.67115,0.00138,0.32367,0.15998,0.26107,0.39675,878191.23947,0.0,results/chips_neg20/site-527c9a98-4e5a35d0/2024-02-H2.png
4e5a35d0-0865-11f1-9da4-c7e32c898d42,site-527c9a98-4e5a35d0,Site 527c9a98,,89.61,7,negative,2025-03-H2,True,,2024-03-H1,-25,7458,0.835,0.03429,0.00396,0.40439,0.00591,0.58575,0.16751,0.30044,0.29631,351135.84051,0.0,results/chips_neg20/site-527c9a98-4e5a35d0/2024-03-H1.png
4e5a35d0-0865-11f1-9da4-c7e32c898d42,site-527c9a98-4e5a35d0,Site 527c9a98,,89.61,7,negative,2025-03-H2,True,,2024-03-H2,-24,9089,1.0,0.02548,0.05571,0.65506,0.00136,0.28787,0.28218,0.17053,0.39815,898686.722,0.0,results/chips_neg20/site-527c9a98-4e5a35d0/2024-03-H2.png
4e5a35d0-0865-11f1-9da4-c7e32c898d42,site-527c9a98-4e5a35d0,Site 527c9a98,,89.61,7,negative,2025-03-H2,True,,2024-04-H1,-23,9089,1.0,0.02669,0.23631,0.38812,0.00186,0.3737,0.52699,0.01881,0.33056,185564.4914,0.0,results/chips_neg20/site-527c9a98-4e5a35d0/2024-04-H1.png
4e5a35d0-0865-11f1-9da4-c7e32c898d42,site-527c9a98-4e5a35d0,Site 527c9a98,,89.61,7,negative,2025-03-H2,True,,2024-04-H2,-22,3063,0.3429,0.0144,0.3986,0.31243,0.01183,0.27714,0.60536,-0.10186,0.33327,61385.97956,0.0,results/chips_neg20/site-527c9a98-4e5a35d0/2024-04-H2.png
4e5a35d0-0865-11f1-9da4-c7e32c898d42,site-527c9a98-4e5a35d0,Site 527c9a98,,89.61,7,negative,2025-03-H2,True,,2024-05-H1,-21,9089,1.0,0.02176,0.43113,0.26835,0.00197,0.29855,0.67639,-0.1056,0.32746,26724.50174,0.0,results/chips_neg20/site-527c9a98-4e5a35d0/2024-05-H1.png
4e5a35d0-0865-11f1-9da4-c7e32c898d42,site-527c9a98-4e5a35d0,Site 527c9a98,,89.61,7,negative,2025-03-H2,True,,2024-05-H2,-20,437,0.0489,0.01368,0.44402,0.31923,0.01073,0.22602,0.62223,-0.11546,0.35034,6128.55115,0.0,results/chips_neg20/site-527c9a98-4e5a35d0/2024-05-H2.png
4e5a35d0-0865-11f1-9da4-c7e32c898d42,site-527c9a98-4e5a35d0,Site 527c9a98,,89.61,7,negative,2025-03-H2,True,,2024-06-H1,-19,6078,0.6805,0.03374,0.08806,0.81199,0.03823,0.06172,0.26328,0.14509,0.55073,532480.67374,0.0,results/chips_neg20/site-527c9a98-4e5a35d0/2024-06-H1.png
4e5a35d0-0865-11f1-9da4-c7e32c898d42,site-527c9a98-4e5a35d0,Site 527c9a98,,89.61,7,negative,2025-03-H2,True,,2024-06-H2,-18,5295,0.5928,0.02903,0.09857,0.76732,0.00681,0.12731,0.28988,0.20037,0.48409,426085.00704,0.0,results/chips_neg20/site-527c9a98-4e5a35d0/2024-06-H2.png
4e5a35d0-0865-11f1-9da4-c7e32c898d42,site-527c9a98-4e5a35d0,Site 527c9a98,,89.61,7,negative,2025-03-H2,True,,2024-07-H1,-17,1897,0.2124,0.02183,0.19126,0.49182,0.01779,0.29913,0.40199,0.06214,0.37366,93334.81998,0.0,results/chips_neg20/site-527c9a98-4e5a35d0/2024-07-H1.png
4e5a35d0-0865-11f1-9da4-c7e32c898d42,site-527c9a98-4e5a35d0,Site 527c9a98,,89.61,7,negative,2025-03-H2,True,,2024-07-H2,-16,3754,0.4203,0.02842,0.06216,0.52411,0.00442,0.40931,0.24048,0.22423,0.38488,301806.02715,0.0,results/chips_neg20/site-527c9a98-4e5a35d0/2024-07-H2.png
4e5a35d0-0865-11f1-9da4-c7e32c898d42,site-527c9a98-4e5a35d0,Site 527c9a98,,89.61,7,negative,2025-03-H2,True,,2024-08-H1,-15,4444,0.4975,0.03709,0.02657,0.69813,0.00174,0.27356,0.22141,0.27529,0.44848,432615.4304,0.0,results/chips_neg20/site-527c9a98-4e5a35d0/2024-08-H1.png
4e5a35d0-0865-11f1-9da4-c7e32c898d42,site-527c9a98-4e5a35d0,Site 527c9a98,,89.61,7,negative,2025-03-H2,True,,2024-08-H2,-14,9089,1.0,0.03923,0.00632,0.80404,0.00194,0.18771,0.19468,0.29227,0.49036,912048.97287,0.0,results/chips_neg20/site-527c9a98-4e5a35d0/2024-08-H2.png
4e5a35d0-0865-11f1-9da4-c7e32c898d42,site-527c9a98-4e5a35d0,Site 527c9a98,,89.61,7,negative,2025-03-H2,True,,2024-09-H1,-13,9089,1.0,0.03386,0.01102,0.44651,0.00076,0.5417,0.19362,0.28996,0.33479,349528.35169,0.0,results/chips_neg20/site-527c9a98-4e5a35d0/2024-09-H1.png
4e5a35d0-0865-11f1-9da4-c7e32c898d42,site-527c9a98-4e5a35d0,Site 527c9a98,,89.61,7,negative,2025-03-H2,True,,2024-09-H2,-12,3020,0.3381,0.02707,0.03375,0.15934,0.00556,0.80135,0.18968,0.18718,0.18778,46114.83571,0.0,results/chips_neg20/site-527c9a98-4e5a35d0/2024-09-H2.png
4e5a35d0-0865-11f1-9da4-c7e32c898d42,site-527c9a98-4e5a35d0,Site 527c9a98,,89.61,7,negative,2025-03-H2,True,,2024-10-H1,-11,9089,1.0,0.02608,0.03971,0.43844,0.0014,0.52045,0.24058,0.21499,0.32893,331645.03849,0.0,results/chips_neg20/site-527c9a98-4e5a35d0/2024-10-H1.png
4e5a35d0-0865-11f1-9da4-c7e32c898d42,site-527c9a98-4e5a35d0,Site 527c9a98,,89.61,7,negative,2025-03-H2,True,,2024-10-H2,-10,8958,1.0,0.03488,0.00982,0.61995,0.0007,0.36952,0.21165,0.28171,0.40494,717743.76098,0.0,results/chips_neg20/site-527c9a98-4e5a35d0/2024-10-H2.png
4e5a35d0-0865-11f1-9da4-c7e32c898d42,site-527c9a98-4e5a35d0,Site 527c9a98,,89.61,7,negative,2025-03-H2,True,,2024-11-H1,-9,9089,1.0,0.0311,0.0072,0.46564,0.00038,0.52679,0.18618,0.2708,0.32887,297988.24119,0.0,results/chips_neg20/site-527c9a98-4e5a35d0/2024-11-H1.png
4e5a35d0-0865-11f1-9da4-c7e32c898d42,site-527c9a98-4e5a35d0,Site 527c9a98,,89.61,7,negative,2025-03-H2,True,,2024-11-H2,-8,9089,1.0,0.03312,0.00386,0.62991,0.0009,0.36533,0.19139,0.26962,0.39378,782244.25014,0.0,results/chips_neg20/site-527c9a98-4e5a35d0/2024-11-H2.png
4e5a35d0-0865-11f1-9da4-c7e32c898d42,site-527c9a98-4e5a35d0,Site 527c9a98,,89.61,7,negative,2025-03-H2,True,,2024-12-H1,-7,9089,1.0,0.02539,0.05804,0.25947,0.00034,0.68216,0.23105,0.15658,0.24911,26824.96979,0.0,results/chips_neg20/site-527c9a98-4e5a35d0/2024-12-H1.png
4e5a35d0-0865-11f1-9da4-c7e32c898d42,site-527c9a98-4e5a35d0,Site 527c9a98,,89.61,7,negative,2025-03-H2,True,,2024-12-H2,-6,8647,0.9681,0.0264,0.01943,0.37625,0.00478,0.59954,0.18855,0.24324,0.29935,206160.44198,0.0,results/chips_neg20/site-527c9a98-4e5a35d0/2024-12-H2.png
4e5a35d0-0865-11f1-9da4-c7e32c898d42,site-527c9a98-4e5a35d0,Site 527c9a98,,89.61,7,negative,2025-03-H2,True,,2025-01-H1,-5,9073,1.0,0.03203,0.00355,0.49707,5e-05,0.49933,0.18288,0.28984,0.34652,394337.10272,0.0,results/chips_neg20/site-527c9a98-4e5a35d0/2025-01-H1.png
4e5a35d0-0865-11f1-9da4-c7e32c898d42,site-527c9a98-4e5a35d0,Site 527c9a98,,89.61,7,negative,2025-03-H2,True,,2025-01-H2,-4,7990,0.8945,0.02094,0.00892,0.43957,0.01359,0.53792,0.15815,0.23585,0.31933,284123.65006,0.0,results/chips_neg20/site-527c9a98-4e5a35d0/2025-01-H2.png
4e5a35d0-0865-11f1-9da4-c7e32c898d42,site-527c9a98-4e5a35d0,Site 527c9a98,,89.61,7,negative,2025-03-H2,True,,2025-02-H1,-3,20,0.0022,0.01802,0.00463,0.12792,0.04211,0.82535,0.12402,0.12891,0.18424,0.0,0.0,results/chips_neg20/site-527c9a98-4e5a35d0/2025-02-H1.png
4e5a35d0-0865-11f1-9da4-c7e32c898d42,site-527c9a98-4e5a35d0,Site 527c9a98,,89.61,7,negative,2025-03-H2,True,,2025-02-H2,-2,9089,1.0,0.03671,0.0052,0.48285,0.00056,0.51139,0.19988,0.27552,0.33449,375549.57707,0.0,results/chips_neg20/site-527c9a98-4e5a35d0/2025-02-H2.png
4e5a35d0-0865-11f1-9da4-c7e32c898d42,site-527c9a98-4e5a35d0,Site 527c9a98,,89.61,7,negative,2025-03-H2,True,,2025-03-H1,-1,9089,1.0,0.03244,0.00884,0.54428,0.00105,0.44583,0.21269,0.24845,0.35311,677857.94448,0.0,results/chips_neg20/site-527c9a98-4e5a35d0/2025-03-H1.png
4e5a35d0-0865-11f1-9da4-c7e32c898d42,site-527c9a98-4e5a35d0,Site 527c9a98,,89.61,7,negative,2025-03-H2,True,,2025-03-H2,0,9089,1.0,0.02615,0.03191,0.52129,0.00115,0.44565,0.24081,0.2097,0.34893,586231.08137,0.0,results/chips_neg20/site-527c9a98-4e5a35d0/2025-03-H2.png
4e5a35d0-0865-11f1-9da4-c7e32c898d42,site-527c9a98-4e5a35d0,Site 527c9a98,,89.61,7,negative,2025-03-H2,True,,2025-04-H1,1,9089,1.0,0.0181,0.29231,0.24854,0.00072,0.45843,0.55955,-0.04888,0.28218,140454.33621,0.0,results/chips_neg20/site-527c9a98-4e5a35d0/2025-04-H1.png
4e5a35d0-0865-11f1-9da4-c7e32c898d42,site-527c9a98-4e5a35d0,Site 527c9a98,,89.61,7,negative,2025-03-H2,True,,2025-04-H2,2,9089,1.0,0.01478,0.39319,0.18955,0.00251,0.41476,0.64541,-0.14155,0.27512,147888.97203,0.0,results/chips_neg20/site-527c9a98-4e5a35d0/2025-04-H2.png
4e5a35d0-0865-11f1-9da4-c7e32c898d42,site-527c9a98-4e5a35d0,Site 527c9a98,,89.61,7,negative,2025-03-H2,True,,2025-05-H1,3,9089,1.0,0.01496,0.44655,0.18402,0.00467,0.36476,0.67746,-0.16346,0.28625,61285.51151,0.0,results/chips_neg20/site-527c9a98-4e5a35d0/2025-05-H1.png
4e5a35d0-0865-11f1-9da4-c7e32c898d42,site-527c9a98-4e5a35d0,Site 527c9a98,,89.61,7,negative,2025-03-H2,True,,2025-05-H2,4,2053,0.2298,0.01234,0.4097,0.23396,0.04237,0.31397,0.56147,-0.13742,0.31213,4320.12622,0.0,results/chips_neg20/site-527c9a98-4e5a35d0/2025-05-H2.png
4e5a35d0-0865-11f1-9da4-c7e32c898d42,site-527c9a98-4e5a35d0,Site 527c9a98,,89.61,7,negative,2025-03-H2,True,,2025-06-H1,5,4856,0.5437,0.01284,0.39296,0.29042,0.01681,0.29981,0.58179,-0.10292,0.33077,28030.58641,0.0,results/chips_neg20/site-527c9a98-4e5a35d0/2025-06-H1.png
4e5a35d0-0865-11f1-9da4-c7e32c898d42,site-527c9a98-4e5a35d0,Site 527c9a98,,89.61,7,negative,2025-03-H2,True,,2025-06-H2,6,9089,1.0,0.02781,0.09434,0.45638,0.00493,0.44436,0.30636,0.18282,0.35332,340385.75899,0.0,results/chips_neg20/site-527c9a98-4e5a35d0/2025-06-H2.png
4e5a35d0-0865-11f1-9da4-c7e32c898d42,site-527c9a98-4e5a35d0,Site 527c9a98,,89.61,7,negative,2025-03-H2,True,,2025-07-H2,8,9089,1.0,0.01864,0.14282,0.66037,0.00377,0.19304,0.30407,0.12901,0.44115,744669.19882,0.0,results/chips_neg20/site-527c9a98-4e5a35d0/2025-07-H2.png
4e5a35d0-0865-11f1-9da4-c7e32c898d42,site-527c9a98-4e5a35d0,Site 527c9a98,,89.61,7,negative,2025-03-H2,True,,2025-08-H1,9,9089,1.0,0.02431,0.0493,0.76601,0.00156,0.18313,0.20627,0.22059,0.476,851667.67383,0.0,results/chips_neg20/site-527c9a98-4e5a35d0/2025-08-H1.png
4e5a35d0-0865-11f1-9da4-c7e32c898d42,site-527c9a98-4e5a35d0,Site 527c9a98,,89.61,7,negative,2025-03-H2,True,,2025-08-H2,10,8021,0.898,0.03095,0.02737,0.67677,0.00069,0.29517,0.22452,0.25768,0.4325,759538.47047,0.0,results/chips_neg20/site-527c9a98-4e5a35d0/2025-08-H2.png
4e5a35d0-0865-11f1-9da4-c7e32c898d42,site-527c9a98-4e5a35d0,Site 527c9a98,,89.61,7,negative,2025-03-H2,True,,2025-09-H1,11,8416,0.9422,0.02471,0.05227,0.84822,0.00228,0.09723,0.23828,0.23348,0.51303,822531.93885,0.0,results/chips_neg20/site-527c9a98-4e5a35d0/2025-09-H1.png
4e5a35d0-0865-11f1-9da4-c7e32c898d42,site-527c9a98-4e5a35d0,Site 527c9a98,,89.61,7,negative,2025-03-H2,True,,2025-09-H2,12,9089,1.0,0.02535,0.08749,0.39207,0.00962,0.51082,0.29281,0.14741,0.31925,279903.9919,0.0,results/chips_neg20/site-527c9a98-4e5a35d0/2025-09-H2.png
4e5a35d0-0865-11f1-9da4-c7e32c898d42,site-527c9a98-4e5a35d0,Site 527c9a98,,89.61,7,negative,2025-03-H2,True,,2025-10-H1,13,6248,0.6995,0.0213,0.05701,0.63027,0.03469,0.27802,0.22648,0.17971,0.42748,492695.32529,0.0,results/chips_neg20/site-527c9a98-4e5a35d0/2025-10-H1.png
4e5a35d0-0865-11f1-9da4-c7e32c898d42,site-527c9a98-4e5a35d0,Site 527c9a98,,89.61,7,negative,2025-03-H2,True,,2025-10-H2,14,6936,0.7765,0.03479,0.0291,0.62775,0.00036,0.34279,0.22635,0.25552,0.40602,521931.52832,0.0,results/chips_neg20/site-527c9a98-4e5a35d0/2025-10-H2.png
4e5a35d0-0865-11f1-9da4-c7e32c898d42,site-527c9a98-4e5a35d0,Site 527c9a98,,89.61,7,negative,2025-03-H2,True,,2025-11-H1,15,9089,1.0,0.02709,0.08584,0.39022,0.00755,0.51639,0.2632,0.17301,0.32303,65002.82942,301.40415,results/chips_neg20/site-527c9a98-4e5a35d0/2025-11-H1.png
4e5a35d0-0865-11f1-9da4-c7e32c898d42,site-527c9a98-4e5a35d0,Site 527c9a98,,89.61,7,negative,2025-03-H2,True,,2025-11-H2,16,9054,1.0,0.03633,0.01691,0.61668,0.00168,0.36474,0.19598,0.27934,0.39837,706491.3392,401.87221,results/chips_neg20/site-527c9a98-4e5a35d0/2025-11-H2.png
4e5a35d0-0865-11f1-9da4-c7e32c898d42,site-527c9a98-4e5a35d0,Site 527c9a98,,89.61,7,negative,2025-03-H2,True,,2025-12-H1,17,4959,0.5552,0.01681,0.0065,0.41955,0.03555,0.5384,0.13683,0.20367,0.31365,147185.69567,0.0,results/chips_neg20/site-527c9a98-4e5a35d0/2025-12-H1.png
4e5a35d0-0865-11f1-9da4-c7e32c898d42,site-527c9a98-4e5a35d0,Site 527c9a98,,89.61,7,negative,2025-03-H2,True,,2025-12-H2,18,9089,1.0,0.03207,0.03435,0.52224,0.00478,0.43862,0.24471,0.22737,0.36114,617175.24128,602.80831,results/chips_neg20/site-527c9a98-4e5a35d0/2025-12-H2.png
4e5a35d0-0865-11f1-9da4-c7e32c898d42,site-527c9a98-4e5a35d0,Site 527c9a98,,89.61,7,negative,2025-03-H2,True,,2026-01-H1,19,9089,1.0,0.03459,0.02973,0.54145,0.00373,0.42509,0.23443,0.24945,0.37169,663089.14089,602.80831,results/chips_neg20/site-527c9a98-4e5a35d0/2026-01-H1.png
4e5a35d0-0865-11f1-9da4-c7e32c898d42,site-527c9a98-4e5a35d0,Site 527c9a98,,89.61,7,negative,2025-03-H2,True,,2026-02-H1,21,8012,0.897,0.03001,0.02338,0.53755,0.00461,0.43447,0.19505,0.24059,0.3583,488576.13517,401.87221,results/chips_neg20/site-527c9a98-4e5a35d0/2026-02-H1.png
4e5a35d0-0865-11f1-9da4-c7e32c898d42,site-527c9a98-4e5a35d0,Site 527c9a98,,89.61,7,negative,2025-03-H2,True,,2026-02-H2,22,1009,0.113,0.01759,0.02572,0.7124,0.02467,0.23722,0.16408,0.18865,0.43218,78666.48444,0.0,results/chips_neg20/site-527c9a98-4e5a35d0/2026-02-H2.png
4e5a35d0-0865-11f1-9da4-c7e32c898d42,site-527c9a98-4e5a35d0,Site 527c9a98,,89.61,7,negative,2025-03-H2,True,,2026-03-H1,23,9089,1.0,0.02785,0.0651,0.47701,0.00541,0.45248,0.28032,0.18163,0.34016,300700.87859,703.27636,results/chips_neg20/site-527c9a98-4e5a35d0/2026-03-H1.png
4e5a35d0-0865-11f1-9da4-c7e32c898d42,site-527c9a98-4e5a35d0,Site 527c9a98,,89.61,7,negative,2025-03-H2,True,,2026-03-H2,24,9089,1.0,0.02689,0.09692,0.48182,0.00859,0.41267,0.32289,0.15042,0.35072,331444.10239,502.34026,results/chips_neg20/site-527c9a98-4e5a35d0/2026-03-H2.png
4e5a35d0-0865-11f1-9da4-c7e32c898d42,site-527c9a98-4e5a35d0,Site 527c9a98,,89.61,7,negative,2025-03-H2,True,,2026-04-H1,25,8706,0.9747,0.0196,0.18475,0.46582,0.01637,0.33306,0.40274,0.06747,0.3649,369320.55786,703.27636,results/chips_neg20/site-527c9a98-4e5a35d0/2026-04-H1.png
4e5a35d0-0865-11f1-9da4-c7e32c898d42,site-527c9a98-4e5a35d0,Site 527c9a98,,89.61,7,negative,2025-03-H2,True,,2026-04-H2,26,5306,0.594,0.01159,0.29974,0.10931,0.04384,0.54711,0.51957,-0.14495,0.24111,15974.42021,0.0,results/chips_neg20/site-527c9a98-4e5a35d0/2026-04-H2.png
4e5a35d0-0865-11f1-9da4-c7e32c898d42,site-527c9a98-4e5a35d0,Site 527c9a98,,89.61,7,negative,2025-03-H2,True,,2026-05-H1,27,9089,1.0,0.01899,0.2864,0.31845,0.01531,0.37983,0.53704,-0.03731,0.31794,138244.03907,1707.95688,results/chips_neg20/site-527c9a98-4e5a35d0/2026-05-H1.png
4e5a35d0-0865-11f1-9da4-c7e32c898d42,site-527c9a98-4e5a35d0,Site 527c9a98,,89.61,7,negative,2025-03-H2,True,,2026-05-H2,28,7798,0.873,0.01796,0.32484,0.21438,0.02857,0.43221,0.55843,-0.07812,0.29218,12960.37866,2411.23324,results/chips_neg20/site-527c9a98-4e5a35d0/2026-05-H2.png
4e5a35d0-0865-11f1-9da4-c7e32c898d42,site-527c9a98-4e5a35d0,Site 527c9a98,,89.61,7,negative,2025-03-H2,True,,2026-06-H1,29,5436,0.6086,0.0167,0.32861,0.31782,0.01871,0.33486,0.52168,-0.04423,0.33051,100869.92386,0.0,results/chips_neg20/site-527c9a98-4e5a35d0/2026-06-H1.png
4e5a35d0-0865-11f1-9da4-c7e32c898d42,site-527c9a98-4e5a35d0,Site 527c9a98,,89.61,7,negative,2025-03-H2,True,,2026-06-H2,30,9089,1.0,0.02302,0.14414,0.52751,0.0161,0.31226,0.32411,0.12288,0.3887,588039.5063,3114.5096,results/chips_neg20/site-527c9a98-4e5a35d0/2026-06-H2.png
4e5a35d0-0865-11f1-9da4-c7e32c898d42,site-527c9a98-4e5a35d0,Site 527c9a98,,89.61,7,negative,2025-03-H2,True,,2026-07-H1,31,8248,0.9234,0.02408,0.12583,0.6589,0.01807,0.1972,0.28764,0.15405,0.44103,649325.01781,1607.48883,results/chips_neg20/site-527c9a98-4e5a35d0/2026-07-H1.png
4e5a35d0-0865-11f1-9da4-c7e32c898d42,site-527c9a98-4e5a35d0,Site 527c9a98,,89.61,7,negative,2025-03-H2,True,,2026-07-H2,32,9089,1.0,0.01809,0.06448,0.76889,0.01685,0.14978,0.20585,0.1851,0.47733,894266.12773,2109.82908,results/chips_neg20/site-527c9a98-4e5a35d0/2026-07-H2.png
4e5a35d0-0865-11f1-9da4-c7e32c898d42,site-527c9a98-4e5a35d0,Site 527c9a98,,89.61,7,negative,2025-03-H2,True,,2026-08-H1,33,9085,1.0,0.01776,0.03649,0.88113,0.01974,0.06263,0.18653,0.20398,0.52236,907025.57029,1908.89298,results/chips_neg20/site-527c9a98-4e5a35d0/2026-08-H1.png
4e5a35d0-0865-11f1-9da4-c7e32c898d42,site-527c9a98-4e5a35d0,Site 527c9a98,,89.61,7,negative,2025-03-H2,True,,2026-08-H2,34,9089,1.0,0.01896,0.036,0.80907,0.01394,0.14099,0.1862,0.20783,0.48333,907226.50639,1004.68052,results/chips_neg20/site-527c9a98-4e5a35d0/2026-08-H2.png
4e5a35d0-0865-11f1-9da4-c7e32c898d42,site-527c9a98-4e5a35d0,Site 527c9a98,,89.61,7,negative,2025-03-H2,True,,2026-09-H1,35,4546,0.509,0.01984,0.01776,0.89529,0.00111,0.08584,0.17274,0.24285,0.52587,445073.46881,0.0,results/chips_neg20/site-527c9a98-4e5a35d0/2026-09-H1.png
8423a5c0-44c9-11f1-829c-4768578fe052,site-6ace405a-8423a5c0,Site 6ace405a,,172.26,1,negative,2024-07-H2,True,,2023-01-H1,-37,17527,1.0,0.0207,0.34082,0.31452,0.00017,0.3445,0.53719,-0.05768,0.32029,76960.86967,0.0,results/chips_neg20/site-6ace405a-8423a5c0/2023-01-H1.png
8423a5c0-44c9-11f1-829c-4768578fe052,site-6ace405a-8423a5c0,Site 6ace405a,,172.26,1,negative,2024-07-H2,True,,2023-01-H2,-36,16678,0.9663,0.0112,0.37372,0.27791,0.00097,0.34741,0.54712,-0.1104,0.30192,30824.12093,0.0,results/chips_neg20/site-6ace405a-8423a5c0/2023-01-H2.png
8423a5c0-44c9-11f1-829c-4768578fe052,site-6ace405a-8423a5c0,Site 6ace405a,,172.26,1,negative,2024-07-H2,True,,2023-02-H1,-35,17527,1.0,0.01609,0.33405,0.0647,0.0,0.60125,0.60352,-0.1634,0.20902,0.0,0.0,results/chips_neg20/site-6ace405a-8423a5c0/2023-02-H1.png
8423a5c0-44c9-11f1-829c-4768578fe052,site-6ace405a-8423a5c0,Site 6ace405a,,172.26,1,negative,2024-07-H2,True,,2023-02-H2,-34,17527,1.0,0.01478,0.38041,0.18198,0.00011,0.43749,0.61875,-0.14911,0.26163,29034.33326,0.0,results/chips_neg20/site-6ace405a-8423a5c0/2023-02-H2.png
8423a5c0-44c9-11f1-829c-4768578fe052,site-6ace405a-8423a5c0,Site 6ace405a,,172.26,1,negative,2024-07-H2,True,,2023-03-H1,-33,17527,1.0,0.01068,0.49126,0.07726,0.00033,0.43115,0.72722,-0.25611,0.23424,12429.08102,0.0,results/chips_neg20/site-6ace405a-8423a5c0/2023-03-H1.png
8423a5c0-44c9-11f1-829c-4768578fe052,site-6ace405a-8423a5c0,Site 6ace405a,,172.26,1,negative,2024-07-H2,True,,2023-03-H2,-32,17527,1.0,0.02316,0.50035,0.02566,0.00083,0.47316,0.79021,-0.38185,0.17999,5965.95889,0.0,results/chips_neg20/site-6ace405a-8423a5c0/2023-03-H2.png
8423a5c0-44c9-11f1-829c-4768578fe052,site-6ace405a-8423a5c0,Site 6ace405a,,172.26,1,negative,2024-07-H2,True,,2023-04-H1,-31,17527,1.0,0.01406,0.38823,0.09839,0.00075,0.51263,0.65116,-0.20349,0.2271,14020.00339,0.0,results/chips_neg20/site-6ace405a-8423a5c0/2023-04-H1.png
8423a5c0-44c9-11f1-829c-4768578fe052,site-6ace405a-8423a5c0,Site 6ace405a,,172.26,1,negative,2024-07-H2,True,,2023-04-H2,-30,17527,1.0,0.02378,0.27227,0.06413,0.0009,0.66269,0.59456,-0.12764,0.1973,4772.76711,0.0,results/chips_neg20/site-6ace405a-8423a5c0/2023-04-H2.png
8423a5c0-44c9-11f1-829c-4768578fe052,site-6ace405a-8423a5c0,Site 6ace405a,,172.26,1,negative,2024-07-H2,True,,2023-05-H2,-28,15512,0.8987,0.02756,0.11685,0.19032,0.00922,0.6836,0.33377,0.10098,0.23788,16903.55019,0.0,results/chips_neg20/site-6ace405a-8423a5c0/2023-05-H2.png
8423a5c0-44c9-11f1-829c-4768578fe052,site-6ace405a-8423a5c0,Site 6ace405a,,172.26,1,negative,2024-07-H2,True,,2023-06-H1,-27,17527,1.0,0.01766,0.11998,0.56253,0.00278,0.3147,0.27403,0.13419,0.39476,1400409.41657,0.0,results/chips_neg20/site-6ace405a-8423a5c0/2023-06-H1.png
8423a5c0-44c9-11f1-829c-4768578fe052,site-6ace405a-8423a5c0,Site 6ace405a,,172.26,1,negative,2024-07-H2,True,,2023-06-H2,-26,17527,1.0,0.03238,0.06437,0.55713,0.00043,0.37807,0.25792,0.21977,0.394,1501134.68915,0.0,results/chips_neg20/site-6ace405a-8423a5c0/2023-06-H2.png
8423a5c0-44c9-11f1-829c-4768578fe052,site-6ace405a-8423a5c0,Site 6ace405a,,172.26,1,negative,2024-07-H2,True,,2023-07-H1,-25,17527,1.0,0.03025,0.06642,0.56387,0.00023,0.36948,0.27365,0.2158,0.3958,1551745.90706,0.0,results/chips_neg20/site-6ace405a-8423a5c0/2023-07-H1.png
8423a5c0-44c9-11f1-829c-4768578fe052,site-6ace405a-8423a5c0,Site 6ace405a,,172.26,1,negative,2024-07-H2,True,,2023-07-H2,-24,17527,1.0,0.03104,0.06705,0.56759,0.00036,0.365,0.25462,0.22022,0.40085,1576405.2038,0.0,results/chips_neg20/site-6ace405a-8423a5c0/2023-07-H2.png
8423a5c0-44c9-11f1-829c-4768578fe052,site-6ace405a-8423a5c0,Site 6ace405a,,172.26,1,negative,2024-07-H2,True,,2023-08-H1,-23,17527,1.0,0.02351,0.04467,0.6598,0.00048,0.29506,0.20008,0.22234,0.42898,1659829.1956,0.0,results/chips_neg20/site-6ace405a-8423a5c0/2023-08-H1.png
8423a5c0-44c9-11f1-829c-4768578fe052,site-6ace405a-8423a5c0,Site 6ace405a,,172.26,1,negative,2024-07-H2,True,,2023-08-H2,-22,17527,1.0,0.02714,0.05543,0.63925,0.00046,0.30486,0.18636,0.2245,0.43062,1660624.65679,0.0,results/chips_neg20/site-6ace405a-8423a5c0/2023-08-H2.png
8423a5c0-44c9-11f1-829c-4768578fe052,site-6ace405a-8423a5c0,Site 6ace405a,,172.26,1,negative,2024-07-H2,True,,2023-09-H1,-21,17527,1.0,0.02262,0.06776,0.65848,0.00041,0.27336,0.19566,0.19807,0.43191,1669175.86453,0.0,results/chips_neg20/site-6ace405a-8423a5c0/2023-09-H1.png
8423a5c0-44c9-11f1-829c-4768578fe052,site-6ace405a-8423a5c0,Site 6ace405a,,172.26,1,negative,2024-07-H2,True,,2023-09-H2,-20,17527,1.0,0.03241,0.05626,0.52536,0.00011,0.41827,0.23732,0.23033,0.37979,1207907.80975,0.0,results/chips_neg20/site-6ace405a-8423a5c0/2023-09-H2.png
8423a5c0-44c9-11f1-829c-4768578fe052,site-6ace405a-8423a5c0,Site 6ace405a,,172.26,1,negative,2024-07-H2,True,,2023-10-H1,-19,17527,1.0,0.0339,0.053,0.35674,9e-05,0.59017,0.2445,0.2379,0.30779,28139.43943,0.0,results/chips_neg20/site-6ace405a-8423a5c0/2023-10-H1.png
8423a5c0-44c9-11f1-829c-4768578fe052,site-6ace405a-8423a5c0,Site 6ace405a,,172.26,1,negative,2024-07-H2,True,,2023-10-H2,-18,17527,1.0,0.03386,0.0696,0.21363,0.0,0.71677,0.27251,0.21029,0.24825,1590.92237,0.0,results/chips_neg20/site-6ace405a-8423a5c0/2023-10-H2.png
8423a5c0-44c9-11f1-829c-4768578fe052,site-6ace405a-8423a5c0,Site 6ace405a,,172.26,1,negative,2024-07-H2,True,,2023-11-H1,-17,17527,1.0,0.03827,0.01719,0.43146,0.00016,0.55119,0.19778,0.28337,0.33101,206024.44697,0.0,results/chips_neg20/site-6ace405a-8423a5c0/2023-11-H1.png
8423a5c0-44c9-11f1-829c-4768578fe052,site-6ace405a-8423a5c0,Site 6ace405a,,172.26,1,negative,2024-07-H2,True,,2023-12-H1,-15,17527,1.0,0.03924,0.02933,0.40141,0.00011,0.56915,0.22869,0.266,0.31845,73480.72698,0.0,results/chips_neg20/site-6ace405a-8423a5c0/2023-12-H1.png
8423a5c0-44c9-11f1-829c-4768578fe052,site-6ace405a-8423a5c0,Site 6ace405a,,172.26,1,negative,2024-07-H2,True,,2023-12-H2,-14,17527,1.0,0.03832,0.06163,0.24023,5e-05,0.69809,0.2925,0.22911,0.25613,696.02854,0.0,results/chips_neg20/site-6ace405a-8423a5c0/2023-12-H2.png
8423a5c0-44c9-11f1-829c-4768578fe052,site-6ace405a-8423a5c0,Site 6ace405a,,172.26,1,negative,2024-07-H2,True,,2024-01-H1,-13,17527,1.0,0.03364,0.07433,0.23713,4e-05,0.6885,0.31035,0.19215,0.2511,596.59589,0.0,results/chips_neg20/site-6ace405a-8423a5c0/2024-01-H1.png
8423a5c0-44c9-11f1-829c-4768578fe052,site-6ace405a-8423a5c0,Site 6ace405a,,172.26,1,negative,2024-07-H2,True,,2024-01-H2,-12,17527,1.0,0.03414,0.07435,0.22577,2e-05,0.69985,0.3156,0.19657,0.24746,0.0,0.0,results/chips_neg20/site-6ace405a-8423a5c0/2024-01-H2.png
8423a5c0-44c9-11f1-829c-4768578fe052,site-6ace405a-8423a5c0,Site 6ace405a,,172.26,1,negative,2024-07-H2,True,,2024-02-H1,-11,17527,1.0,0.03354,0.14624,0.12533,2e-05,0.72841,0.41377,0.09439,0.2198,0.0,0.0,results/chips_neg20/site-6ace405a-8423a5c0/2024-02-H1.png
8423a5c0-44c9-11f1-829c-4768578fe052,site-6ace405a-8423a5c0,Site 6ace405a,,172.26,1,negative,2024-07-H2,True,,2024-02-H2,-10,17527,1.0,0.03177,0.13575,0.2534,0.00035,0.6105,0.40503,0.11048,0.26448,13025.67691,0.0,results/chips_neg20/site-6ace405a-8423a5c0/2024-02-H2.png
8423a5c0-44c9-11f1-829c-4768578fe052,site-6ace405a-8423a5c0,Site 6ace405a,,172.26,1,negative,2024-07-H2,True,,2024-03-H1,-9,17527,1.0,0.02624,0.21026,0.21026,0.0002,0.57929,0.50026,0.01841,0.25691,894.89383,0.0,results/chips_neg20/site-6ace405a-8423a5c0/2024-03-H1.png
8423a5c0-44c9-11f1-829c-4768578fe052,site-6ace405a-8423a5c0,Site 6ace405a,,172.26,1,negative,2024-07-H2,True,,2024-03-H2,-8,17527,1.0,0.02639,0.23954,0.21308,0.00051,0.54687,0.53902,-0.00636,0.26364,6860.85272,0.0,results/chips_neg20/site-6ace405a-8423a5c0/2024-03-H2.png
8423a5c0-44c9-11f1-829c-4768578fe052,site-6ace405a-8423a5c0,Site 6ace405a,,172.26,1,negative,2024-07-H2,True,,2024-04-H1,-7,17527,1.0,0.02532,0.11063,0.35766,0.00062,0.53108,0.28842,0.1318,0.30225,56080.01356,0.0,results/chips_neg20/site-6ace405a-8423a5c0/2024-04-H1.png
8423a5c0-44c9-11f1-829c-4768578fe052,site-6ace405a-8423a5c0,Site 6ace405a,,172.26,1,negative,2024-07-H2,True,,2024-04-H2,-6,17527,1.0,0.02669,0.07972,0.53801,0.00076,0.38151,0.26706,0.1528,0.36137,1354869.26372,0.0,results/chips_neg20/site-6ace405a-8423a5c0/2024-04-H2.png
8423a5c0-44c9-11f1-829c-4768578fe052,site-6ace405a-8423a5c0,Site 6ace405a,,172.26,1,negative,2024-07-H2,True,,2024-05-H1,-5,17527,1.0,0.02791,0.10756,0.44854,0.00075,0.44315,0.32537,0.13173,0.33299,678329.52569,0.0,results/chips_neg20/site-6ace405a-8423a5c0/2024-05-H1.png
8423a5c0-44c9-11f1-829c-4768578fe052,site-6ace405a-8423a5c0,Site 6ace405a,,172.26,1,negative,2024-07-H2,True,,2024-05-H2,-4,17527,1.0,0.02503,0.14227,0.31082,0.00063,0.54628,0.38803,0.09713,0.28911,42557.17341,0.0,results/chips_neg20/site-6ace405a-8423a5c0/2024-05-H2.png
8423a5c0-44c9-11f1-829c-4768578fe052,site-6ace405a-8423a5c0,Site 6ace405a,,172.26,1,negative,2024-07-H2,True,,2024-06-H1,-3,15493,0.8976,0.02608,0.02262,0.71513,0.00031,0.26194,0.20735,0.21439,0.42642,1408463.46107,0.0,results/chips_neg20/site-6ace405a-8423a5c0/2024-06-H1.png
8423a5c0-44c9-11f1-829c-4768578fe052,site-6ace405a-8423a5c0,Site 6ace405a,,172.26,1,negative,2024-07-H2,True,,2024-06-H2,-2,11011,0.6379,0.02156,0.03996,0.78778,0.01081,0.16146,0.19978,0.20755,0.47636,1014411.87645,0.0,results/chips_neg20/site-6ace405a-8423a5c0/2024-06-H2.png
8423a5c0-44c9-11f1-829c-4768578fe052,site-6ace405a-8423a5c0,Site 6ace405a,,172.26,1,negative,2024-07-H2,True,,2024-07-H1,-1,17527,1.0,0.02089,0.06374,0.69836,0.00107,0.23683,0.22585,0.18425,0.43382,1639047.77214,0.0,results/chips_neg20/site-6ace405a-8423a5c0/2024-07-H1.png
8423a5c0-44c9-11f1-829c-4768578fe052,site-6ace405a-8423a5c0,Site 6ace405a,,172.26,1,negative,2024-07-H2,True,,2024-07-H2,0,6169,0.3574,0.00903,0.16516,0.65093,0.01746,0.16646,0.32766,0.08174,0.43488,508399.13,0.0,results/chips_neg20/site-6ace405a-8423a5c0/2024-07-H2.png
8423a5c0-44c9-11f1-829c-4768578fe052,site-6ace405a-8423a5c0,Site 6ace405a,,172.26,1,negative,2024-07-H2,True,,2024-08-H1,1,17527,1.0,0.01751,0.17565,0.53106,0.00086,0.29243,0.35263,0.08786,0.385,1058062.80899,0.0,results/chips_neg20/site-6ace405a-8423a5c0/2024-08-H1.png
8423a5c0-44c9-11f1-829c-4768578fe052,site-6ace405a-8423a5c0,Site 6ace405a,,172.26,1,negative,2024-07-H2,True,,2024-08-H2,2,17527,1.0,0.02042,0.13684,0.56126,0.0006,0.3013,0.30669,0.12443,0.39299,1361133.52055,0.0,results/chips_neg20/site-6ace405a-8423a5c0/2024-08-H2.png
8423a5c0-44c9-11f1-829c-4768578fe052,site-6ace405a-8423a5c0,Site 6ace405a,,172.26,1,negative,2024-07-H2,True,,2024-09-H1,3,17527,1.0,0.02015,0.11684,0.53397,0.0004,0.34879,0.29917,0.13348,0.37479,1095847.21528,0.0,results/chips_neg20/site-6ace405a-8423a5c0/2024-09-H1.png
8423a5c0-44c9-11f1-829c-4768578fe052,site-6ace405a-8423a5c0,Site 6ace405a,,172.26,1,negative,2024-07-H2,True,,2024-09-H2,4,17527,1.0,0.0263,0.11555,0.48604,0.0004,0.39801,0.30594,0.14263,0.35853,647505.40477,0.0,results/chips_neg20/site-6ace405a-8423a5c0/2024-09-H2.png
8423a5c0-44c9-11f1-829c-4768578fe052,site-6ace405a-8423a5c0,Site 6ace405a,,172.26,1,negative,2024-07-H2,True,,2024-10-H1,5,17527,1.0,0.02313,0.11194,0.50623,0.00035,0.38148,0.30059,0.13389,0.36008,830063.74677,0.0,results/chips_neg20/site-6ace405a-8423a5c0/2024-10-H1.png
8423a5c0-44c9-11f1-829c-4768578fe052,site-6ace405a-8423a5c0,Site 6ace405a,,172.26,1,negative,2024-07-H2,True,,2024-10-H2,6,17527,1.0,0.02034,0.10825,0.51213,0.0004,0.37922,0.27478,0.13601,0.36285,895192.13131,0.0,results/chips_neg20/site-6ace405a-8423a5c0/2024-10-H2.png
8423a5c0-44c9-11f1-829c-4768578fe052,site-6ace405a-8423a5c0,Site 6ace405a,,172.26,1,negative,2024-07-H2,True,,2024-11-H1,7,17527,1.0,0.0331,0.0879,0.31625,0.0004,0.59545,0.31369,0.16734,0.28407,101023.57052,0.0,results/chips_neg20/site-6ace405a-8423a5c0/2024-11-H1.png
8423a5c0-44c9-11f1-829c-4768578fe052,site-6ace405a-8423a5c0,Site 6ace405a,,172.26,1,negative,2024-07-H2,True,,2024-11-H2,8,17527,1.0,0.03275,0.09236,0.3983,0.00062,0.50872,0.31421,0.16651,0.31887,298596.2424,0.0,results/chips_neg20/site-6ace405a-8423a5c0/2024-11-H2.png
8423a5c0-44c9-11f1-829c-4768578fe052,site-6ace405a-8423a5c0,Site 6ace405a,,172.26,1,negative,2024-07-H2,True,,2024-12-H1,9,17527,1.0,0.03705,0.06748,0.33542,0.00015,0.59696,0.28656,0.18048,0.28056,81733.63678,0.0,results/chips_neg20/site-6ace405a-8423a5c0/2024-12-H1.png
8423a5c0-44c9-11f1-829c-4768578fe052,site-6ace405a-8423a5c0,Site 6ace405a,,172.26,1,negative,2024-07-H2,True,,2024-12-H2,10,17527,1.0,0.036,0.06177,0.34025,0.00018,0.5978,0.26397,0.19306,0.28457,49119.72819,0.0,results/chips_neg20/site-6ace405a-8423a5c0/2024-12-H2.png
8423a5c0-44c9-11f1-829c-4768578fe052,site-6ace405a-8423a5c0,Site 6ace405a,,172.26,1,negative,2024-07-H2,True,,2025-01-H1,11,17527,1.0,0.03392,0.08256,0.34017,3e-05,0.57723,0.29651,0.15318,0.28231,58068.66652,0.0,results/chips_neg20/site-6ace405a-8423a5c0/2025-01-H1.png
8423a5c0-44c9-11f1-829c-4768578fe052,site-6ace405a-8423a5c0,Site 6ace405a,,172.26,1,negative,2024-07-H2,True,,2025-01-H2,12,17527,1.0,0.03397,0.08412,0.36345,8e-05,0.55235,0.28564,0.16028,0.29567,91875.76689,0.0,results/chips_neg20/site-6ace405a-8423a5c0/2025-01-H2.png
8423a5c0-44c9-11f1-829c-4768578fe052,site-6ace405a-8423a5c0,Site 6ace405a,,172.26,1,negative,2024-07-H2,True,,2025-02-H1,13,17527,1.0,0.03495,0.0754,0.39511,0.00015,0.52935,0.28779,0.16183,0.30233,178382.17078,0.0,results/chips_neg20/site-6ace405a-8423a5c0/2025-02-H1.png
8423a5c0-44c9-11f1-829c-4768578fe052,site-6ace405a-8423a5c0,Site 6ace405a,,172.26,1,negative,2024-07-H2,True,,2025-02-H2,14,17527,1.0,0.03138,0.07601,0.40703,0.00023,0.51673,0.28237,0.1502,0.30384,216862.60562,0.0,results/chips_neg20/site-6ace405a-8423a5c0/2025-02-H2.png
8423a5c0-44c9-11f1-829c-4768578fe052,site-6ace405a-8423a5c0,Site 6ace405a,,172.26,1,negative,2024-07-H2,True,,2025-03-H1,15,17527,1.0,0.01079,0.11251,0.61135,0.00183,0.27431,0.24852,0.08571,0.37927,1623934.00962,0.0,results/chips_neg20/site-6ace405a-8423a5c0/2025-03-H1.png
8423a5c0-44c9-11f1-829c-4768578fe052,site-6ace405a-8423a5c0,Site 6ace405a,,172.26,1,negative,2024-07-H2,True,,2025-03-H2,16,17527,1.0,0.02265,0.13539,0.55442,0.00053,0.30966,0.30274,0.0951,0.37224,1244300.15897,0.0,results/chips_neg20/site-6ace405a-8423a5c0/2025-03-H2.png
8423a5c0-44c9-11f1-829c-4768578fe052,site-6ace405a-8423a5c0,Site 6ace405a,,172.26,1,negative,2024-07-H2,True,,2025-04-H1,17,17527,1.0,0.02361,0.10681,0.29713,0.00077,0.59529,0.26426,0.12169,0.27564,55383.98502,0.0,results/chips_neg20/site-6ace405a-8423a5c0/2025-04-H1.png
8423a5c0-44c9-11f1-829c-4768578fe052,site-6ace405a-8423a5c0,Site 6ace405a,,172.26,1,negative,2024-07-H2,True,,2025-04-H2,18,14311,0.8291,0.02218,0.09844,0.29924,0.00179,0.60053,0.24096,0.12757,0.27446,13025.67691,0.0,results/chips_neg20/site-6ace405a-8423a5c0/2025-04-H2.png
8423a5c0-44c9-11f1-829c-4768578fe052,site-6ace405a-8423a5c0,Site 6ace405a,,172.26,1,negative,2024-07-H2,True,,2025-05-H1,19,17527,1.0,0.02282,0.10191,0.28145,0.0007,0.61594,0.24411,0.1119,0.26256,9744.39952,0.0,results/chips_neg20/site-6ace405a-8423a5c0/2025-05-H1.png
8423a5c0-44c9-11f1-829c-4768578fe052,site-6ace405a-8423a5c0,Site 6ace405a,,172.26,1,negative,2024-07-H2,True,,2025-05-H2,20,17527,1.0,0.02604,0.05495,0.86348,0.00891,0.07266,0.21056,0.13934,0.48423,1594501.94577,0.0,results/chips_neg20/site-6ace405a-8423a5c0/2025-05-H2.png
8423a5c0-44c9-11f1-829c-4768578fe052,site-6ace405a-8423a5c0,Site 6ace405a,,172.26,1,negative,2024-07-H2,True,,2025-06-H1,21,17527,1.0,0.02194,0.33365,0.15182,0.0003,0.51422,0.60966,-0.08696,0.26054,1491.48972,0.0,results/chips_neg20/site-6ace405a-8423a5c0/2025-06-H1.png
8423a5c0-44c9-11f1-829c-4768578fe052,site-6ace405a-8423a5c0,Site 6ace405a,,172.26,1,negative,2024-07-H2,True,,2025-06-H2,22,17527,1.0,0.01251,0.53903,0.20211,0.00105,0.25781,0.70668,-0.19094,0.30884,21974.61524,0.0,results/chips_neg20/site-6ace405a-8423a5c0/2025-06-H2.png
8423a5c0-44c9-11f1-829c-4768578fe052,site-6ace405a-8423a5c0,Site 6ace405a,,172.26,1,negative,2024-07-H2,True,,2025-07-H1,23,13987,0.8104,0.0098,0.574,0.13867,0.02298,0.26435,0.71169,-0.23471,0.29612,8551.20774,0.0,results/chips_neg20/site-6ace405a-8423a5c0/2025-07-H1.png
8423a5c0-44c9-11f1-829c-4768578fe052,site-6ace405a-8423a5c0,Site 6ace405a,,172.26,1,negative,2024-07-H2,True,,2025-07-H2,24,17527,1.0,0.01162,0.47459,0.20477,0.00802,0.31261,0.64339,-0.17028,0.30183,5568.2283,0.0,results/chips_neg20/site-6ace405a-8423a5c0/2025-07-H2.png
8423a5c0-44c9-11f1-829c-4768578fe052,site-6ace405a-8423a5c0,Site 6ace405a,,172.26,1,negative,2024-07-H2,True,,2025-08-H1,25,17527,1.0,0.02162,0.23489,0.4605,0.00038,0.30423,0.40033,0.05245,0.37593,676042.57479,0.0,results/chips_neg20/site-6ace405a-8423a5c0/2025-08-H1.png
8423a5c0-44c9-11f1-829c-4768578fe052,site-6ace405a-8423a5c0,Site 6ace405a,,172.26,1,negative,2024-07-H2,True,,2025-08-H2,26,17527,1.0,0.02509,0.12786,0.64891,0.00121,0.22202,0.26398,0.14959,0.43921,1508393.27247,0.0,results/chips_neg20/site-6ace405a-8423a5c0/2025-08-H2.png
8423a5c0-44c9-11f1-829c-4768578fe052,site-6ace405a-8423a5c0,Site 6ace405a,,172.26,1,negative,2024-07-H2,True,,2025-09-H1,27,17527,1.0,0.03269,0.04335,0.60932,0.00021,0.34712,0.2374,0.23524,0.40923,1569345.48578,0.0,results/chips_neg20/site-6ace405a-8423a5c0/2025-09-H1.png
8423a5c0-44c9-11f1-829c-4768578fe052,site-6ace405a-8423a5c0,Site 6ace405a,,172.26,1,negative,2024-07-H2,True,,2025-09-H2,28,17527,1.0,0.03334,0.05665,0.55498,0.00021,0.38815,0.2624,0.21958,0.38644,1288050.52416,0.0,results/chips_neg20/site-6ace405a-8423a5c0/2025-09-H2.png
8423a5c0-44c9-11f1-829c-4768578fe052,site-6ace405a-8423a5c0,Site 6ace405a,,172.26,1,negative,2024-07-H2,True,,2025-10-H1,29,17527,1.0,0.0304,0.05797,0.56333,0.00039,0.37832,0.23945,0.22076,0.39369,1386787.14378,0.0,results/chips_neg20/site-6ace405a-8423a5c0/2025-10-H1.png
8423a5c0-44c9-11f1-829c-4768578fe052,site-6ace405a-8423a5c0,Site 6ace405a,,172.26,1,negative,2024-07-H2,True,,2025-10-H2,30,17527,1.0,0.03545,0.05152,0.49412,0.00011,0.45426,0.27552,0.21246,0.35101,1008744.2155,0.0,results/chips_neg20/site-6ace405a-8423a5c0/2025-10-H2.png
8423a5c0-44c9-11f1-829c-4768578fe052,site-6ace405a-8423a5c0,Site 6ace405a,,172.26,1,negative,2024-07-H2,True,,2025-11-H1,31,17527,1.0,0.03067,0.04703,0.53533,0.00053,0.41711,0.21547,0.22592,0.37612,1359443.16553,0.0,results/chips_neg20/site-6ace405a-8423a5c0/2025-11-H1.png
8423a5c0-44c9-11f1-829c-4768578fe052,site-6ace405a-8423a5c0,Site 6ace405a,,172.26,1,negative,2024-07-H2,True,,2025-11-H2,32,125,0.0072,0.0183,0.00414,0.40788,0.07317,0.51481,0.09383,0.1522,0.31002,2784.11415,0.0,results/chips_neg20/site-6ace405a-8423a5c0/2025-11-H2.png
8423a5c0-44c9-11f1-829c-4768578fe052,site-6ace405a-8423a5c0,Site 6ace405a,,172.26,1,negative,2024-07-H2,True,,2025-12-H1,33,17527,1.0,0.03193,0.05149,0.47825,0.00062,0.46964,0.24137,0.21963,0.34975,626326.25071,0.0,results/chips_neg20/site-6ace405a-8423a5c0/2025-12-H1.png
8423a5c0-44c9-11f1-829c-4768578fe052,site-6ace405a-8423a5c0,Site 6ace405a,,172.26,1,negative,2024-07-H2,True,,2025-12-H2,34,17527,1.0,0.03849,0.03223,0.4745,0.00026,0.493,0.23745,0.25594,0.34794,539024.38563,0.0,results/chips_neg20/site-6ace405a-8423a5c0/2025-12-H2.png
8423a5c0-44c9-11f1-829c-4768578fe052,site-6ace405a-8423a5c0,Site 6ace405a,,172.26,1,negative,2024-07-H2,True,,2026-01-H1,35,17527,1.0,0.03344,0.05633,0.38072,2e-05,0.56294,0.25039,0.21932,0.31128,13125.10956,0.0,results/chips_neg20/site-6ace405a-8423a5c0/2026-01-H1.png
8423a5c0-44c9-11f1-829c-4768578fe052,site-6ace405a-8423a5c0,Site 6ace405a,,172.26,1,negative,2024-07-H2,True,,2026-02-H1,37,17527,1.0,0.03305,0.04688,0.47372,0.00016,0.47924,0.23682,0.23199,0.35027,525302.68019,0.0,results/chips_neg20/site-6ace405a-8423a5c0/2026-02-H1.png
8423a5c0-44c9-11f1-829c-4768578fe052,site-6ace405a-8423a5c0,Site 6ace405a,,172.26,1,negative,2024-07-H2,True,,2026-02-H2,38,17527,1.0,0.02855,0.09022,0.46611,0.00053,0.44313,0.28957,0.1721,0.34873,575615.60015,0.0,results/chips_neg20/site-6ace405a-8423a5c0/2026-02-H2.png
8423a5c0-44c9-11f1-829c-4768578fe052,site-6ace405a-8423a5c0,Site 6ace405a,,172.26,1,negative,2024-07-H2,True,,2026-03-H1,39,17527,1.0,0.02726,0.09819,0.50147,0.00042,0.39992,0.30126,0.1677,0.36603,799637.35644,0.0,results/chips_neg20/site-6ace405a-8423a5c0/2026-03-H1.png
8423a5c0-44c9-11f1-829c-4768578fe052,site-6ace405a-8423a5c0,Site 6ace405a,,172.26,1,negative,2024-07-H2,True,,2026-03-H2,40,17527,1.0,0.02741,0.04614,0.61384,0.00029,0.33973,0.22454,0.22444,0.40813,1653763.80406,0.0,results/chips_neg20/site-6ace405a-8423a5c0/2026-03-H2.png
8423a5c0-44c9-11f1-829c-4768578fe052,site-6ace405a-8423a5c0,Site 6ace405a,,172.26,1,negative,2024-07-H2,True,,2026-04-H1,41,17527,1.0,0.02741,0.05434,0.60981,0.00048,0.33538,0.25198,0.1928,0.39244,1533052.56921,0.0,results/chips_neg20/site-6ace405a-8423a5c0/2026-04-H1.png
8423a5c0-44c9-11f1-829c-4768578fe052,site-6ace405a-8423a5c0,Site 6ace405a,,172.26,1,negative,2024-07-H2,True,,2026-05-H1,43,17527,1.0,0.01913,0.23786,0.3024,0.00113,0.4586,0.46789,0.01068,0.30405,30326.95769,0.0,results/chips_neg20/site-6ace405a-8423a5c0/2026-05-H1.png
8423a5c0-44c9-11f1-829c-4768578fe052,site-6ace405a-8423a5c0,Site 6ace405a,,172.26,1,negative,2024-07-H2,True,,2026-05-H2,44,17527,1.0,0.01845,0.25644,0.28561,0.0011,0.45685,0.48312,-0.0057,0.30111,6065.39154,0.0,results/chips_neg20/site-6ace405a-8423a5c0/2026-05-H2.png
8423a5c0-44c9-11f1-829c-4768578fe052,site-6ace405a-8423a5c0,Site 6ace405a,,172.26,1,negative,2024-07-H2,True,,2026-06-H1,45,14317,0.8295,0.01026,0.25679,0.08549,0.01731,0.64041,0.45697,-0.14016,0.20789,0.0,0.0,results/chips_neg20/site-6ace405a-8423a5c0/2026-06-H1.png
8423a5c0-44c9-11f1-829c-4768578fe052,site-6ace405a-8423a5c0,Site 6ace405a,,172.26,1,negative,2024-07-H2,True,,2026-06-H2,46,17527,1.0,0.0202,0.21271,0.37454,0.00073,0.41202,0.43584,0.04565,0.32987,67713.63339,0.0,results/chips_neg20/site-6ace405a-8423a5c0/2026-06-H2.png
8423a5c0-44c9-11f1-829c-4768578fe052,site-6ace405a-8423a5c0,Site 6ace405a,,172.26,1,negative,2024-07-H2,True,,2026-07-H1,47,17527,1.0,0.02111,0.17841,0.30876,0.00064,0.51219,0.39367,0.06974,0.29984,9247.23628,0.0,results/chips_neg20/site-6ace405a-8423a5c0/2026-07-H1.png
8423a5c0-44c9-11f1-829c-4768578fe052,site-6ace405a-8423a5c0,Site 6ace405a,,172.26,1,negative,2024-07-H2,True,,2026-07-H2,48,17527,1.0,0.0222,0.14732,0.42847,0.00073,0.42348,0.33609,0.11623,0.34652,177288.41166,0.0,results/chips_neg20/site-6ace405a-8423a5c0/2026-07-H2.png
8423a5c0-44c9-11f1-829c-4768578fe052,site-6ace405a-8423a5c0,Site 6ace405a,,172.26,1,negative,2024-07-H2,True,,2026-08-H1,49,17527,1.0,0.02223,0.12597,0.52326,0.00266,0.34811,0.2447,0.1394,0.38739,1351786.85163,0.0,results/chips_neg20/site-6ace405a-8423a5c0/2026-08-H1.png
8423a5c0-44c9-11f1-829c-4768578fe052,site-6ace405a-8423a5c0,Site 6ace405a,,172.26,1,negative,2024-07-H2,True,,2026-08-H2,50,17527,1.0,0.01874,0.11991,0.54944,0.00514,0.32551,0.23474,0.13321,0.39253,1466432.69495,0.0,results/chips_neg20/site-6ace405a-8423a5c0/2026-08-H2.png
8423a5c0-44c9-11f1-829c-4768578fe052,site-6ace405a-8423a5c0,Site 6ace405a,,172.26,1,negative,2024-07-H2,True,,2026-09-H1,51,17527,1.0,0.02333,0.12317,0.57996,0.01024,0.28663,0.21152,0.13361,0.41083,1509089.301,0.0,results/chips_neg20/site-6ace405a-8423a5c0/2026-09-H1.png
133a5db0-44a9-11f1-ab32-c74e52a5f4a0,site-6c8b1cfb-133a5db0,Site 6c8b1cfb,,182.5,1,negative,2025-06-H1,True,,2023-01-H1,-58,18037,0.9922,0.03503,0.14766,0.06216,0.00093,0.78925,0.51236,-0.02238,0.17389,300.16812,0.0,results/chips_neg20/site-6c8b1cfb-133a5db0/2023-01-H1.png
133a5db0-44a9-11f1-ab32-c74e52a5f4a0,site-6c8b1cfb-133a5db0,Site 6c8b1cfb,,182.5,1,negative,2025-06-H1,True,,2023-01-H2,-57,18819,1.0,0.041,0.14088,0.0589,0.0001,0.80011,0.53604,-0.00221,0.17383,0.0,0.0,results/chips_neg20/site-6c8b1cfb-133a5db0/2023-01-H2.png
133a5db0-44a9-11f1-ab32-c74e52a5f4a0,site-6c8b1cfb-133a5db0,Site 6c8b1cfb,,182.5,1,negative,2025-06-H1,True,,2023-02-H1,-56,18798,1.0,0.04254,0.1417,0.04238,8e-05,0.81584,0.54848,-0.0184,0.16376,100.05604,0.0,results/chips_neg20/site-6c8b1cfb-133a5db0/2023-02-H1.png
133a5db0-44a9-11f1-ab32-c74e52a5f4a0,site-6c8b1cfb-133a5db0,Site 6c8b1cfb,,182.5,1,negative,2025-06-H1,True,,2023-02-H2,-55,18416,1.0,0.03907,0.15194,0.09688,7e-05,0.7511,0.5202,0.04764,0.20521,1300.7285,0.0,results/chips_neg20/site-6c8b1cfb-133a5db0/2023-02-H2.png
133a5db0-44a9-11f1-ab32-c74e52a5f4a0,site-6c8b1cfb-133a5db0,Site 6c8b1cfb,,182.5,1,negative,2025-06-H1,True,,2023-03-H1,-54,18819,1.0,0.03709,0.16425,0.09227,0.00012,0.74335,0.5218,0.02179,0.20294,800.44831,0.0,results/chips_neg20/site-6c8b1cfb-133a5db0/2023-03-H1.png
133a5db0-44a9-11f1-ab32-c74e52a5f4a0,site-6c8b1cfb-133a5db0,Site 6c8b1cfb,,182.5,1,negative,2025-06-H1,True,,2023-03-H2,-53,18819,1.0,0.0341,0.19755,0.09601,0.00039,0.70605,0.56844,-0.01342,0.21129,13907.78938,0.0,results/chips_neg20/site-6c8b1cfb-133a5db0/2023-03-H2.png
133a5db0-44a9-11f1-ab32-c74e52a5f4a0,site-6c8b1cfb-133a5db0,Site 6c8b1cfb,,182.5,1,negative,2025-06-H1,True,,2023-04-H1,-52,18819,1.0,0.03164,0.24157,0.04923,0.00058,0.70862,0.65487,-0.11768,0.18611,1700.95266,0.0,results/chips_neg20/site-6c8b1cfb-133a5db0/2023-04-H1.png
133a5db0-44a9-11f1-ab32-c74e52a5f4a0,site-6c8b1cfb-133a5db0,Site 6c8b1cfb,,182.5,1,negative,2025-06-H1,True,,2023-04-H2,-51,18819,1.0,0.02892,0.28532,0.06818,0.00069,0.64581,0.68299,-0.15791,0.1978,40922.91984,0.0,results/chips_neg20/site-6c8b1cfb-133a5db0/2023-04-H2.png
133a5db0-44a9-11f1-ab32-c74e52a5f4a0,site-6c8b1cfb-133a5db0,Site 6c8b1cfb,,182.5,1,negative,2025-06-H1,True,,2023-05-H1,-50,18819,1.0,0.03106,0.32179,0.06441,0.00208,0.61171,0.71812,-0.21173,0.19398,57432.16623,0.0,results/chips_neg20/site-6c8b1cfb-133a5db0/2023-05-H1.png
133a5db0-44a9-11f1-ab32-c74e52a5f4a0,site-6c8b1cfb-133a5db0,Site 6c8b1cfb,,182.5,1,negative,2025-06-H1,True,,2023-06-H1,-48,16448,0.9048,0.02586,0.33756,0.07944,0.002,0.581,0.69452,-0.20763,0.20662,96654.13341,0.0,results/chips_neg20/site-6c8b1cfb-133a5db0/2023-06-H1.png
133a5db0-44a9-11f1-ab32-c74e52a5f4a0,site-6c8b1cfb-133a5db0,Site 6c8b1cfb,,182.5,1,negative,2025-06-H1,True,,2023-06-H2,-47,18819,1.0,0.0292,0.32929,0.0722,0.00159,0.59691,0.73231,-0.23737,0.19328,95453.46094,0.0,results/chips_neg20/site-6c8b1cfb-133a5db0/2023-06-H2.png
133a5db0-44a9-11f1-ab32-c74e52a5f4a0,site-6c8b1cfb-133a5db0,Site 6c8b1cfb,,182.5,1,negative,2025-06-H1,True,,2023-07-H1,-46,17198,0.9461,0.0308,0.32542,0.04886,0.00134,0.62439,0.75186,-0.2411,0.18292,30216.92369,0.0,results/chips_neg20/site-6c8b1cfb-133a5db0/2023-07-H1.png
133a5db0-44a9-11f1-ab32-c74e52a5f4a0,site-6c8b1cfb-133a5db0,Site 6c8b1cfb,,182.5,1,negative,2025-06-H1,True,,2023-07-H2,-45,17615,0.969,0.02055,0.30573,0.06931,0.0053,0.61966,0.64945,-0.25367,0.18503,75642.36528,0.0,results/chips_neg20/site-6c8b1cfb-133a5db0/2023-07-H2.png
133a5db0-44a9-11f1-ab32-c74e52a5f4a0,site-6c8b1cfb-133a5db0,Site 6c8b1cfb,,182.5,1,negative,2025-06-H1,True,,2023-08-H1,-44,18819,1.0,0.03348,0.28685,0.02744,0.00185,0.68386,0.73827,-0.24864,0.16213,1100.61643,0.0,results/chips_neg20/site-6c8b1cfb-133a5db0/2023-08-H1.png
133a5db0-44a9-11f1-ab32-c74e52a5f4a0,site-6c8b1cfb-133a5db0,Site 6c8b1cfb,,182.5,1,negative,2025-06-H1,True,,2023-08-H2,-43,18819,1.0,0.03492,0.246,0.0715,0.00082,0.68168,0.7077,-0.17795,0.1821,100456.26288,0.0,results/chips_neg20/site-6c8b1cfb-133a5db0/2023-08-H2.png
133a5db0-44a9-11f1-ab32-c74e52a5f4a0,site-6c8b1cfb-133a5db0,Site 6c8b1cfb,,182.5,1,negative,2025-06-H1,True,,2023-09-H1,-42,14956,0.8228,0.03434,0.23848,0.06579,0.00124,0.69449,0.69141,-0.17303,0.17812,65836.87348,0.0,results/chips_neg20/site-6c8b1cfb-133a5db0/2023-09-H1.png
133a5db0-44a9-11f1-ab32-c74e52a5f4a0,site-6c8b1cfb-133a5db0,Site 6c8b1cfb,,182.5,1,negative,2025-06-H1,True,,2023-10-H1,-40,18737,1.0,0.03704,0.20872,0.06663,0.00114,0.72351,0.6747,-0.15188,0.17325,79244.38267,0.0,results/chips_neg20/site-6c8b1cfb-133a5db0/2023-10-H1.png
133a5db0-44a9-11f1-ab32-c74e52a5f4a0,site-6c8b1cfb-133a5db0,Site 6c8b1cfb,,182.5,1,negative,2025-06-H1,True,,2023-10-H2,-39,18819,1.0,0.04259,0.1921,0.04977,0.00092,0.75721,0.68755,-0.13896,0.16272,25214.12176,0.0,results/chips_neg20/site-6c8b1cfb-133a5db0/2023-10-H2.png
133a5db0-44a9-11f1-ab32-c74e52a5f4a0,site-6c8b1cfb-133a5db0,Site 6c8b1cfb,,182.5,1,negative,2025-06-H1,True,,2023-11-H1,-38,18819,1.0,0.04185,0.17538,0.06986,0.00087,0.7539,0.63654,-0.06849,0.17935,67537.82614,0.0,results/chips_neg20/site-6c8b1cfb-133a5db0/2023-11-H1.png
133a5db0-44a9-11f1-ab32-c74e52a5f4a0,site-6c8b1cfb-133a5db0,Site 6c8b1cfb,,182.5,1,negative,2025-06-H1,True,,2023-12-H1,-36,18720,1.0,0.04347,0.14723,0.05716,0.00089,0.79472,0.59334,-0.01527,0.17222,5002.80194,0.0,results/chips_neg20/site-6c8b1cfb-133a5db0/2023-12-H1.png
133a5db0-44a9-11f1-ab32-c74e52a5f4a0,site-6c8b1cfb-133a5db0,Site 6c8b1cfb,,182.5,1,negative,2025-06-H1,True,,2023-12-H2,-35,12749,0.7013,0.02087,0.11912,0.21111,0.03877,0.63099,0.38133,0.00066,0.23981,121367.97497,300.16812,results/chips_neg20/site-6c8b1cfb-133a5db0/2023-12-H2.png
133a5db0-44a9-11f1-ab32-c74e52a5f4a0,site-6c8b1cfb-133a5db0,Site 6c8b1cfb,,182.5,1,negative,2025-06-H1,True,,2024-01-H1,-34,18811,1.0,0.04302,0.14286,0.05393,0.00086,0.80234,0.56378,-0.00765,0.17053,0.0,0.0,results/chips_neg20/site-6c8b1cfb-133a5db0/2024-01-H1.png
133a5db0-44a9-11f1-ab32-c74e52a5f4a0,site-6c8b1cfb-133a5db0,Site 6c8b1cfb,,182.5,1,negative,2025-06-H1,True,,2024-01-H2,-33,18426,1.0,0.04427,0.13952,0.05506,0.00066,0.80476,0.55131,0.01496,0.17426,0.0,0.0,results/chips_neg20/site-6c8b1cfb-133a5db0/2024-01-H2.png
133a5db0-44a9-11f1-ab32-c74e52a5f4a0,site-6c8b1cfb-133a5db0,Site 6c8b1cfb,,182.5,1,negative,2025-06-H1,True,,2024-02-H1,-32,18819,1.0,0.04052,0.14838,0.05019,0.00099,0.80044,0.54542,-0.01526,0.17055,0.0,0.0,results/chips_neg20/site-6c8b1cfb-133a5db0/2024-02-H1.png
133a5db0-44a9-11f1-ab32-c74e52a5f4a0,site-6c8b1cfb-133a5db0,Site 6c8b1cfb,,182.5,1,negative,2025-06-H1,True,,2024-02-H2,-31,210,0.0116,0.02147,0.06282,0.0,0.00087,0.93631,0.31568,-0.16385,0.09404,0.0,0.0,results/chips_neg20/site-6c8b1cfb-133a5db0/2024-02-H2.png
133a5db0-44a9-11f1-ab32-c74e52a5f4a0,site-6c8b1cfb-133a5db0,Site 6c8b1cfb,,182.5,1,negative,2025-06-H1,True,,2024-03-H1,-30,18669,1.0,0.03447,0.15305,0.12347,0.00142,0.72206,0.49716,0.04634,0.21663,42423.76042,0.0,results/chips_neg20/site-6c8b1cfb-133a5db0/2024-03-H1.png
133a5db0-44a9-11f1-ab32-c74e52a5f4a0,site-6c8b1cfb-133a5db0,Site 6c8b1cfb,,182.5,1,negative,2025-06-H1,True,,2024-03-H2,-29,18819,1.0,0.03655,0.19131,0.10148,0.00173,0.70548,0.558,0.0003,0.21392,33318.6609,0.0,results/chips_neg20/site-6c8b1cfb-133a5db0/2024-03-H2.png
133a5db0-44a9-11f1-ab32-c74e52a5f4a0,site-6c8b1cfb-133a5db0,Site 6c8b1cfb,,182.5,1,negative,2025-06-H1,True,,2024-04-H1,-28,18792,1.0,0.03327,0.24379,0.06891,0.00159,0.68571,0.65708,-0.09923,0.19872,25714.40195,0.0,results/chips_neg20/site-6c8b1cfb-133a5db0/2024-04-H1.png
133a5db0-44a9-11f1-ab32-c74e52a5f4a0,site-6c8b1cfb-133a5db0,Site 6c8b1cfb,,182.5,1,negative,2025-06-H1,True,,2024-04-H2,-27,18792,1.0,0.03108,0.29451,0.05072,0.00177,0.65301,0.71398,-0.19701,0.18438,23313.05702,0.0,results/chips_neg20/site-6c8b1cfb-133a5db0/2024-04-H2.png
133a5db0-44a9-11f1-ab32-c74e52a5f4a0,site-6c8b1cfb-133a5db0,Site 6c8b1cfb,,182.5,1,negative,2025-06-H1,True,,2024-05-H2,-25,18669,1.0,0.03279,0.33408,0.04191,0.00213,0.62189,0.75587,-0.25444,0.17743,3301.84928,0.0,results/chips_neg20/site-6c8b1cfb-133a5db0/2024-05-H2.png
133a5db0-44a9-11f1-ab32-c74e52a5f4a0,site-6c8b1cfb-133a5db0,Site 6c8b1cfb,,182.5,1,negative,2025-06-H1,True,,2024-06-H1,-24,11383,0.6262,0.02726,0.37253,0.05056,0.0019,0.57501,0.75066,-0.2777,0.18693,9205.15556,0.0,results/chips_neg20/site-6c8b1cfb-133a5db0/2024-06-H1.png
133a5db0-44a9-11f1-ab32-c74e52a5f4a0,site-6c8b1cfb-133a5db0,Site 6c8b1cfb,,182.5,1,negative,2025-06-H1,True,,2024-06-H2,-23,4400,0.2421,0.02722,0.38599,0.03112,0.00072,0.58217,0.77433,-0.31446,0.17392,4602.57778,0.0,results/chips_neg20/site-6c8b1cfb-133a5db0/2024-06-H2.png
133a5db0-44a9-11f1-ab32-c74e52a5f4a0,site-6c8b1cfb-133a5db0,Site 6c8b1cfb,,182.5,1,negative,2025-06-H1,True,,2024-07-H1,-22,1822,0.1002,0.02068,0.3898,0.06933,0.01426,0.52661,0.69426,-0.24879,0.21198,100.05604,0.0,results/chips_neg20/site-6c8b1cfb-133a5db0/2024-07-H1.png
133a5db0-44a9-11f1-ab32-c74e52a5f4a0,site-6c8b1cfb-133a5db0,Site 6c8b1cfb,,182.5,1,negative,2025-06-H1,True,,2024-07-H2,-21,11749,0.6463,0.02406,0.30741,0.07793,0.00851,0.60614,0.6659,-0.20499,0.20129,23112.94495,0.0,results/chips_neg20/site-6c8b1cfb-133a5db0/2024-07-H2.png
133a5db0-44a9-11f1-ab32-c74e52a5f4a0,site-6c8b1cfb-133a5db0,Site 6c8b1cfb,,182.5,1,negative,2025-06-H1,True,,2024-08-H1,-20,18819,1.0,0.03515,0.28489,0.04261,0.00227,0.67022,0.76141,-0.23241,0.17086,32117.98843,100.05604,results/chips_neg20/site-6c8b1cfb-133a5db0/2024-08-H1.png
133a5db0-44a9-11f1-ab32-c74e52a5f4a0,site-6c8b1cfb-133a5db0,Site 6c8b1cfb,,182.5,1,negative,2025-06-H1,True,,2024-09-H1,-18,12663,0.6966,0.02539,0.24068,0.08078,0.00441,0.67412,0.60083,-0.18039,0.18583,31917.87635,100.05604,results/chips_neg20/site-6c8b1cfb-133a5db0/2024-09-H1.png
133a5db0-44a9-11f1-ab32-c74e52a5f4a0,site-6c8b1cfb-133a5db0,Site 6c8b1cfb,,182.5,1,negative,2025-06-H1,True,,2024-09-H2,-17,15737,0.8657,0.03864,0.22347,0.04913,0.00275,0.72465,0.71942,-0.17786,0.16602,27015.13046,100.05604,results/chips_neg20/site-6c8b1cfb-133a5db0/2024-09-H2.png
133a5db0-44a9-11f1-ab32-c74e52a5f4a0,site-6c8b1cfb-133a5db0,Site 6c8b1cfb,,182.5,1,negative,2025-06-H1,True,,2024-10-H1,-16,18792,1.0,0.04322,0.21163,0.05047,0.00387,0.73403,0.7389,-0.17708,0.1623,27215.24253,400.22415,results/chips_neg20/site-6c8b1cfb-133a5db0/2024-10-H1.png
133a5db0-44a9-11f1-ab32-c74e52a5f4a0,site-6c8b1cfb-133a5db0,Site 6c8b1cfb,,182.5,1,negative,2025-06-H1,True,,2024-10-H2,-15,18815,1.0,0.04264,0.19,0.05284,0.00384,0.75332,0.68717,-0.13815,0.16464,29616.58746,0.0,results/chips_neg20/site-6c8b1cfb-133a5db0/2024-10-H2.png
133a5db0-44a9-11f1-ab32-c74e52a5f4a0,site-6c8b1cfb-133a5db0,Site 6c8b1cfb,,182.5,1,negative,2025-06-H1,True,,2024-11-H2,-13,18594,1.0,0.04448,0.17007,0.03653,0.00333,0.79007,0.6637,-0.08171,0.16135,9805.4918,200.11208,results/chips_neg20/site-6c8b1cfb-133a5db0/2024-11-H2.png
133a5db0-44a9-11f1-ab32-c74e52a5f4a0,site-6c8b1cfb-133a5db0,Site 6c8b1cfb,,182.5,1,negative,2025-06-H1,True,,2024-12-H2,-11,18805,1.0,0.04391,0.14675,0.05756,0.00317,0.79252,0.5909,-0.02086,0.17191,16309.13431,200.11208,results/chips_neg20/site-6c8b1cfb-133a5db0/2024-12-H2.png
133a5db0-44a9-11f1-ab32-c74e52a5f4a0,site-6c8b1cfb-133a5db0,Site 6c8b1cfb,,182.5,1,negative,2025-06-H1,True,,2025-01-H1,-10,18726,1.0,0.0444,0.14313,0.05532,0.00289,0.79865,0.5808,-0.00999,0.17161,7103.97875,100.05604,results/chips_neg20/site-6c8b1cfb-133a5db0/2025-01-H1.png
133a5db0-44a9-11f1-ab32-c74e52a5f4a0,site-6c8b1cfb-133a5db0,Site 6c8b1cfb,,182.5,1,negative,2025-06-H1,True,,2025-01-H2,-9,17914,0.9855,0.03369,0.15376,0.03107,0.00168,0.81349,0.52444,-0.07011,0.15472,0.0,0.0,results/chips_neg20/site-6c8b1cfb-133a5db0/2025-01-H2.png
133a5db0-44a9-11f1-ab32-c74e52a5f4a0,site-6c8b1cfb-133a5db0,Site 6c8b1cfb,,182.5,1,negative,2025-06-H1,True,,2025-02-H1,-8,18718,1.0,0.0424,0.15536,0.0629,0.00178,0.77995,0.5549,-0.00258,0.18244,2001.12077,0.0,results/chips_neg20/site-6c8b1cfb-133a5db0/2025-02-H1.png
133a5db0-44a9-11f1-ab32-c74e52a5f4a0,site-6c8b1cfb-133a5db0,Site 6c8b1cfb,,182.5,1,negative,2025-06-H1,True,,2025-02-H2,-7,18306,1.0,0.04208,0.15397,0.06541,0.00136,0.77926,0.56841,-0.00069,0.18229,1400.78454,200.11208,results/chips_neg20/site-6c8b1cfb-133a5db0/2025-02-H2.png
133a5db0-44a9-11f1-ab32-c74e52a5f4a0,site-6c8b1cfb-133a5db0,Site 6c8b1cfb,,182.5,1,negative,2025-06-H1,True,,2025-03-H1,-6,1833,0.1008,0.01732,0.1097,0.20867,0.05555,0.62608,0.29706,0.036,0.25736,4402.4657,0.0,results/chips_neg20/site-6c8b1cfb-133a5db0/2025-03-H1.png
133a5db0-44a9-11f1-ab32-c74e52a5f4a0,site-6c8b1cfb-133a5db0,Site 6c8b1cfb,,182.5,1,negative,2025-06-H1,True,,2025-03-H2,-5,17412,0.9579,0.02806,0.18436,0.12689,0.00375,0.685,0.49554,-0.00421,0.22003,24513.72949,500.28019,results/chips_neg20/site-6c8b1cfb-133a5db0/2025-03-H2.png
133a5db0-44a9-11f1-ab32-c74e52a5f4a0,site-6c8b1cfb-133a5db0,Site 6c8b1cfb,,182.5,1,negative,2025-06-H1,True,,2025-04-H1,-4,18819,1.0,0.03456,0.19213,0.11257,0.00363,0.69167,0.55004,-0.02348,0.21227,32418.15655,0.0,results/chips_neg20/site-6c8b1cfb-133a5db0/2025-04-H1.png
133a5db0-44a9-11f1-ab32-c74e52a5f4a0,site-6c8b1cfb-133a5db0,Site 6c8b1cfb,,182.5,1,negative,2025-06-H1,True,,2025-04-H2,-3,18819,1.0,0.02916,0.20219,0.14145,0.0033,0.65306,0.54527,-0.04639,0.22027,92852.00394,0.0,results/chips_neg20/site-6c8b1cfb-133a5db0/2025-04-H2.png
133a5db0-44a9-11f1-ab32-c74e52a5f4a0,site-6c8b1cfb-133a5db0,Site 6c8b1cfb,,182.5,1,negative,2025-06-H1,True,,2025-05-H1,-2,10886,0.5989,0.02474,0.27122,0.12048,0.00623,0.60207,0.59338,-0.10911,0.22429,11106.2203,0.0,results/chips_neg20/site-6c8b1cfb-133a5db0/2025-05-H1.png
133a5db0-44a9-11f1-ab32-c74e52a5f4a0,site-6c8b1cfb-133a5db0,Site 6c8b1cfb,,182.5,1,negative,2025-06-H1,True,,2025-05-H2,-1,18819,1.0,0.03304,0.30811,0.08242,0.00494,0.60452,0.71392,-0.17281,0.20659,76242.70151,300.16812,results/chips_neg20/site-6c8b1cfb-133a5db0/2025-05-H2.png
133a5db0-44a9-11f1-ab32-c74e52a5f4a0,site-6c8b1cfb-133a5db0,Site 6c8b1cfb,,182.5,1,negative,2025-06-H1,True,,2025-06-H1,0,15645,0.8607,0.02263,0.3084,0.08047,0.00391,0.60722,0.66285,-0.19927,0.2014,70239.33918,0.0,results/chips_neg20/site-6c8b1cfb-133a5db0/2025-06-H1.png
133a5db0-44a9-11f1-ab32-c74e52a5f4a0,site-6c8b1cfb-133a5db0,Site 6c8b1cfb,,182.5,1,negative,2025-06-H1,True,,2025-06-H2,1,301,0.0166,0.01851,0.42262,0.00196,0.00013,0.57529,0.77801,-0.33244,0.17115,0.0,0.0,results/chips_neg20/site-6c8b1cfb-133a5db0/2025-06-H2.png
133a5db0-44a9-11f1-ab32-c74e52a5f4a0,site-6c8b1cfb-133a5db0,Site 6c8b1cfb,,182.5,1,negative,2025-06-H1,True,,2025-07-H1,2,18784,1.0,0.02998,0.34809,0.03497,0.00516,0.61178,0.76872,-0.26165,0.18143,13307.45315,300.16812,results/chips_neg20/site-6c8b1cfb-133a5db0/2025-07-H1.png
133a5db0-44a9-11f1-ab32-c74e52a5f4a0,site-6c8b1cfb-133a5db0,Site 6c8b1cfb,,182.5,1,negative,2025-06-H1,True,,2025-07-H2,3,16835,0.9261,0.03156,0.29662,0.04089,0.00539,0.65711,0.74303,-0.23974,0.17289,16409.19035,0.0,results/chips_neg20/site-6c8b1cfb-133a5db0/2025-07-H2.png
133a5db0-44a9-11f1-ab32-c74e52a5f4a0,site-6c8b1cfb-133a5db0,Site 6c8b1cfb,,182.5,1,negative,2025-06-H1,True,,2025-08-H1,4,17274,0.9503,0.02951,0.30775,0.03321,0.00394,0.65509,0.73991,-0.24802,0.17237,7804.37102,0.0,results/chips_neg20/site-6c8b1cfb-133a5db0/2025-08-H1.png
133a5db0-44a9-11f1-ab32-c74e52a5f4a0,site-6c8b1cfb-133a5db0,Site 6c8b1cfb,,182.5,1,negative,2025-06-H1,True,,2025-08-H2,5,18574,1.0,0.03459,0.27037,0.03611,0.00616,0.68735,0.74072,-0.23864,0.16412,15108.46185,700.39227,results/chips_neg20/site-6c8b1cfb-133a5db0/2025-08-H2.png
133a5db0-44a9-11f1-ab32-c74e52a5f4a0,site-6c8b1cfb-133a5db0,Site 6c8b1cfb,,182.5,1,negative,2025-06-H1,True,,2025-09-H1,6,18701,1.0,0.03741,0.26046,0.04523,0.00572,0.68859,0.74216,-0.22959,0.1666,50628.35559,500.28019,results/chips_neg20/site-6c8b1cfb-133a5db0/2025-09-H1.png
133a5db0-44a9-11f1-ab32-c74e52a5f4a0,site-6c8b1cfb-133a5db0,Site 6c8b1cfb,,182.5,1,negative,2025-06-H1,True,,2025-09-H2,7,18450,1.0,0.03579,0.22674,0.0536,0.0054,0.71427,0.69761,-0.17652,0.17131,67637.88218,400.22415,results/chips_neg20/site-6c8b1cfb-133a5db0/2025-09-H2.png
133a5db0-44a9-11f1-ab32-c74e52a5f4a0,site-6c8b1cfb-133a5db0,Site 6c8b1cfb,,182.5,1,negative,2025-06-H1,True,,2025-10-H1,8,18819,1.0,0.0436,0.18291,0.05556,0.00505,0.75648,0.68874,-0.1166,0.16761,57532.22227,400.22415,results/chips_neg20/site-6c8b1cfb-133a5db0/2025-10-H1.png
133a5db0-44a9-11f1-ab32-c74e52a5f4a0,site-6c8b1cfb-133a5db0,Site 6c8b1cfb,,182.5,1,negative,2025-06-H1,True,,2025-10-H2,9,18655,1.0,0.04413,0.20049,0.04874,0.00521,0.74557,0.69793,-0.14952,0.16466,37921.23868,300.16812,results/chips_neg20/site-6c8b1cfb-133a5db0/2025-10-H2.png
133a5db0-44a9-11f1-ab32-c74e52a5f4a0,site-6c8b1cfb-133a5db0,Site 6c8b1cfb,,182.5,1,negative,2025-06-H1,True,,2025-11-H1,10,18792,1.0,0.04416,0.14889,0.05636,0.00481,0.78994,0.61761,-0.03603,0.17156,21912.27248,0.0,results/chips_neg20/site-6c8b1cfb-133a5db0/2025-11-H1.png
133a5db0-44a9-11f1-ab32-c74e52a5f4a0,site-6c8b1cfb-133a5db0,Site 6c8b1cfb,,182.5,1,negative,2025-06-H1,True,,2025-11-H2,11,17526,0.9641,0.04372,0.12913,0.05737,0.00534,0.80816,0.57262,0.01373,0.17414,12607.06088,0.0,results/chips_neg20/site-6c8b1cfb-133a5db0/2025-11-H2.png
133a5db0-44a9-11f1-ab32-c74e52a5f4a0,site-6c8b1cfb-133a5db0,Site 6c8b1cfb,,182.5,1,negative,2025-06-H1,True,,2025-12-H1,12,18291,1.0,0.04446,0.12011,0.02751,0.00293,0.84945,0.6001,-0.02974,0.14675,1300.7285,0.0,results/chips_neg20/site-6c8b1cfb-133a5db0/2025-12-H1.png
133a5db0-44a9-11f1-ab32-c74e52a5f4a0,site-6c8b1cfb-133a5db0,Site 6c8b1cfb,,182.5,1,negative,2025-06-H1,True,,2025-12-H2,13,17101,0.9408,0.04663,0.12157,0.05607,0.0052,0.81717,0.56362,0.03303,0.17253,8504.76329,400.22415,results/chips_neg20/site-6c8b1cfb-133a5db0/2025-12-H2.png
133a5db0-44a9-11f1-ab32-c74e52a5f4a0,site-6c8b1cfb-133a5db0,Site 6c8b1cfb,,182.5,1,negative,2025-06-H1,True,,2026-01-H1,14,18421,1.0,0.04675,0.11933,0.04739,0.0048,0.82849,0.58686,0.02511,0.16566,5102.85797,400.22415,results/chips_neg20/site-6c8b1cfb-133a5db0/2026-01-H1.png
133a5db0-44a9-11f1-ab32-c74e52a5f4a0,site-6c8b1cfb-133a5db0,Site 6c8b1cfb,,182.5,1,negative,2025-06-H1,True,,2026-01-H2,15,16982,0.9342,0.04448,0.13765,0.04298,0.00405,0.81532,0.57287,0.00275,0.1681,1801.0087,200.11208,results/chips_neg20/site-6c8b1cfb-133a5db0/2026-01-H2.png
133a5db0-44a9-11f1-ab32-c74e52a5f4a0,site-6c8b1cfb-133a5db0,Site 6c8b1cfb,,182.5,1,negative,2025-06-H1,True,,2026-02-H1,16,18818,1.0,0.04274,0.12048,0.06774,0.00459,0.8072,0.53757,0.04055,0.17876,9305.2116,0.0,results/chips_neg20/site-6c8b1cfb-133a5db0/2026-02-H1.png
133a5db0-44a9-11f1-ab32-c74e52a5f4a0,site-6c8b1cfb-133a5db0,Site 6c8b1cfb,,182.5,1,negative,2025-06-H1,True,,2026-02-H2,17,18678,1.0,0.03928,0.13914,0.06219,0.00541,0.79326,0.53413,0.01422,0.18016,2701.51305,800.44831,results/chips_neg20/site-6c8b1cfb-133a5db0/2026-02-H2.png
133a5db0-44a9-11f1-ab32-c74e52a5f4a0,site-6c8b1cfb-133a5db0,Site 6c8b1cfb,,182.5,1,negative,2025-06-H1,True,,2026-03-H2,19,707,0.0389,0.016,0.09822,0.06572,0.02829,0.80777,0.29888,0.01278,0.17879,0.0,0.0,results/chips_neg20/site-6c8b1cfb-133a5db0/2026-03-H2.png
133a5db0-44a9-11f1-ab32-c74e52a5f4a0,site-6c8b1cfb-133a5db0,Site 6c8b1cfb,,182.5,1,negative,2025-06-H1,True,,2026-04-H1,20,18792,1.0,0.02475,0.24013,0.06832,0.00566,0.68589,0.59811,-0.10279,0.19936,9705.43576,0.0,results/chips_neg20/site-6c8b1cfb-133a5db0/2026-04-H1.png
133a5db0-44a9-11f1-ab32-c74e52a5f4a0,site-6c8b1cfb-133a5db0,Site 6c8b1cfb,,182.5,1,negative,2025-06-H1,True,,2026-04-H2,21,18819,1.0,0.03249,0.27495,0.05587,0.00618,0.66299,0.68618,-0.17057,0.18788,9305.2116,500.28019,results/chips_neg20/site-6c8b1cfb-133a5db0/2026-04-H2.png
133a5db0-44a9-11f1-ab32-c74e52a5f4a0,site-6c8b1cfb-133a5db0,Site 6c8b1cfb,,182.5,1,negative,2025-06-H1,True,,2026-05-H1,22,18701,1.0,0.03341,0.29485,0.04947,0.00638,0.6493,0.72368,-0.20771,0.18143,8804.93141,900.50435,results/chips_neg20/site-6c8b1cfb-133a5db0/2026-05-H1.png
133a5db0-44a9-11f1-ab32-c74e52a5f4a0,site-6c8b1cfb-133a5db0,Site 6c8b1cfb,,182.5,1,negative,2025-06-H1,True,,2026-05-H2,23,9666,0.5317,0.02508,0.3075,0.12053,0.00878,0.56319,0.63138,-0.11637,0.23881,63135.36044,1500.84058,results/chips_neg20/site-6c8b1cfb-133a5db0/2026-05-H2.png
133a5db0-44a9-11f1-ab32-c74e52a5f4a0,site-6c8b1cfb-133a5db0,Site 6c8b1cfb,,182.5,1,negative,2025-06-H1,True,,2026-06-H1,24,10549,0.5803,0.02043,0.35337,0.08102,0.00837,0.55724,0.68148,-0.18772,0.2192,33318.6609,4802.68986,results/chips_neg20/site-6c8b1cfb-133a5db0/2026-06-H1.png
133a5db0-44a9-11f1-ab32-c74e52a5f4a0,site-6c8b1cfb-133a5db0,Site 6c8b1cfb,,182.5,1,negative,2025-06-H1,True,,2026-06-H2,25,18400,1.0,0.02881,0.32803,0.03102,0.00832,0.63262,0.75718,-0.24498,0.17964,4002.24155,2701.51305,results/chips_neg20/site-6c8b1cfb-133a5db0/2026-06-H2.png
133a5db0-44a9-11f1-ab32-c74e52a5f4a0,site-6c8b1cfb-133a5db0,Site 6c8b1cfb,,182.5,1,negative,2025-06-H1,True,,2026-07-H2,27,17501,0.9628,0.02607,0.32065,0.04031,0.01678,0.62227,0.71037,-0.24978,0.1842,4002.24155,300.16812,results/chips_neg20/site-6c8b1cfb-133a5db0/2026-07-H2.png
133a5db0-44a9-11f1-ab32-c74e52a5f4a0,site-6c8b1cfb-133a5db0,Site 6c8b1cfb,,182.5,1,negative,2025-06-H1,True,,2026-08-H1,28,6664,0.3666,0.02988,0.33784,0.0117,0.01136,0.6391,0.76109,-0.34928,0.15043,1200.67246,5202.91401,results/chips_neg20/site-6c8b1cfb-133a5db0/2026-08-H1.png
133a5db0-44a9-11f1-ab32-c74e52a5f4a0,site-6c8b1cfb-133a5db0,Site 6c8b1cfb,,182.5,1,negative,2025-06-H1,True,,2026-08-H2,29,10287,0.5659,0.00706,0.29818,0.11382,0.03294,0.55506,0.51579,-0.15348,0.23315,1000.56039,0.0,results/chips_neg20/site-6c8b1cfb-133a5db0/2026-08-H2.png
133a5db0-44a9-11f1-ab32-c74e52a5f4a0,site-6c8b1cfb-133a5db0,Site 6c8b1cfb,,182.5,1,negative,2025-06-H1,True,,2026-09-H1,30,6727,0.3701,0.01797,0.27264,0.0457,0.02647,0.65519,0.57379,-0.18405,0.19385,200.11208,0.0,results/chips_neg20/site-6c8b1cfb-133a5db0/2026-09-H1.png
427cde20-8aa2-11f0-b4d1-4511b48d89ac,site-6ce24200-427cde20,Site 6ce24200,,262.49,6,negative,2025-03-H1,True,,2023-04-H2,-45,40,0.0015,0.01504,0.03041,0.4299,0.12367,0.41601,0.08304,0.07804,0.35098,699.09957,0.0,results/chips_neg20/site-6ce24200-427cde20/2023-04-H2.png
427cde20-8aa2-11f0-b4d1-4511b48d89ac,site-6ce24200-427cde20,Site 6ce24200,,262.49,6,negative,2025-03-H1,True,,2023-05-H2,-43,25979,0.9933,0.03034,0.04179,0.42446,0.0095,0.52425,0.26932,0.2201,0.32521,425152.40957,6092.15339,results/chips_neg20/site-6ce24200-427cde20/2023-05-H2.png
427cde20-8aa2-11f0-b4d1-4511b48d89ac,site-6ce24200-427cde20,Site 6ce24200,,262.49,6,negative,2025-03-H1,True,,2023-06-H2,-41,26353,1.0,0.02495,0.18543,0.24548,0.00499,0.56411,0.47502,0.03666,0.27053,163689.17061,0.0,results/chips_neg20/site-6ce24200-427cde20/2023-06-H2.png
427cde20-8aa2-11f0-b4d1-4511b48d89ac,site-6ce24200-427cde20,Site 6ce24200,,262.49,6,negative,2025-03-H1,True,,2023-07-H1,-40,26353,1.0,0.02413,0.16364,0.28187,0.00494,0.54955,0.4445,0.05587,0.27887,256269.92788,0.0,results/chips_neg20/site-6ce24200-427cde20/2023-07-H1.png
427cde20-8aa2-11f0-b4d1-4511b48d89ac,site-6ce24200-427cde20,Site 6ce24200,,262.49,6,negative,2025-03-H1,True,,2023-07-H2,-39,26353,1.0,0.02556,0.14906,0.29429,0.00529,0.55136,0.41614,0.08503,0.28727,270851.14747,0.0,results/chips_neg20/site-6ce24200-427cde20/2023-07-H2.png
427cde20-8aa2-11f0-b4d1-4511b48d89ac,site-6ce24200-427cde20,Site 6ce24200,,262.49,6,negative,2025-03-H1,True,,2023-08-H1,-38,26353,1.0,0.02851,0.1064,0.31935,0.00276,0.57149,0.37094,0.13855,0.28964,306704.96824,0.0,results/chips_neg20/site-6ce24200-427cde20/2023-08-H1.png
427cde20-8aa2-11f0-b4d1-4511b48d89ac,site-6ce24200-427cde20,Site 6ce24200,,262.49,6,negative,2025-03-H1,True,,2023-08-H2,-37,26353,1.0,0.03102,0.08843,0.30201,0.00172,0.60784,0.35385,0.16398,0.27967,254172.62917,0.0,results/chips_neg20/site-6ce24200-427cde20/2023-08-H2.png
427cde20-8aa2-11f0-b4d1-4511b48d89ac,site-6ce24200-427cde20,Site 6ce24200,,262.49,6,negative,2025-03-H1,True,,2023-09-H1,-36,26353,1.0,0.0322,0.07873,0.30108,0.00256,0.61763,0.33622,0.17808,0.27837,253873.01507,0.0,results/chips_neg20/site-6ce24200-427cde20/2023-09-H1.png
427cde20-8aa2-11f0-b4d1-4511b48d89ac,site-6ce24200-427cde20,Site 6ce24200,,262.49,6,negative,2025-03-H1,True,,2023-09-H2,-35,26353,1.0,0.03689,0.0706,0.28419,0.00216,0.64305,0.315,0.21164,0.27723,194549.42303,0.0,results/chips_neg20/site-6ce24200-427cde20/2023-09-H2.png
427cde20-8aa2-11f0-b4d1-4511b48d89ac,site-6ce24200-427cde20,Site 6ce24200,,262.49,6,negative,2025-03-H1,True,,2023-10-H1,-34,26353,1.0,0.03715,0.04424,0.30705,0.0016,0.6471,0.26538,0.24244,0.2789,221614.56351,0.0,results/chips_neg20/site-6ce24200-427cde20/2023-10-H1.png
427cde20-8aa2-11f0-b4d1-4511b48d89ac,site-6ce24200-427cde20,Site 6ce24200,,262.49,6,negative,2025-03-H1,True,,2023-10-H2,-33,26353,1.0,0.03838,0.04028,0.29348,0.00141,0.66483,0.2579,0.25432,0.27397,189555.85468,0.0,results/chips_neg20/site-6ce24200-427cde20/2023-10-H2.png
427cde20-8aa2-11f0-b4d1-4511b48d89ac,site-6ce24200-427cde20,Site 6ce24200,,262.49,6,negative,2025-03-H1,True,,2023-12-H2,-29,20,0.0008,0.01534,0.04233,0.18104,0.24166,0.53497,0.06637,-0.04575,0.29196,0.0,0.0,results/chips_neg20/site-6ce24200-427cde20/2023-12-H2.png
427cde20-8aa2-11f0-b4d1-4511b48d89ac,site-6ce24200-427cde20,Site 6ce24200,,262.49,6,negative,2025-03-H1,True,,2024-01-H1,-28,512,0.0196,0.02254,0.085,0.2858,0.05467,0.57453,0.14436,0.0458,0.27284,3695.24058,0.0,results/chips_neg20/site-6ce24200-427cde20/2024-01-H1.png
427cde20-8aa2-11f0-b4d1-4511b48d89ac,site-6ce24200-427cde20,Site 6ce24200,,262.49,6,negative,2025-03-H1,True,,2024-02-H2,-25,1028,0.0393,0.09482,0.0,0.0,0.10577,0.89423,-0.08557,-0.86523,0.01034,0.0,0.0,results/chips_neg20/site-6ce24200-427cde20/2024-02-H2.png
427cde20-8aa2-11f0-b4d1-4511b48d89ac,site-6ce24200-427cde20,Site 6ce24200,,262.49,6,negative,2025-03-H1,True,,2024-03-H2,-23,188,0.0072,0.01904,0.06176,0.48852,0.03401,0.41571,0.12329,0.10963,0.34293,6891.12433,0.0,results/chips_neg20/site-6ce24200-427cde20/2024-03-H2.png
427cde20-8aa2-11f0-b4d1-4511b48d89ac,site-6ce24200-427cde20,Site 6ce24200,,262.49,6,negative,2025-03-H1,True,,2024-04-H1,-22,4074,0.1558,0.02057,0.02031,0.3105,0.02873,0.64045,0.14262,0.17729,0.2661,32857.67976,0.0,results/chips_neg20/site-6ce24200-427cde20/2024-04-H1.png
427cde20-8aa2-11f0-b4d1-4511b48d89ac,site-6ce24200-427cde20,Site 6ce24200,,262.49,6,negative,2025-03-H1,True,,2024-04-H2,-21,12551,0.4799,0.02595,0.00684,0.3788,0.01367,0.60069,0.17149,0.24469,0.29581,74803.65393,299.6141,results/chips_neg20/site-6ce24200-427cde20/2024-04-H2.png
427cde20-8aa2-11f0-b4d1-4511b48d89ac,site-6ce24200-427cde20,Site 6ce24200,,262.49,6,negative,2025-03-H1,True,,2024-05-H1,-20,25511,0.9754,0.03591,0.03335,0.37374,0.00361,0.58929,0.261,0.25044,0.30422,232101.05705,1498.07051,results/chips_neg20/site-6ce24200-427cde20/2024-05-H1.png
427cde20-8aa2-11f0-b4d1-4511b48d89ac,site-6ce24200-427cde20,Site 6ce24200,,262.49,6,negative,2025-03-H1,True,,2024-05-H2,-19,26353,1.0,0.02854,0.12686,0.29374,0.00457,0.57483,0.39337,0.11668,0.28376,150406.27879,0.0,results/chips_neg20/site-6ce24200-427cde20/2024-05-H2.png
427cde20-8aa2-11f0-b4d1-4511b48d89ac,site-6ce24200-427cde20,Site 6ce24200,,262.49,6,negative,2025-03-H1,True,,2024-06-H1,-18,26218,1.0,0.02804,0.13991,0.32706,0.0049,0.52812,0.4185,0.10819,0.30079,253873.01507,0.0,results/chips_neg20/site-6ce24200-427cde20/2024-06-H1.png
427cde20-8aa2-11f0-b4d1-4511b48d89ac,site-6ce24200-427cde20,Site 6ce24200,,262.49,6,negative,2025-03-H1,True,,2024-06-H2,-17,26343,1.0,0.02417,0.14272,0.33081,0.00528,0.52119,0.39108,0.09987,0.30285,264659.12271,0.0,results/chips_neg20/site-6ce24200-427cde20/2024-06-H2.png
427cde20-8aa2-11f0-b4d1-4511b48d89ac,site-6ce24200-427cde20,Site 6ce24200,,262.49,6,negative,2025-03-H1,True,,2024-07-H1,-16,26353,1.0,0.02454,0.12733,0.33638,0.00459,0.5317,0.36913,0.11093,0.29964,298016.15931,0.0,results/chips_neg20/site-6ce24200-427cde20/2024-07-H1.png
427cde20-8aa2-11f0-b4d1-4511b48d89ac,site-6ce24200-427cde20,Site 6ce24200,,262.49,6,negative,2025-03-H1,True,,2024-07-H2,-15,26353,1.0,0.02609,0.08599,0.38038,0.00237,0.53125,0.29633,0.1757,0.3176,354743.0958,0.0,results/chips_neg20/site-6ce24200-427cde20/2024-07-H2.png
427cde20-8aa2-11f0-b4d1-4511b48d89ac,site-6ce24200-427cde20,Site 6ce24200,,262.49,6,negative,2025-03-H1,True,,2024-08-H1,-14,19199,0.7341,0.02692,0.08635,0.38186,0.00973,0.52206,0.28577,0.16826,0.3203,323483.35791,0.0,results/chips_neg20/site-6ce24200-427cde20/2024-08-H1.png
427cde20-8aa2-11f0-b4d1-4511b48d89ac,site-6ce24200-427cde20,Site 6ce24200,,262.49,6,negative,2025-03-H1,True,,2024-08-H2,-13,26353,1.0,0.03007,0.07105,0.36378,0.00342,0.56174,0.28497,0.19614,0.30807,334768.82238,0.0,results/chips_neg20/site-6ce24200-427cde20/2024-08-H2.png
427cde20-8aa2-11f0-b4d1-4511b48d89ac,site-6ce24200-427cde20,Site 6ce24200,,262.49,6,negative,2025-03-H1,True,,2024-09-H1,-12,26353,1.0,0.03035,0.05078,0.38383,0.0025,0.56288,0.25375,0.21881,0.31093,361734.09149,0.0,results/chips_neg20/site-6ce24200-427cde20/2024-09-H1.png
427cde20-8aa2-11f0-b4d1-4511b48d89ac,site-6ce24200-427cde20,Site 6ce24200,,262.49,6,negative,2025-03-H1,True,,2024-09-H2,-11,26353,1.0,0.03286,0.03903,0.37595,0.00295,0.58207,0.21839,0.2455,0.31065,315293.90581,0.0,results/chips_neg20/site-6ce24200-427cde20/2024-09-H2.png
427cde20-8aa2-11f0-b4d1-4511b48d89ac,site-6ce24200-427cde20,Site 6ce24200,,262.49,6,negative,2025-03-H1,True,,2024-10-H1,-10,26353,1.0,0.03095,0.03213,0.37833,0.00281,0.58673,0.20753,0.24376,0.30598,321386.0592,0.0,results/chips_neg20/site-6ce24200-427cde20/2024-10-H1.png
427cde20-8aa2-11f0-b4d1-4511b48d89ac,site-6ce24200-427cde20,Site 6ce24200,,262.49,6,negative,2025-03-H1,True,,2024-10-H2,-9,26353,1.0,0.04052,0.04063,0.33049,0.00211,0.62677,0.24593,0.26306,0.29432,210129.35629,0.0,results/chips_neg20/site-6ce24200-427cde20/2024-10-H2.png
427cde20-8aa2-11f0-b4d1-4511b48d89ac,site-6ce24200-427cde20,Site 6ce24200,,262.49,6,negative,2025-03-H1,True,,2024-11-H1,-8,5731,0.2191,0.01188,0.06818,0.08429,0.12367,0.72385,0.1339,-0.07003,0.20155,0.0,299.6141,results/chips_neg20/site-6ce24200-427cde20/2024-11-H1.png
427cde20-8aa2-11f0-b4d1-4511b48d89ac,site-6ce24200-427cde20,Site 6ce24200,,262.49,6,negative,2025-03-H1,True,,2024-11-H2,-7,48,0.0018,0.01402,0.06624,0.24068,0.19179,0.50128,0.09725,-0.02431,0.30251,0.0,0.0,results/chips_neg20/site-6ce24200-427cde20/2024-11-H2.png
427cde20-8aa2-11f0-b4d1-4511b48d89ac,site-6ce24200-427cde20,Site 6ce24200,,262.49,6,negative,2025-03-H1,True,,2024-12-H1,-6,57,0.0022,0.03142,0.1103,0.20472,0.00361,0.68137,0.20881,0.0664,0.22859,0.0,0.0,results/chips_neg20/site-6ce24200-427cde20/2024-12-H1.png
427cde20-8aa2-11f0-b4d1-4511b48d89ac,site-6ce24200-427cde20,Site 6ce24200,,262.49,6,negative,2025-03-H1,True,,2024-12-H2,-5,1354,0.0518,0.0154,0.02492,0.03549,0.05782,0.88177,0.06176,-0.08605,0.13243,0.0,0.0,results/chips_neg20/site-6ce24200-427cde20/2024-12-H2.png
427cde20-8aa2-11f0-b4d1-4511b48d89ac,site-6ce24200-427cde20,Site 6ce24200,,262.49,6,negative,2025-03-H1,True,,2025-02-H2,-1,20,0.0008,0.01489,0.05828,0.18861,0.16968,0.58343,0.08589,-0.01206,0.27444,0.0,0.0,results/chips_neg20/site-6ce24200-427cde20/2025-02-H2.png
427cde20-8aa2-11f0-b4d1-4511b48d89ac,site-6ce24200-427cde20,Site 6ce24200,,262.49,6,negative,2025-03-H1,True,,2025-03-H1,0,524,0.02,0.01196,0.04104,0.38145,0.06261,0.5149,0.10986,0.09135,0.30466,4594.08288,99.87137,results/chips_neg20/site-6ce24200-427cde20/2025-03-H1.png
427cde20-8aa2-11f0-b4d1-4511b48d89ac,site-6ce24200-427cde20,Site 6ce24200,,262.49,6,negative,2025-03-H1,True,,2025-03-H2,1,5353,0.2047,0.02381,0.03962,0.2395,0.03396,0.68692,0.16773,0.15286,0.24641,26066.4268,399.48547,results/chips_neg20/site-6ce24200-427cde20/2025-03-H2.png
427cde20-8aa2-11f0-b4d1-4511b48d89ac,site-6ce24200-427cde20,Site 6ce24200,,262.49,6,negative,2025-03-H1,True,,2025-04-H1,2,17229,0.6588,0.02161,0.0358,0.19767,0.03346,0.73308,0.17176,0.14801,0.2281,99.87137,1597.94187,results/chips_neg20/site-6ce24200-427cde20/2025-04-H1.png
427cde20-8aa2-11f0-b4d1-4511b48d89ac,site-6ce24200-427cde20,Site 6ce24200,,262.49,6,negative,2025-03-H1,True,,2025-04-H2,3,26353,1.0,0.03064,0.04243,0.3718,0.0025,0.58328,0.25932,0.22791,0.30278,201740.16146,99.87137,results/chips_neg20/site-6ce24200-427cde20/2025-04-H2.png
427cde20-8aa2-11f0-b4d1-4511b48d89ac,site-6ce24200-427cde20,Site 6ce24200,,262.49,6,negative,2025-03-H1,True,,2025-05-H1,4,17467,0.6679,0.02705,0.06493,0.44266,0.00682,0.48559,0.28918,0.19018,0.33458,381808.23627,0.0,results/chips_neg20/site-6ce24200-427cde20/2025-05-H1.png
427cde20-8aa2-11f0-b4d1-4511b48d89ac,site-6ce24200-427cde20,Site 6ce24200,,262.49,6,negative,2025-03-H1,True,,2025-05-H2,5,26353,1.0,0.02492,0.13828,0.32033,0.00447,0.53692,0.39849,0.09736,0.2939,237693.8536,0.0,results/chips_neg20/site-6ce24200-427cde20/2025-05-H2.png
427cde20-8aa2-11f0-b4d1-4511b48d89ac,site-6ce24200-427cde20,Site 6ce24200,,262.49,6,negative,2025-03-H1,True,,2025-06-H1,6,26353,1.0,0.02415,0.13836,0.34073,0.00443,0.51649,0.37621,0.10633,0.30636,283135.32561,0.0,results/chips_neg20/site-6ce24200-427cde20/2025-06-H1.png
427cde20-8aa2-11f0-b4d1-4511b48d89ac,site-6ce24200-427cde20,Site 6ce24200,,262.49,6,negative,2025-03-H1,True,,2025-06-H2,7,26353,1.0,0.0217,0.12381,0.37051,0.00463,0.50105,0.35391,0.1117,0.31126,360935.12055,0.0,results/chips_neg20/site-6ce24200-427cde20/2025-06-H2.png
427cde20-8aa2-11f0-b4d1-4511b48d89ac,site-6ce24200-427cde20,Site 6ce24200,,262.49,6,negative,2025-03-H1,True,,2025-07-H1,8,25889,0.9899,0.02766,0.10672,0.38114,0.00418,0.50796,0.32802,0.15836,0.32434,344556.21636,0.0,results/chips_neg20/site-6ce24200-427cde20/2025-07-H1.png
427cde20-8aa2-11f0-b4d1-4511b48d89ac,site-6ce24200-427cde20,Site 6ce24200,,262.49,6,negative,2025-03-H1,True,,2025-08-H1,10,26353,1.0,0.02684,0.07733,0.42168,0.0045,0.49649,0.25508,0.18924,0.33631,443928.22658,0.0,results/chips_neg20/site-6ce24200-427cde20/2025-08-H1.png
427cde20-8aa2-11f0-b4d1-4511b48d89ac,site-6ce24200-427cde20,Site 6ce24200,,262.49,6,negative,2025-03-H1,True,,2025-08-H2,11,26353,1.0,0.02756,0.05787,0.43427,0.00364,0.50421,0.234,0.21034,0.3366,478084.23411,0.0,results/chips_neg20/site-6ce24200-427cde20/2025-08-H2.png
427cde20-8aa2-11f0-b4d1-4511b48d89ac,site-6ce24200-427cde20,Site 6ce24200,,262.49,6,negative,2025-03-H1,True,,2025-09-H1,12,26353,1.0,0.03129,0.04937,0.40543,0.00364,0.54156,0.22674,0.23108,0.32641,376814.66792,0.0,results/chips_neg20/site-6ce24200-427cde20/2025-09-H1.png
427cde20-8aa2-11f0-b4d1-4511b48d89ac,site-6ce24200-427cde20,Site 6ce24200,,262.49,6,negative,2025-03-H1,True,,2025-09-H2,13,26353,1.0,0.03523,0.03941,0.38596,0.0026,0.57203,0.22891,0.25182,0.31657,345055.57319,0.0,results/chips_neg20/site-6ce24200-427cde20/2025-09-H2.png
427cde20-8aa2-11f0-b4d1-4511b48d89ac,site-6ce24200-427cde20,Site 6ce24200,,262.49,6,negative,2025-03-H1,True,,2025-10-H1,14,26353,1.0,0.03445,0.03282,0.36939,0.00214,0.59566,0.22561,0.2514,0.3034,295219.76103,0.0,results/chips_neg20/site-6ce24200-427cde20/2025-10-H1.png
427cde20-8aa2-11f0-b4d1-4511b48d89ac,site-6ce24200-427cde20,Site 6ce24200,,262.49,6,negative,2025-03-H1,True,,2025-10-H2,15,26353,1.0,0.02757,0.07004,0.20425,0.00665,0.71906,0.24292,0.16713,0.23648,41446.61733,99.87137,results/chips_neg20/site-6ce24200-427cde20/2025-10-H2.png
427cde20-8aa2-11f0-b4d1-4511b48d89ac,site-6ce24200-427cde20,Site 6ce24200,,262.49,6,negative,2025-03-H1,True,,2025-11-H1,16,26353,1.0,0.03709,0.04073,0.30014,0.00172,0.65741,0.23238,0.25674,0.27998,165187.24112,0.0,results/chips_neg20/site-6ce24200-427cde20/2025-11-H1.png
427cde20-8aa2-11f0-b4d1-4511b48d89ac,site-6ce24200-427cde20,Site 6ce24200,,262.49,6,negative,2025-03-H1,True,,2025-11-H2,17,26225,1.0,0.03332,0.08996,0.07646,0.00382,0.82976,0.28013,0.1498,0.19135,499.35684,199.74273,results/chips_neg20/site-6ce24200-427cde20/2025-11-H2.png
427cde20-8aa2-11f0-b4d1-4511b48d89ac,site-6ce24200-427cde20,Site 6ce24200,,262.49,6,negative,2025-03-H1,True,,2025-12-H1,18,26353,1.0,0.02459,0.04595,0.12545,0.00122,0.82738,0.19322,0.18798,0.19225,2596.65554,0.0,results/chips_neg20/site-6ce24200-427cde20/2025-12-H1.png
427cde20-8aa2-11f0-b4d1-4511b48d89ac,site-6ce24200-427cde20,Site 6ce24200,,262.49,6,negative,2025-03-H1,True,,2025-12-H2,19,2061,0.0788,0.08767,0.0,0.0,0.12979,0.87021,-0.03249,-0.71139,0.02975,0.0,0.0,results/chips_neg20/site-6ce24200-427cde20/2025-12-H2.png
427cde20-8aa2-11f0-b4d1-4511b48d89ac,site-6ce24200-427cde20,Site 6ce24200,,262.49,6,negative,2025-03-H1,True,,2026-01-H2,21,26353,1.0,0.01379,0.04122,0.22739,0.04119,0.6902,0.16116,0.10534,0.2362,77400.30947,1398.19914,results/chips_neg20/site-6ce24200-427cde20/2026-01-H2.png
427cde20-8aa2-11f0-b4d1-4511b48d89ac,site-6ce24200-427cde20,Site 6ce24200,,262.49,6,negative,2025-03-H1,True,,2026-02-H1,22,26353,1.0,0.03462,0.02166,0.29795,0.00163,0.67876,0.20397,0.26522,0.26827,132529.30409,0.0,results/chips_neg20/site-6ce24200-427cde20/2026-02-H1.png
427cde20-8aa2-11f0-b4d1-4511b48d89ac,site-6ce24200-427cde20,Site 6ce24200,,262.49,6,negative,2025-03-H1,True,,2026-03-H1,24,1196,0.0457,0.05247,0.01194,0.00438,0.47531,0.50838,0.04932,-0.26356,0.23969,0.0,51833.2395,results/chips_neg20/site-6ce24200-427cde20/2026-03-H1.png
427cde20-8aa2-11f0-b4d1-4511b48d89ac,site-6ce24200-427cde20,Site 6ce24200,,262.49,6,negative,2025-03-H1,True,,2026-03-H2,25,26353,1.0,0.03228,0.02285,0.34877,0.0024,0.62598,0.21028,0.25704,0.28977,196746.59311,0.0,results/chips_neg20/site-6ce24200-427cde20/2026-03-H2.png
427cde20-8aa2-11f0-b4d1-4511b48d89ac,site-6ce24200-427cde20,Site 6ce24200,,262.49,6,negative,2025-03-H1,True,,2026-04-H1,26,26353,1.0,0.02936,0.03868,0.33375,0.00197,0.6256,0.24857,0.22309,0.28194,166086.08342,0.0,results/chips_neg20/site-6ce24200-427cde20/2026-04-H1.png
427cde20-8aa2-11f0-b4d1-4511b48d89ac,site-6ce24200-427cde20,Site 6ce24200,,262.49,6,negative,2025-03-H1,True,,2026-04-H2,27,26329,1.0,0.00814,0.06021,0.40496,0.01411,0.52072,0.22338,0.13625,0.30674,145312.83907,0.0,results/chips_neg20/site-6ce24200-427cde20/2026-04-H2.png
427cde20-8aa2-11f0-b4d1-4511b48d89ac,site-6ce24200-427cde20,Site 6ce24200,,262.49,6,negative,2025-03-H1,True,,2026-05-H1,28,26353,1.0,0.02948,0.07401,0.33194,0.00403,0.59002,0.29782,0.18192,0.29051,169581.58127,0.0,results/chips_neg20/site-6ce24200-427cde20/2026-05-H1.png
427cde20-8aa2-11f0-b4d1-4511b48d89ac,site-6ce24200-427cde20,Site 6ce24200,,262.49,6,negative,2025-03-H1,True,,2026-05-H2,29,22151,0.8469,0.02249,0.12753,0.30255,0.00763,0.56229,0.36239,0.10755,0.2886,82094.26372,0.0,results/chips_neg20/site-6ce24200-427cde20/2026-05-H2.png
427cde20-8aa2-11f0-b4d1-4511b48d89ac,site-6ce24200-427cde20,Site 6ce24200,,262.49,6,negative,2025-03-H1,True,,2026-06-H1,30,26353,1.0,0.02244,0.10622,0.37388,0.0056,0.5143,0.33568,0.12582,0.3074,346853.2578,0.0,results/chips_neg20/site-6ce24200-427cde20/2026-06-H1.png
427cde20-8aa2-11f0-b4d1-4511b48d89ac,site-6ce24200-427cde20,Site 6ce24200,,262.49,6,negative,2025-03-H1,True,,2026-06-H2,31,26353,1.0,0.02305,0.1081,0.3881,0.00631,0.49749,0.32369,0.13812,0.32045,362932.54789,0.0,results/chips_neg20/site-6ce24200-427cde20/2026-06-H2.png
427cde20-8aa2-11f0-b4d1-4511b48d89ac,site-6ce24200-427cde20,Site 6ce24200,,262.49,6,negative,2025-03-H1,True,,2026-07-H1,32,22784,0.8711,0.0255,0.06821,0.45512,0.00746,0.46921,0.2671,0.1907,0.34297,701696.22496,0.0,results/chips_neg20/site-6ce24200-427cde20/2026-07-H1.png
427cde20-8aa2-11f0-b4d1-4511b48d89ac,site-6ce24200-427cde20,Site 6ce24200,,262.49,6,negative,2025-03-H1,True,,2026-07-H2,33,26353,1.0,0.03036,0.03847,0.42874,0.0021,0.53069,0.234,0.24133,0.33182,449121.53767,0.0,results/chips_neg20/site-6ce24200-427cde20/2026-07-H2.png
427cde20-8aa2-11f0-b4d1-4511b48d89ac,site-6ce24200-427cde20,Site 6ce24200,,262.49,6,negative,2025-03-H1,True,,2026-08-H1,34,26353,1.0,0.02712,0.03663,0.44379,0.00328,0.5163,0.23068,0.22255,0.3294,575059.33153,0.0,results/chips_neg20/site-6ce24200-427cde20/2026-08-H1.png
427cde20-8aa2-11f0-b4d1-4511b48d89ac,site-6ce24200-427cde20,Site 6ce24200,,262.49,6,negative,2025-03-H1,True,,2026-08-H2,35,26353,1.0,0.03342,0.01952,0.45529,0.00385,0.52134,0.21543,0.26739,0.34042,644170.31753,0.0,results/chips_neg20/site-6ce24200-427cde20/2026-08-H2.png
427cde20-8aa2-11f0-b4d1-4511b48d89ac,site-6ce24200-427cde20,Site 6ce24200,,262.49,6,negative,2025-03-H1,True,,2026-09-H1,36,26353,1.0,0.03345,0.01751,0.39868,0.00313,0.58068,0.22453,0.25697,0.30683,404279.29386,0.0,results/chips_neg20/site-6ce24200-427cde20/2026-09-H1.png
25fc4690-8422-11f0-ae95-67597f404442,site-83194303-25fc4690,Site 83194303,,42.6,4,negative,2026-02-H1,True,,2023-01-H1,-74,4410,1.0,0.03877,0.04777,0.43018,0.0,0.52204,0.2525,0.253,0.33936,71090.60194,0.0,results/chips_neg20/site-83194303-25fc4690/2023-01-H1.png
25fc4690-8422-11f0-ae95-67597f404442,site-83194303-25fc4690,Site 83194303,,42.6,4,negative,2026-02-H1,True,,2023-01-H2,-73,4410,1.0,0.03368,0.07112,0.46141,3e-05,0.46744,0.27227,0.21714,0.35395,124832.30524,0.0,results/chips_neg20/site-83194303-25fc4690/2023-01-H2.png
25fc4690-8422-11f0-ae95-67597f404442,site-83194303-25fc4690,Site 83194303,,42.6,4,negative,2026-02-H1,True,,2023-02-H1,-72,4410,1.0,0.0341,0.06607,0.39409,9e-05,0.53974,0.27217,0.22259,0.32478,37589.28041,0.0,results/chips_neg20/site-83194303-25fc4690/2023-02-H1.png
25fc4690-8422-11f0-ae95-67597f404442,site-83194303-25fc4690,Site 83194303,,42.6,4,negative,2026-02-H1,True,,2023-03-H1,-70,4410,1.0,0.0347,0.11228,0.40911,0.00018,0.47843,0.37414,0.16471,0.33414,85946.84274,0.0,results/chips_neg20/site-83194303-25fc4690/2023-03-H1.png
25fc4690-8422-11f0-ae95-67597f404442,site-83194303-25fc4690,Site 83194303,,42.6,4,negative,2026-02-H1,True,,2023-03-H2,-69,4410,1.0,0.0285,0.24287,0.26921,0.00026,0.48766,0.54514,0.02228,0.29605,3190.60205,0.0,results/chips_neg20/site-83194303-25fc4690/2023-03-H2.png
25fc4690-8422-11f0-ae95-67597f404442,site-83194303-25fc4690,Site 83194303,,42.6,4,negative,2026-02-H1,True,,2023-04-H1,-68,4410,1.0,0.01246,0.30297,0.34495,0.00152,0.35056,0.52691,-0.03845,0.32605,19941.26282,0.0,results/chips_neg20/site-83194303-25fc4690/2023-04-H1.png
25fc4690-8422-11f0-ae95-67597f404442,site-83194303-25fc4690,Site 83194303,,42.6,4,negative,2026-02-H1,True,,2023-04-H2,-67,4410,1.0,0.02363,0.33441,0.1353,0.00125,0.52903,0.61837,-0.07583,0.25582,1196.47577,0.0,results/chips_neg20/site-83194303-25fc4690/2023-04-H2.png
25fc4690-8422-11f0-ae95-67597f404442,site-83194303-25fc4690,Site 83194303,,42.6,4,negative,2026-02-H1,True,,2023-05-H2,-65,4410,1.0,0.02794,0.30752,0.18221,0.00069,0.50958,0.62138,-0.03166,0.27766,3489.72099,0.0,results/chips_neg20/site-83194303-25fc4690/2023-05-H2.png
25fc4690-8422-11f0-ae95-67597f404442,site-83194303-25fc4690,Site 83194303,,42.6,4,negative,2026-02-H1,True,,2023-06-H1,-64,4410,1.0,0.02751,0.17514,0.49176,0.00028,0.33283,0.41893,0.12177,0.38734,150556.53427,0.0,results/chips_neg20/site-83194303-25fc4690/2023-06-H1.png
25fc4690-8422-11f0-ae95-67597f404442,site-83194303-25fc4690,Site 83194303,,42.6,4,negative,2026-02-H1,True,,2023-06-H2,-63,4410,1.0,0.02277,0.19131,0.50044,0.00026,0.30798,0.40778,0.10236,0.3902,251259.9115,0.0,results/chips_neg20/site-83194303-25fc4690/2023-06-H2.png
25fc4690-8422-11f0-ae95-67597f404442,site-83194303-25fc4690,Site 83194303,,42.6,4,negative,2026-02-H1,True,,2023-07-H1,-62,4410,1.0,0.01793,0.13088,0.64268,0.00407,0.22236,0.27911,0.14156,0.43525,400719.67631,0.0,results/chips_neg20/site-83194303-25fc4690/2023-07-H1.png
25fc4690-8422-11f0-ae95-67597f404442,site-83194303-25fc4690,Site 83194303,,42.6,4,negative,2026-02-H1,True,,2023-07-H2,-61,4410,1.0,0.02001,0.11386,0.68349,0.01712,0.18553,0.21864,0.1486,0.45672,439704.84512,0.0,results/chips_neg20/site-83194303-25fc4690/2023-07-H2.png
25fc4690-8422-11f0-ae95-67597f404442,site-83194303-25fc4690,Site 83194303,,42.6,4,negative,2026-02-H1,True,,2023-08-H1,-60,4410,1.0,0.02186,0.09351,0.71718,0.02768,0.16162,0.18215,0.15864,0.47215,439704.84512,0.0,results/chips_neg20/site-83194303-25fc4690/2023-08-H1.png
25fc4690-8422-11f0-ae95-67597f404442,site-83194303-25fc4690,Site 83194303,,42.6,4,negative,2026-02-H1,True,,2023-08-H2,-59,4410,1.0,0.0194,0.09471,0.73377,0.04076,0.13076,0.1762,0.1398,0.47715,439505.43249,0.0,results/chips_neg20/site-83194303-25fc4690/2023-08-H2.png
25fc4690-8422-11f0-ae95-67597f404442,site-83194303-25fc4690,Site 83194303,,42.6,4,negative,2026-02-H1,True,,2023-09-H1,-58,4410,1.0,0.01952,0.06821,0.71327,0.01754,0.20098,0.16986,0.17624,0.45653,439605.1388,0.0,results/chips_neg20/site-83194303-25fc4690/2023-09-H1.png
25fc4690-8422-11f0-ae95-67597f404442,site-83194303-25fc4690,Site 83194303,,42.6,4,negative,2026-02-H1,True,,2023-09-H2,-57,4410,1.0,0.02798,0.02261,0.60554,9e-05,0.37177,0.19559,0.24919,0.40052,376092.21673,0.0,results/chips_neg20/site-83194303-25fc4690/2023-09-H2.png
25fc4690-8422-11f0-ae95-67597f404442,site-83194303-25fc4690,Site 83194303,,42.6,4,negative,2026-02-H1,True,,2023-10-H1,-56,4410,1.0,0.03313,0.07482,0.49545,0.00011,0.42962,0.3003,0.2124,0.36713,171893.68548,0.0,results/chips_neg20/site-83194303-25fc4690/2023-10-H1.png
25fc4690-8422-11f0-ae95-67597f404442,site-83194303-25fc4690,Site 83194303,,42.6,4,negative,2026-02-H1,True,,2023-10-H2,-55,4410,1.0,0.03001,0.10372,0.48147,0.00011,0.4147,0.32238,0.17904,0.36562,145770.63119,0.0,results/chips_neg20/site-83194303-25fc4690/2023-10-H2.png
25fc4690-8422-11f0-ae95-67597f404442,site-83194303-25fc4690,Site 83194303,,42.6,4,negative,2026-02-H1,True,,2023-11-H1,-54,4410,1.0,0.03187,0.21656,0.19888,9e-05,0.58447,0.53055,0.05086,0.26969,0.0,0.0,results/chips_neg20/site-83194303-25fc4690/2023-11-H1.png
25fc4690-8422-11f0-ae95-67597f404442,site-83194303-25fc4690,Site 83194303,,42.6,4,negative,2026-02-H1,True,,2023-11-H2,-53,4410,1.0,0.03132,0.25862,0.23872,5e-05,0.50261,0.56661,0.02052,0.29083,0.0,0.0,results/chips_neg20/site-83194303-25fc4690/2023-11-H2.png
25fc4690-8422-11f0-ae95-67597f404442,site-83194303-25fc4690,Site 83194303,,42.6,4,negative,2026-02-H1,True,,2023-12-H1,-52,4410,1.0,0.03405,0.19618,0.23715,3e-05,0.56664,0.50144,0.07585,0.28222,0.0,0.0,results/chips_neg20/site-83194303-25fc4690/2023-12-H1.png
25fc4690-8422-11f0-ae95-67597f404442,site-83194303-25fc4690,Site 83194303,,42.6,4,negative,2026-02-H1,True,,2023-12-H2,-51,4410,1.0,0.03141,0.2031,0.26418,0.00018,0.53254,0.50223,0.06462,0.29037,0.0,0.0,results/chips_neg20/site-83194303-25fc4690/2023-12-H2.png
25fc4690-8422-11f0-ae95-67597f404442,site-83194303-25fc4690,Site 83194303,,42.6,4,negative,2026-02-H1,True,,2024-01-H1,-50,4410,1.0,0.02694,0.2133,0.22932,0.00013,0.55725,0.48956,0.04126,0.27558,0.0,0.0,results/chips_neg20/site-83194303-25fc4690/2024-01-H1.png
25fc4690-8422-11f0-ae95-67597f404442,site-83194303-25fc4690,Site 83194303,,42.6,4,negative,2026-02-H1,True,,2024-01-H2,-49,4410,1.0,0.02962,0.16331,0.32818,5e-05,0.50846,0.42675,0.10151,0.30646,9472.09984,0.0,results/chips_neg20/site-83194303-25fc4690/2024-01-H2.png
25fc4690-8422-11f0-ae95-67597f404442,site-83194303-25fc4690,Site 83194303,,42.6,4,negative,2026-02-H1,True,,2024-02-H1,-48,4410,1.0,0.03348,0.20565,0.23312,0.0001,0.56112,0.50643,0.06618,0.28095,0.0,0.0,results/chips_neg20/site-83194303-25fc4690/2024-02-H1.png
25fc4690-8422-11f0-ae95-67597f404442,site-83194303-25fc4690,Site 83194303,,42.6,4,negative,2026-02-H1,True,,2024-02-H2,-47,4410,1.0,0.03207,0.22631,0.26419,0.00011,0.50939,0.51903,0.05241,0.29718,498.53157,0.0,results/chips_neg20/site-83194303-25fc4690/2024-02-H2.png
25fc4690-8422-11f0-ae95-67597f404442,site-83194303-25fc4690,Site 83194303,,42.6,4,negative,2026-02-H1,True,,2024-03-H1,-46,4410,1.0,0.02578,0.25566,0.30365,0.0001,0.44059,0.52299,0.02536,0.31572,3090.89574,0.0,results/chips_neg20/site-83194303-25fc4690/2024-03-H1.png
25fc4690-8422-11f0-ae95-67597f404442,site-83194303-25fc4690,Site 83194303,,42.6,4,negative,2026-02-H1,True,,2024-03-H2,-45,4410,1.0,0.01907,0.35262,0.19723,0.00022,0.44994,0.63328,-0.09346,0.27915,0.0,0.0,results/chips_neg20/site-83194303-25fc4690/2024-03-H2.png
25fc4690-8422-11f0-ae95-67597f404442,site-83194303-25fc4690,Site 83194303,,42.6,4,negative,2026-02-H1,True,,2024-04-H1,-44,4410,1.0,0.02304,0.34992,0.14255,0.00019,0.50734,0.65498,-0.10325,0.25901,0.0,0.0,results/chips_neg20/site-83194303-25fc4690/2024-04-H1.png
25fc4690-8422-11f0-ae95-67597f404442,site-83194303-25fc4690,Site 83194303,,42.6,4,negative,2026-02-H1,True,,2024-04-H2,-43,4156,0.9767,0.01717,0.39753,0.21874,0.01642,0.36731,0.61494,-0.10824,0.30459,25823.93535,0.0,results/chips_neg20/site-83194303-25fc4690/2024-04-H2.png
25fc4690-8422-11f0-ae95-67597f404442,site-83194303-25fc4690,Site 83194303,,42.6,4,negative,2026-02-H1,True,,2024-05-H1,-42,4410,1.0,0.02222,0.35136,0.15889,0.0017,0.48805,0.6253,-0.07993,0.26989,0.0,0.0,results/chips_neg20/site-83194303-25fc4690/2024-05-H1.png
25fc4690-8422-11f0-ae95-67597f404442,site-83194303-25fc4690,Site 83194303,,42.6,4,negative,2026-02-H1,True,,2024-05-H2,-41,4410,1.0,0.02561,0.29563,0.14069,0.00072,0.56297,0.61154,-0.04878,0.2516,6780.02936,0.0,results/chips_neg20/site-83194303-25fc4690/2024-05-H2.png
25fc4690-8422-11f0-ae95-67597f404442,site-83194303-25fc4690,Site 83194303,,42.6,4,negative,2026-02-H1,True,,2024-06-H1,-40,4410,1.0,0.02436,0.30361,0.16931,0.00168,0.5254,0.617,-0.05031,0.26626,5782.96622,0.0,results/chips_neg20/site-83194303-25fc4690/2024-06-H1.png
25fc4690-8422-11f0-ae95-67597f404442,site-83194303-25fc4690,Site 83194303,,42.6,4,negative,2026-02-H1,True,,2024-06-H2,-39,4219,0.9915,0.02297,0.31201,0.31218,0.00042,0.37538,0.58253,-0.01771,0.33131,32603.96471,0.0,results/chips_neg20/site-83194303-25fc4690/2024-06-H2.png
25fc4690-8422-11f0-ae95-67597f404442,site-83194303-25fc4690,Site 83194303,,42.6,4,negative,2026-02-H1,True,,2024-07-H1,-38,4410,1.0,0.02867,0.19727,0.40287,0.00022,0.39963,0.44185,0.09992,0.35763,116257.56222,0.0,results/chips_neg20/site-83194303-25fc4690/2024-07-H1.png
25fc4690-8422-11f0-ae95-67597f404442,site-83194303-25fc4690,Site 83194303,,42.6,4,negative,2026-02-H1,True,,2024-07-H2,-37,483,0.1135,0.02626,0.18773,0.45387,0.0612,0.29721,0.36555,0.08704,0.40845,13659.76503,398.82526,results/chips_neg20/site-83194303-25fc4690/2024-07-H2.png
25fc4690-8422-11f0-ae95-67597f404442,site-83194303-25fc4690,Site 83194303,,42.6,4,negative,2026-02-H1,True,,2024-08-H1,-36,4410,1.0,0.02964,0.1235,0.50697,0.0001,0.36943,0.32677,0.17416,0.39049,258638.17874,0.0,results/chips_neg20/site-83194303-25fc4690/2024-08-H1.png
25fc4690-8422-11f0-ae95-67597f404442,site-83194303-25fc4690,Site 83194303,,42.6,4,negative,2026-02-H1,True,,2024-08-H2,-35,4410,1.0,0.03124,0.09532,0.46031,0.00014,0.44423,0.28406,0.20026,0.36654,202403.81759,0.0,results/chips_neg20/site-83194303-25fc4690/2024-08-H2.png
25fc4690-8422-11f0-ae95-67597f404442,site-83194303-25fc4690,Site 83194303,,42.6,4,negative,2026-02-H1,True,,2024-09-H1,-34,4410,1.0,0.03608,0.1872,0.2575,0.00012,0.55517,0.49713,0.10688,0.29684,1695.00734,0.0,results/chips_neg20/site-83194303-25fc4690/2024-09-H1.png
25fc4690-8422-11f0-ae95-67597f404442,site-83194303-25fc4690,Site 83194303,,42.6,4,negative,2026-02-H1,True,,2024-09-H2,-33,4410,1.0,0.03159,0.19263,0.34368,6e-05,0.46363,0.44846,0.10327,0.33286,17947.13654,0.0,results/chips_neg20/site-83194303-25fc4690/2024-09-H2.png
25fc4690-8422-11f0-ae95-67597f404442,site-83194303-25fc4690,Site 83194303,,42.6,4,negative,2026-02-H1,True,,2024-10-H1,-32,4410,1.0,0.02698,0.13571,0.39922,4e-05,0.46503,0.33557,0.14127,0.33939,98509.83832,0.0,results/chips_neg20/site-83194303-25fc4690/2024-10-H1.png
25fc4690-8422-11f0-ae95-67597f404442,site-83194303-25fc4690,Site 83194303,,42.6,4,negative,2026-02-H1,True,,2024-10-H2,-31,4410,1.0,0.03093,0.14413,0.38243,0.00011,0.47334,0.3323,0.14491,0.34006,68298.82515,0.0,results/chips_neg20/site-83194303-25fc4690/2024-10-H2.png
25fc4690-8422-11f0-ae95-67597f404442,site-83194303-25fc4690,Site 83194303,,42.6,4,negative,2026-02-H1,True,,2024-11-H1,-30,4410,1.0,0.03614,0.08484,0.41709,3e-05,0.49804,0.31127,0.21511,0.34426,115958.44328,0.0,results/chips_neg20/site-83194303-25fc4690/2024-11-H1.png
25fc4690-8422-11f0-ae95-67597f404442,site-83194303-25fc4690,Site 83194303,,42.6,4,negative,2026-02-H1,True,,2024-11-H2,-29,4410,1.0,0.03922,0.11024,0.28802,4e-05,0.6017,0.35266,0.19604,0.29829,0.0,0.0,results/chips_neg20/site-83194303-25fc4690/2024-11-H2.png
25fc4690-8422-11f0-ae95-67597f404442,site-83194303-25fc4690,Site 83194303,,42.6,4,negative,2026-02-H1,True,,2024-12-H1,-28,4410,1.0,0.03844,0.10259,0.24926,3e-05,0.64813,0.34593,0.19819,0.27719,0.0,0.0,results/chips_neg20/site-83194303-25fc4690/2024-12-H1.png
25fc4690-8422-11f0-ae95-67597f404442,site-83194303-25fc4690,Site 83194303,,42.6,4,negative,2026-02-H1,True,,2024-12-H2,-27,4410,1.0,0.04268,0.06677,0.36475,1e-05,0.56847,0.33451,0.2449,0.31632,6879.73567,0.0,results/chips_neg20/site-83194303-25fc4690/2024-12-H2.png
25fc4690-8422-11f0-ae95-67597f404442,site-83194303-25fc4690,Site 83194303,,42.6,4,negative,2026-02-H1,True,,2025-01-H1,-26,4410,1.0,0.03965,0.05684,0.35861,1e-05,0.58454,0.30225,0.25746,0.31439,997.06314,0.0,results/chips_neg20/site-83194303-25fc4690/2025-01-H1.png
25fc4690-8422-11f0-ae95-67597f404442,site-83194303-25fc4690,Site 83194303,,42.6,4,negative,2026-02-H1,True,,2025-01-H2,-25,4410,1.0,0.04297,0.07057,0.32441,1e-05,0.60502,0.31551,0.25052,0.30505,99.70631,0.0,results/chips_neg20/site-83194303-25fc4690/2025-01-H2.png
25fc4690-8422-11f0-ae95-67597f404442,site-83194303-25fc4690,Site 83194303,,42.6,4,negative,2026-02-H1,True,,2025-02-H1,-24,4410,1.0,0.04219,0.05444,0.37751,6e-05,0.56799,0.29945,0.25901,0.31979,22533.62698,0.0,results/chips_neg20/site-83194303-25fc4690/2025-02-H1.png
25fc4690-8422-11f0-ae95-67597f404442,site-83194303-25fc4690,Site 83194303,,42.6,4,negative,2026-02-H1,True,,2025-02-H2,-23,4410,1.0,0.039,0.09057,0.33202,8e-05,0.57733,0.35185,0.21549,0.30867,498.53157,0.0,results/chips_neg20/site-83194303-25fc4690/2025-02-H2.png
25fc4690-8422-11f0-ae95-67597f404442,site-83194303-25fc4690,Site 83194303,,42.6,4,negative,2026-02-H1,True,,2025-03-H1,-22,4410,1.0,0.03707,0.06829,0.43344,0.00019,0.49809,0.30802,0.22938,0.34477,136497.94398,0.0,results/chips_neg20/site-83194303-25fc4690/2025-03-H1.png
25fc4690-8422-11f0-ae95-67597f404442,site-83194303-25fc4690,Site 83194303,,42.6,4,negative,2026-02-H1,True,,2025-03-H2,-21,4410,1.0,0.03427,0.08799,0.43599,0.00014,0.47588,0.32649,0.20401,0.34776,88240.08797,0.0,results/chips_neg20/site-83194303-25fc4690/2025-03-H2.png
25fc4690-8422-11f0-ae95-67597f404442,site-83194303-25fc4690,Site 83194303,,42.6,4,negative,2026-02-H1,True,,2025-04-H1,-20,4410,1.0,0.03024,0.17084,0.39534,0.00029,0.43353,0.44579,0.11753,0.34329,34797.50362,0.0,results/chips_neg20/site-83194303-25fc4690/2025-04-H1.png
25fc4690-8422-11f0-ae95-67597f404442,site-83194303-25fc4690,Site 83194303,,42.6,4,negative,2026-02-H1,True,,2025-04-H2,-19,2374,0.5579,0.02151,0.19014,0.34375,0.00806,0.45805,0.41527,0.07028,0.32513,13859.17766,0.0,results/chips_neg20/site-83194303-25fc4690/2025-04-H2.png
25fc4690-8422-11f0-ae95-67597f404442,site-83194303-25fc4690,Site 83194303,,42.6,4,negative,2026-02-H1,True,,2025-05-H1,-18,4410,1.0,0.02459,0.29339,0.16972,0.00047,0.53643,0.59356,-0.03643,0.26453,0.0,0.0,results/chips_neg20/site-83194303-25fc4690/2025-05-H1.png
25fc4690-8422-11f0-ae95-67597f404442,site-83194303-25fc4690,Site 83194303,,42.6,4,negative,2026-02-H1,True,,2025-05-H2,-17,4410,1.0,0.02759,0.2289,0.27804,0.00072,0.49235,0.51563,0.04615,0.30434,4187.66519,0.0,results/chips_neg20/site-83194303-25fc4690/2025-05-H2.png
25fc4690-8422-11f0-ae95-67597f404442,site-83194303-25fc4690,Site 83194303,,42.6,4,negative,2026-02-H1,True,,2025-06-H1,-16,4410,1.0,0.02568,0.26897,0.2271,0.00088,0.50304,0.57431,-0.00045,0.28831,3689.13362,0.0,results/chips_neg20/site-83194303-25fc4690/2025-06-H1.png
25fc4690-8422-11f0-ae95-67597f404442,site-83194303-25fc4690,Site 83194303,,42.6,4,negative,2026-02-H1,True,,2025-06-H2,-15,4410,1.0,0.02536,0.33612,0.17147,0.00063,0.49178,0.64016,-0.06124,0.27743,1196.47577,0.0,results/chips_neg20/site-83194303-25fc4690/2025-06-H2.png
25fc4690-8422-11f0-ae95-67597f404442,site-83194303-25fc4690,Site 83194303,,42.6,4,negative,2026-02-H1,True,,2025-07-H1,-14,2071,0.4867,0.01854,0.23066,0.41472,0.01052,0.34411,0.44327,0.04278,0.36211,14756.53448,0.0,results/chips_neg20/site-83194303-25fc4690/2025-07-H1.png
25fc4690-8422-11f0-ae95-67597f404442,site-83194303-25fc4690,Site 83194303,,42.6,4,negative,2026-02-H1,True,,2025-07-H2,-13,4410,1.0,0.02277,0.29847,0.37736,0.00057,0.3236,0.51823,0.00912,0.35913,107682.81921,0.0,results/chips_neg20/site-83194303-25fc4690/2025-07-H2.png
25fc4690-8422-11f0-ae95-67597f404442,site-83194303-25fc4690,Site 83194303,,42.6,4,negative,2026-02-H1,True,,2025-08-H1,-12,4410,1.0,0.02432,0.20913,0.4301,0.00016,0.36061,0.4406,0.08642,0.36767,40879.58878,0.0,results/chips_neg20/site-83194303-25fc4690/2025-08-H1.png
25fc4690-8422-11f0-ae95-67597f404442,site-83194303-25fc4690,Site 83194303,,42.6,4,negative,2026-02-H1,True,,2025-08-H2,-11,4410,1.0,0.03425,0.18057,0.30668,0.00026,0.51249,0.45362,0.1207,0.31912,4387.07782,0.0,results/chips_neg20/site-83194303-25fc4690/2025-08-H2.png
25fc4690-8422-11f0-ae95-67597f404442,site-83194303-25fc4690,Site 83194303,,42.6,4,negative,2026-02-H1,True,,2025-09-H1,-10,4410,1.0,0.03138,0.18901,0.28712,0.00014,0.52373,0.47713,0.09617,0.30557,498.53157,0.0,results/chips_neg20/site-83194303-25fc4690/2025-09-H1.png
25fc4690-8422-11f0-ae95-67597f404442,site-83194303-25fc4690,Site 83194303,,42.6,4,negative,2026-02-H1,True,,2025-09-H2,-9,4410,1.0,0.02885,0.14263,0.48978,0.00075,0.36684,0.3318,0.15843,0.38802,174486.04965,0.0,results/chips_neg20/site-83194303-25fc4690/2025-09-H2.png
25fc4690-8422-11f0-ae95-67597f404442,site-83194303-25fc4690,Site 83194303,,42.6,4,negative,2026-02-H1,True,,2025-10-H1,-8,4410,1.0,0.03214,0.09586,0.46325,9e-05,0.44079,0.26758,0.2031,0.3685,105688.69293,0.0,results/chips_neg20/site-83194303-25fc4690/2025-10-H1.png
25fc4690-8422-11f0-ae95-67597f404442,site-83194303-25fc4690,Site 83194303,,42.6,4,negative,2026-02-H1,True,,2025-10-H2,-7,4410,1.0,0.0306,0.13682,0.35446,0.00021,0.5085,0.35743,0.14258,0.32085,11765.34506,0.0,results/chips_neg20/site-83194303-25fc4690/2025-10-H2.png
25fc4690-8422-11f0-ae95-67597f404442,site-83194303-25fc4690,Site 83194303,,42.6,4,negative,2026-02-H1,True,,2025-11-H1,-6,4410,1.0,0.02912,0.14853,0.38726,6e-05,0.46414,0.37728,0.13701,0.33902,17548.31128,0.0,results/chips_neg20/site-83194303-25fc4690/2025-11-H1.png
25fc4690-8422-11f0-ae95-67597f404442,site-83194303-25fc4690,Site 83194303,,42.6,4,negative,2026-02-H1,True,,2025-11-H2,-5,4410,1.0,0.03208,0.17486,0.29785,8e-05,0.52721,0.46681,0.10238,0.30522,199.41263,0.0,results/chips_neg20/site-83194303-25fc4690/2025-11-H2.png
25fc4690-8422-11f0-ae95-67597f404442,site-83194303-25fc4690,Site 83194303,,42.6,4,negative,2026-02-H1,True,,2025-12-H1,-4,4410,1.0,0.03535,0.12795,0.32006,3e-05,0.55195,0.38917,0.15668,0.30658,199.41263,0.0,results/chips_neg20/site-83194303-25fc4690/2025-12-H1.png
25fc4690-8422-11f0-ae95-67597f404442,site-83194303-25fc4690,Site 83194303,,42.6,4,negative,2026-02-H1,True,,2025-12-H2,-3,4410,1.0,0.04222,0.05746,0.36043,1e-05,0.5821,0.29485,0.2609,0.31853,2492.65785,0.0,results/chips_neg20/site-83194303-25fc4690/2025-12-H2.png
25fc4690-8422-11f0-ae95-67597f404442,site-83194303-25fc4690,Site 83194303,,42.6,4,negative,2026-02-H1,True,,2026-01-H1,-2,4410,1.0,0.03549,0.07832,0.44206,3e-05,0.47958,0.30518,0.21342,0.3489,57630.24954,0.0,results/chips_neg20/site-83194303-25fc4690/2026-01-H1.png
25fc4690-8422-11f0-ae95-67597f404442,site-83194303-25fc4690,Site 83194303,,42.6,4,negative,2026-02-H1,True,,2026-01-H2,-1,3909,0.9187,0.01911,0.11147,0.20174,0.02144,0.66534,0.24991,0.02979,0.23295,0.0,0.0,results/chips_neg20/site-83194303-25fc4690/2026-01-H2.png
25fc4690-8422-11f0-ae95-67597f404442,site-83194303-25fc4690,Site 83194303,,42.6,4,negative,2026-02-H1,True,,2026-02-H2,1,4410,1.0,0.03421,0.08675,0.39988,6e-05,0.51331,0.32626,0.19922,0.33067,25225.69746,0.0,results/chips_neg20/site-83194303-25fc4690/2026-02-H2.png
25fc4690-8422-11f0-ae95-67597f404442,site-83194303-25fc4690,Site 83194303,,42.6,4,negative,2026-02-H1,True,,2026-03-H1,2,4410,1.0,0.03214,0.19606,0.30483,0.00015,0.49896,0.48126,0.09324,0.31609,498.53157,0.0,results/chips_neg20/site-83194303-25fc4690/2026-03-H1.png
25fc4690-8422-11f0-ae95-67597f404442,site-83194303-25fc4690,Site 83194303,,42.6,4,negative,2026-02-H1,True,,2026-03-H2,3,4410,1.0,0.02678,0.17173,0.445,0.00017,0.3831,0.38479,0.12096,0.36854,64809.10416,0.0,results/chips_neg20/site-83194303-25fc4690/2026-03-H2.png
25fc4690-8422-11f0-ae95-67597f404442,site-83194303-25fc4690,Site 83194303,,42.6,4,negative,2026-02-H1,True,,2026-04-H1,4,4300,1.0,0.02649,0.19797,0.36809,0.00022,0.43373,0.45697,0.08402,0.33633,25923.64166,0.0,results/chips_neg20/site-83194303-25fc4690/2026-04-H1.png
25fc4690-8422-11f0-ae95-67597f404442,site-83194303-25fc4690,Site 83194303,,42.6,4,negative,2026-02-H1,True,,2026-04-H2,5,2406,0.5655,0.02108,0.25841,0.44635,0.00565,0.28958,0.48289,0.04379,0.37879,74480.61662,0.0,results/chips_neg20/site-83194303-25fc4690/2026-04-H2.png
25fc4690-8422-11f0-ae95-67597f404442,site-83194303-25fc4690,Site 83194303,,42.6,4,negative,2026-02-H1,True,,2026-05-H1,6,4410,1.0,0.02606,0.32211,0.21016,0.00051,0.46722,0.60369,-0.03528,0.28978,199.41263,0.0,results/chips_neg20/site-83194303-25fc4690/2026-05-H1.png
25fc4690-8422-11f0-ae95-67597f404442,site-83194303-25fc4690,Site 83194303,,42.6,4,negative,2026-02-H1,True,,2026-05-H2,7,4410,1.0,0.02025,0.37417,0.12152,0.00109,0.50323,0.66654,-0.11862,0.2546,0.0,0.0,results/chips_neg20/site-83194303-25fc4690/2026-05-H2.png
25fc4690-8422-11f0-ae95-67597f404442,site-83194303-25fc4690,Site 83194303,,42.6,4,negative,2026-02-H1,True,,2026-06-H1,8,4410,1.0,0.02069,0.43612,0.26548,0.00383,0.29457,0.64325,-0.09177,0.33411,5683.2599,0.0,results/chips_neg20/site-83194303-25fc4690/2026-06-H1.png
25fc4690-8422-11f0-ae95-67597f404442,site-83194303-25fc4690,Site 83194303,,42.6,4,negative,2026-02-H1,True,,2026-06-H2,9,4410,1.0,0.01551,0.44973,0.27321,0.01515,0.26191,0.59773,-0.12362,0.3359,36991.04253,0.0,results/chips_neg20/site-83194303-25fc4690/2026-06-H2.png
25fc4690-8422-11f0-ae95-67597f404442,site-83194303-25fc4690,Site 83194303,,42.6,4,negative,2026-02-H1,True,,2026-07-H1,10,4410,1.0,0.01866,0.26814,0.47599,0.00727,0.24859,0.40238,0.02629,0.39145,167406.90135,0.0,results/chips_neg20/site-83194303-25fc4690/2026-07-H1.png
25fc4690-8422-11f0-ae95-67597f404442,site-83194303-25fc4690,Site 83194303,,42.6,4,negative,2026-02-H1,True,,2026-07-H2,11,4410,1.0,0.02173,0.27052,0.41309,0.0006,0.31578,0.45498,0.03191,0.36977,68298.82515,0.0,results/chips_neg20/site-83194303-25fc4690/2026-07-H2.png
25fc4690-8422-11f0-ae95-67597f404442,site-83194303-25fc4690,Site 83194303,,42.6,4,negative,2026-02-H1,True,,2026-08-H1,12,4410,1.0,0.02309,0.20984,0.43314,0.00219,0.35483,0.3509,0.07248,0.36744,76075.91765,0.0,results/chips_neg20/site-83194303-25fc4690/2026-08-H1.png
25fc4690-8422-11f0-ae95-67597f404442,site-83194303-25fc4690,Site 83194303,,42.6,4,negative,2026-02-H1,True,,2026-08-H2,13,4410,1.0,0.02233,0.19389,0.57203,0.01659,0.21749,0.29595,0.09073,0.42874,373599.55888,0.0,results/chips_neg20/site-83194303-25fc4690/2026-08-H2.png
25fc4690-8422-11f0-ae95-67597f404442,site-83194303-25fc4690,Site 83194303,,42.6,4,negative,2026-02-H1,True,,2026-09-H1,14,31,0.0073,0.00923,0.04864,0.66843,0.20629,0.07665,0.13387,0.0923,0.51146,3090.89574,0.0,results/chips_neg20/site-83194303-25fc4690/2026-09-H1.png
86948bf2-9f10-490d-a6ea-c3e1fd578eb8,site-86948bf2-86948bf2,Site 86948bf2,,6.16,1,negative,2024-12-H1,True,,2023-01-H2,-45,643,1.0,0.02208,0.08882,0.17141,0.01167,0.72809,0.29614,0.07319,0.20711,0.0,0.0,results/chips_neg20/site-86948bf2-86948bf2/2023-01-H2.png
86948bf2-9f10-490d-a6ea-c3e1fd578eb8,site-86948bf2-86948bf2,Site 86948bf2,,6.16,1,negative,2024-12-H1,True,,2023-02-H1,-44,643,1.0,0.0218,0.09997,0.13373,0.01004,0.75627,0.29832,0.0588,0.1955,0.0,0.0,results/chips_neg20/site-86948bf2-86948bf2/2023-02-H1.png
86948bf2-9f10-490d-a6ea-c3e1fd578eb8,site-86948bf2-86948bf2,Site 86948bf2,,6.16,1,negative,2024-12-H1,True,,2023-02-H2,-43,642,1.0,0.02024,0.09861,0.22423,0.01951,0.65765,0.28864,0.06645,0.23503,0.0,0.0,results/chips_neg20/site-86948bf2-86948bf2/2023-02-H2.png
86948bf2-9f10-490d-a6ea-c3e1fd578eb8,site-86948bf2-86948bf2,Site 86948bf2,,6.16,1,negative,2024-12-H1,True,,2023-03-H1,-42,643,1.0,0.01486,0.12743,0.18811,0.03812,0.64635,0.31117,0.00816,0.23212,0.0,0.0,results/chips_neg20/site-86948bf2-86948bf2/2023-03-H1.png
86948bf2-9f10-490d-a6ea-c3e1fd578eb8,site-86948bf2-86948bf2,Site 86948bf2,,6.16,1,negative,2024-12-H1,True,,2023-03-H2,-41,643,1.0,0.01632,0.12662,0.22007,0.01929,0.63402,0.32656,0.02287,0.23493,0.0,0.0,results/chips_neg20/site-86948bf2-86948bf2/2023-03-H2.png
86948bf2-9f10-490d-a6ea-c3e1fd578eb8,site-86948bf2-86948bf2,Site 86948bf2,,6.16,1,negative,2024-12-H1,True,,2023-04-H1,-40,642,1.0,0.01696,0.1291,0.25798,0.02357,0.58934,0.31494,0.03403,0.2553,0.0,0.0,results/chips_neg20/site-86948bf2-86948bf2/2023-04-H1.png
86948bf2-9f10-490d-a6ea-c3e1fd578eb8,site-86948bf2-86948bf2,Site 86948bf2,,6.16,1,negative,2024-12-H1,True,,2023-04-H2,-39,639,1.0,0.01621,0.15285,0.25398,0.0295,0.56367,0.3283,-0.00021,0.25808,0.0,0.0,results/chips_neg20/site-86948bf2-86948bf2/2023-04-H2.png
86948bf2-9f10-490d-a6ea-c3e1fd578eb8,site-86948bf2-86948bf2,Site 86948bf2,,6.16,1,negative,2024-12-H1,True,,2023-05-H1,-38,100,0.1605,0.0087,0.06357,0.34274,0.12652,0.46717,0.14907,0.02649,0.31621,0.0,0.0,results/chips_neg20/site-86948bf2-86948bf2/2023-05-H1.png
86948bf2-9f10-490d-a6ea-c3e1fd578eb8,site-86948bf2-86948bf2,Site 86948bf2,,6.16,1,negative,2024-12-H1,True,,2023-05-H2,-37,642,1.0,0.01307,0.08698,0.39125,0.03743,0.48434,0.21018,0.08187,0.30952,15250.61461,0.0,results/chips_neg20/site-86948bf2-86948bf2/2023-05-H2.png
86948bf2-9f10-490d-a6ea-c3e1fd578eb8,site-86948bf2-86948bf2,Site 86948bf2,,6.16,1,negative,2024-12-H1,True,,2023-06-H1,-36,643,1.0,0.01102,0.07882,0.43341,0.04615,0.44162,0.19692,0.07601,0.32403,23424.14662,0.0,results/chips_neg20/site-86948bf2-86948bf2/2023-06-H1.png
86948bf2-9f10-490d-a6ea-c3e1fd578eb8,site-86948bf2-86948bf2,Site 86948bf2,,6.16,1,negative,2024-12-H1,True,,2023-06-H2,-35,641,1.0,0.0144,0.06971,0.45132,0.04422,0.43475,0.17332,0.10647,0.33733,26713.49487,0.0,results/chips_neg20/site-86948bf2-86948bf2/2023-06-H2.png
86948bf2-9f10-490d-a6ea-c3e1fd578eb8,site-86948bf2-86948bf2,Site 86948bf2,,6.16,1,negative,2024-12-H1,True,,2023-07-H1,-34,643,1.0,0.01268,0.0737,0.45401,0.05186,0.42042,0.18184,0.08471,0.33647,28607.36204,0.0,results/chips_neg20/site-86948bf2-86948bf2/2023-07-H1.png
86948bf2-9f10-490d-a6ea-c3e1fd578eb8,site-86948bf2-86948bf2,Site 86948bf2,,6.16,1,negative,2024-12-H1,True,,2023-07-H2,-33,643,1.0,0.01304,0.07893,0.42351,0.0526,0.44495,0.18156,0.08264,0.32909,23523.82384,0.0,results/chips_neg20/site-86948bf2-86948bf2/2023-07-H2.png
86948bf2-9f10-490d-a6ea-c3e1fd578eb8,site-86948bf2-86948bf2,Site 86948bf2,,6.16,1,negative,2024-12-H1,True,,2023-08-H1,-32,643,1.0,0.01336,0.08041,0.4207,0.04605,0.45284,0.18588,0.08538,0.32567,22826.0833,0.0,results/chips_neg20/site-86948bf2-86948bf2/2023-08-H1.png
86948bf2-9f10-490d-a6ea-c3e1fd578eb8,site-86948bf2-86948bf2,Site 86948bf2,,6.16,1,negative,2024-12-H1,True,,2023-08-H2,-31,643,1.0,0.01354,0.07748,0.42789,0.02849,0.46614,0.20743,0.10368,0.32128,24221.56437,0.0,results/chips_neg20/site-86948bf2-86948bf2/2023-08-H2.png
86948bf2-9f10-490d-a6ea-c3e1fd578eb8,site-86948bf2-86948bf2,Site 86948bf2,,6.16,1,negative,2024-12-H1,True,,2023-09-H1,-30,643,1.0,0.01309,0.10362,0.36208,0.0393,0.49499,0.22868,0.05035,0.29808,9469.33587,0.0,results/chips_neg20/site-86948bf2-86948bf2/2023-09-H1.png
86948bf2-9f10-490d-a6ea-c3e1fd578eb8,site-86948bf2-86948bf2,Site 86948bf2,,6.16,1,negative,2024-12-H1,True,,2023-09-H2,-29,604,0.9695,0.01137,0.09779,0.37178,0.03757,0.49286,0.22146,0.05984,0.30048,7077.08259,0.0,results/chips_neg20/site-86948bf2-86948bf2/2023-09-H2.png
86948bf2-9f10-490d-a6ea-c3e1fd578eb8,site-86948bf2-86948bf2,Site 86948bf2,,6.16,1,negative,2024-12-H1,True,,2023-10-H1,-28,643,1.0,0.01446,0.11004,0.30507,0.02789,0.557,0.24615,0.05122,0.27368,897.09498,0.0,results/chips_neg20/site-86948bf2-86948bf2/2023-10-H1.png
86948bf2-9f10-490d-a6ea-c3e1fd578eb8,site-86948bf2-86948bf2,Site 86948bf2,,6.16,1,negative,2024-12-H1,True,,2023-10-H2,-27,643,1.0,0.01532,0.12235,0.25722,0.02594,0.5945,0.27179,0.02525,0.25285,0.0,0.0,results/chips_neg20/site-86948bf2-86948bf2/2023-10-H2.png
86948bf2-9f10-490d-a6ea-c3e1fd578eb8,site-86948bf2-86948bf2,Site 86948bf2,,6.16,1,negative,2024-12-H1,True,,2023-11-H1,-26,643,1.0,0.01509,0.10026,0.26977,0.02181,0.60817,0.25866,0.04469,0.25068,598.06332,0.0,results/chips_neg20/site-86948bf2-86948bf2/2023-11-H1.png
86948bf2-9f10-490d-a6ea-c3e1fd578eb8,site-86948bf2-86948bf2,Site 86948bf2,,6.16,1,negative,2024-12-H1,True,,2023-11-H2,-25,643,1.0,0.01786,0.09284,0.2417,0.01823,0.64723,0.25501,0.06284,0.24033,398.70888,0.0,results/chips_neg20/site-86948bf2-86948bf2/2023-11-H2.png
86948bf2-9f10-490d-a6ea-c3e1fd578eb8,site-86948bf2-86948bf2,Site 86948bf2,,6.16,1,negative,2024-12-H1,True,,2023-12-H1,-24,643,1.0,0.0186,0.07491,0.24834,0.01587,0.66087,0.23211,0.10062,0.24157,398.70888,0.0,results/chips_neg20/site-86948bf2-86948bf2/2023-12-H1.png
86948bf2-9f10-490d-a6ea-c3e1fd578eb8,site-86948bf2-86948bf2,Site 86948bf2,,6.16,1,negative,2024-12-H1,True,,2023-12-H2,-23,196,0.3146,0.03719,0.00014,0.0,0.0,0.99986,0.10965,-0.12845,0.05347,0.0,0.0,results/chips_neg20/site-86948bf2-86948bf2/2023-12-H2.png
86948bf2-9f10-490d-a6ea-c3e1fd578eb8,site-86948bf2-86948bf2,Site 86948bf2,,6.16,1,negative,2024-12-H1,True,,2024-01-H1,-22,628,1.0,0.02901,0.07766,0.1,0.00653,0.81581,0.29018,0.10653,0.17969,0.0,0.0,results/chips_neg20/site-86948bf2-86948bf2/2024-01-H1.png
86948bf2-9f10-490d-a6ea-c3e1fd578eb8,site-86948bf2-86948bf2,Site 86948bf2,,6.16,1,negative,2024-12-H1,True,,2024-01-H2,-21,642,1.0,0.02789,0.09073,0.12977,0.00636,0.77313,0.34997,0.08668,0.19369,0.0,0.0,results/chips_neg20/site-86948bf2-86948bf2/2024-01-H2.png
86948bf2-9f10-490d-a6ea-c3e1fd578eb8,site-86948bf2-86948bf2,Site 86948bf2,,6.16,1,negative,2024-12-H1,True,,2024-02-H1,-20,643,1.0,0.02429,0.1165,0.07248,0.00719,0.80383,0.38016,0.02168,0.17282,0.0,0.0,results/chips_neg20/site-86948bf2-86948bf2/2024-02-H1.png
86948bf2-9f10-490d-a6ea-c3e1fd578eb8,site-86948bf2-86948bf2,Site 86948bf2,,6.16,1,negative,2024-12-H1,True,,2024-02-H2,-19,643,1.0,0.02271,0.10771,0.21024,0.0109,0.67115,0.34598,0.06848,0.23043,0.0,0.0,results/chips_neg20/site-86948bf2-86948bf2/2024-02-H2.png
86948bf2-9f10-490d-a6ea-c3e1fd578eb8,site-86948bf2-86948bf2,Site 86948bf2,,6.16,1,negative,2024-12-H1,True,,2024-03-H1,-18,643,1.0,0.02034,0.13756,0.19347,0.01311,0.65586,0.36366,0.02495,0.2288,0.0,0.0,results/chips_neg20/site-86948bf2-86948bf2/2024-03-H1.png
86948bf2-9f10-490d-a6ea-c3e1fd578eb8,site-86948bf2-86948bf2,Site 86948bf2,,6.16,1,negative,2024-12-H1,True,,2024-03-H2,-17,643,1.0,0.0183,0.12076,0.24365,0.01427,0.62132,0.34176,0.0453,0.24472,0.0,0.0,results/chips_neg20/site-86948bf2-86948bf2/2024-03-H2.png
86948bf2-9f10-490d-a6ea-c3e1fd578eb8,site-86948bf2-86948bf2,Site 86948bf2,,6.16,1,negative,2024-12-H1,True,,2024-04-H1,-16,643,1.0,0.01797,0.14689,0.19486,0.01298,0.64527,0.37176,0.00268,0.22701,0.0,0.0,results/chips_neg20/site-86948bf2-86948bf2/2024-04-H1.png
86948bf2-9f10-490d-a6ea-c3e1fd578eb8,site-86948bf2-86948bf2,Site 86948bf2,,6.16,1,negative,2024-12-H1,True,,2024-04-H2,-15,643,1.0,0.01553,0.14962,0.27412,0.0222,0.55406,0.33572,0.01155,0.26305,797.41776,0.0,results/chips_neg20/site-86948bf2-86948bf2/2024-04-H2.png
86948bf2-9f10-490d-a6ea-c3e1fd578eb8,site-86948bf2-86948bf2,Site 86948bf2,,6.16,1,negative,2024-12-H1,True,,2024-05-H1,-14,643,1.0,0.01617,0.13851,0.28374,0.02302,0.55473,0.30345,0.03046,0.26887,897.09498,0.0,results/chips_neg20/site-86948bf2-86948bf2/2024-05-H1.png
86948bf2-9f10-490d-a6ea-c3e1fd578eb8,site-86948bf2-86948bf2,Site 86948bf2,,6.16,1,negative,2024-12-H1,True,,2024-05-H2,-13,642,1.0,0.01597,0.13363,0.328,0.02989,0.50848,0.27112,0.04151,0.29117,1794.18995,0.0,results/chips_neg20/site-86948bf2-86948bf2/2024-05-H2.png
86948bf2-9f10-490d-a6ea-c3e1fd578eb8,site-86948bf2-86948bf2,Site 86948bf2,,6.16,1,negative,2024-12-H1,True,,2024-06-H1,-12,643,1.0,0.01456,0.12,0.35199,0.03904,0.48896,0.23582,0.04927,0.30177,2691.28493,0.0,results/chips_neg20/site-86948bf2-86948bf2/2024-06-H1.png
86948bf2-9f10-490d-a6ea-c3e1fd578eb8,site-86948bf2-86948bf2,Site 86948bf2,,6.16,1,negative,2024-12-H1,True,,2024-06-H2,-11,643,1.0,0.01424,0.12691,0.36128,0.03949,0.47232,0.2491,0.03706,0.30316,4086.76601,0.0,results/chips_neg20/site-86948bf2-86948bf2/2024-06-H2.png
86948bf2-9f10-490d-a6ea-c3e1fd578eb8,site-86948bf2-86948bf2,Site 86948bf2,,6.16,1,negative,2024-12-H1,True,,2024-07-H1,-10,643,1.0,0.01521,0.12591,0.35136,0.03799,0.48474,0.24267,0.04584,0.30262,2691.28493,0.0,results/chips_neg20/site-86948bf2-86948bf2/2024-07-H1.png
86948bf2-9f10-490d-a6ea-c3e1fd578eb8,site-86948bf2-86948bf2,Site 86948bf2,,6.16,1,negative,2024-12-H1,True,,2024-07-H2,-9,643,1.0,0.01348,0.12436,0.35132,0.03931,0.48501,0.24603,0.03701,0.29858,3189.67103,0.0,results/chips_neg20/site-86948bf2-86948bf2/2024-07-H2.png
86948bf2-9f10-490d-a6ea-c3e1fd578eb8,site-86948bf2-86948bf2,Site 86948bf2,,6.16,1,negative,2024-12-H1,True,,2024-08-H1,-8,643,1.0,0.0137,0.13487,0.32423,0.03591,0.50499,0.26209,0.0253,0.28799,2093.22161,0.0,results/chips_neg20/site-86948bf2-86948bf2/2024-08-H1.png
86948bf2-9f10-490d-a6ea-c3e1fd578eb8,site-86948bf2-86948bf2,Site 86948bf2,,6.16,1,negative,2024-12-H1,True,,2024-08-H2,-7,643,1.0,0.01441,0.14449,0.30895,0.03322,0.51335,0.27781,0.01608,0.28208,1395.48108,0.0,results/chips_neg20/site-86948bf2-86948bf2/2024-08-H2.png
86948bf2-9f10-490d-a6ea-c3e1fd578eb8,site-86948bf2-86948bf2,Site 86948bf2,,6.16,1,negative,2024-12-H1,True,,2024-09-H1,-6,643,1.0,0.01368,0.16006,0.27486,0.03339,0.53169,0.29717,-0.00639,0.27035,897.09498,0.0,results/chips_neg20/site-86948bf2-86948bf2/2024-09-H1.png
86948bf2-9f10-490d-a6ea-c3e1fd578eb8,site-86948bf2-86948bf2,Site 86948bf2,,6.16,1,negative,2024-12-H1,True,,2024-09-H2,-5,643,1.0,0.01644,0.17937,0.21344,0.02663,0.58056,0.33251,-0.02987,0.24718,398.70888,0.0,results/chips_neg20/site-86948bf2-86948bf2/2024-09-H2.png
86948bf2-9f10-490d-a6ea-c3e1fd578eb8,site-86948bf2-86948bf2,Site 86948bf2,,6.16,1,negative,2024-12-H1,True,,2024-10-H1,-4,643,1.0,0.01578,0.16762,0.23415,0.02365,0.57457,0.33164,-0.01191,0.25224,797.41776,0.0,results/chips_neg20/site-86948bf2-86948bf2/2024-10-H1.png
86948bf2-9f10-490d-a6ea-c3e1fd578eb8,site-86948bf2-86948bf2,Site 86948bf2,,6.16,1,negative,2024-12-H1,True,,2024-10-H2,-3,643,1.0,0.02044,0.16135,0.19129,0.01715,0.63021,0.32875,0.00295,0.23704,0.0,0.0,results/chips_neg20/site-86948bf2-86948bf2/2024-10-H2.png
86948bf2-9f10-490d-a6ea-c3e1fd578eb8,site-86948bf2-86948bf2,Site 86948bf2,,6.16,1,negative,2024-12-H1,True,,2024-11-H1,-2,643,1.0,0.02141,0.14246,0.19355,0.01423,0.64977,0.32968,0.02315,0.23243,0.0,0.0,results/chips_neg20/site-86948bf2-86948bf2/2024-11-H1.png
86948bf2-9f10-490d-a6ea-c3e1fd578eb8,site-86948bf2-86948bf2,Site 86948bf2,,6.16,1,negative,2024-12-H1,True,,2024-11-H2,-1,643,1.0,0.04145,0.00853,0.0,1e-05,0.99147,0.28617,-0.02575,0.07642,0.0,0.0,results/chips_neg20/site-86948bf2-86948bf2/2024-11-H2.png
86948bf2-9f10-490d-a6ea-c3e1fd578eb8,site-86948bf2-86948bf2,Site 86948bf2,,6.16,1,negative,2024-12-H1,True,,2024-12-H1,0,634,1.0,0.02681,0.12237,0.16293,0.01205,0.70265,0.33099,0.0637,0.22055,0.0,0.0,results/chips_neg20/site-86948bf2-86948bf2/2024-12-H1.png
86948bf2-9f10-490d-a6ea-c3e1fd578eb8,site-86948bf2-86948bf2,Site 86948bf2,,6.16,1,negative,2024-12-H1,True,,2024-12-H2,1,642,1.0,0.02769,0.11481,0.08776,0.00698,0.79045,0.35043,0.05512,0.18265,0.0,0.0,results/chips_neg20/site-86948bf2-86948bf2/2024-12-H2.png
86948bf2-9f10-490d-a6ea-c3e1fd578eb8,site-86948bf2-86948bf2,Site 86948bf2,,6.16,1,negative,2024-12-H1,True,,2025-01-H1,2,629,1.0,0.0311,0.12069,0.12175,0.00861,0.74895,0.40099,0.06747,0.20196,0.0,0.0,results/chips_neg20/site-86948bf2-86948bf2/2025-01-H1.png
86948bf2-9f10-490d-a6ea-c3e1fd578eb8,site-86948bf2-86948bf2,Site 86948bf2,,6.16,1,negative,2024-12-H1,True,,2025-01-H2,3,643,1.0,0.02742,0.11578,0.15476,0.00905,0.72041,0.3821,0.06116,0.21075,0.0,0.0,results/chips_neg20/site-86948bf2-86948bf2/2025-01-H2.png
86948bf2-9f10-490d-a6ea-c3e1fd578eb8,site-86948bf2-86948bf2,Site 86948bf2,,6.16,1,negative,2024-12-H1,True,,2025-02-H2,5,643,1.0,0.02859,0.12124,0.1602,0.00883,0.70973,0.40391,0.06839,0.21653,0.0,0.0,results/chips_neg20/site-86948bf2-86948bf2/2025-02-H2.png
86948bf2-9f10-490d-a6ea-c3e1fd578eb8,site-86948bf2-86948bf2,Site 86948bf2,,6.16,1,negative,2024-12-H1,True,,2025-03-H1,6,643,1.0,0.02727,0.13605,0.16812,0.01175,0.68408,0.40113,0.05278,0.22591,0.0,0.0,results/chips_neg20/site-86948bf2-86948bf2/2025-03-H1.png
86948bf2-9f10-490d-a6ea-c3e1fd578eb8,site-86948bf2-86948bf2,Site 86948bf2,,6.16,1,negative,2024-12-H1,True,,2025-03-H2,7,643,1.0,0.0264,0.13068,0.18721,0.01084,0.67128,0.40202,0.05568,0.22965,0.0,0.0,results/chips_neg20/site-86948bf2-86948bf2/2025-03-H2.png
86948bf2-9f10-490d-a6ea-c3e1fd578eb8,site-86948bf2-86948bf2,Site 86948bf2,,6.16,1,negative,2024-12-H1,True,,2025-04-H1,8,643,1.0,0.02516,0.13619,0.19743,0.01229,0.65408,0.37873,0.05547,0.23881,0.0,0.0,results/chips_neg20/site-86948bf2-86948bf2/2025-04-H1.png
86948bf2-9f10-490d-a6ea-c3e1fd578eb8,site-86948bf2-86948bf2,Site 86948bf2,,6.16,1,negative,2024-12-H1,True,,2025-04-H2,9,643,1.0,0.02399,0.12685,0.24897,0.015,0.60918,0.33098,0.07589,0.26092,0.0,0.0,results/chips_neg20/site-86948bf2-86948bf2/2025-04-H2.png
86948bf2-9f10-490d-a6ea-c3e1fd578eb8,site-86948bf2-86948bf2,Site 86948bf2,,6.16,1,negative,2024-12-H1,True,,2025-05-H1,10,643,1.0,0.02121,0.11138,0.29412,0.0191,0.5754,0.28258,0.08472,0.27553,99.67722,0.0,results/chips_neg20/site-86948bf2-86948bf2/2025-05-H1.png
86948bf2-9f10-490d-a6ea-c3e1fd578eb8,site-86948bf2-86948bf2,Site 86948bf2,,6.16,1,negative,2024-12-H1,True,,2025-05-H2,11,643,1.0,0.02116,0.11997,0.30262,0.01983,0.55757,0.28416,0.08029,0.28285,99.67722,0.0,results/chips_neg20/site-86948bf2-86948bf2/2025-05-H2.png
86948bf2-9f10-490d-a6ea-c3e1fd578eb8,site-86948bf2-86948bf2,Site 86948bf2,,6.16,1,negative,2024-12-H1,True,,2025-06-H1,12,642,1.0,0.02217,0.11579,0.34182,0.02236,0.52003,0.27606,0.08342,0.29642,1295.80386,0.0,results/chips_neg20/site-86948bf2-86948bf2/2025-06-H1.png
86948bf2-9f10-490d-a6ea-c3e1fd578eb8,site-86948bf2-86948bf2,Site 86948bf2,,6.16,1,negative,2024-12-H1,True,,2025-06-H2,13,641,1.0,0.02149,0.11161,0.35161,0.0254,0.51137,0.25255,0.0939,0.30532,1993.54439,0.0,results/chips_neg20/site-86948bf2-86948bf2/2025-06-H2.png
86948bf2-9f10-490d-a6ea-c3e1fd578eb8,site-86948bf2-86948bf2,Site 86948bf2,,6.16,1,negative,2024-12-H1,True,,2025-07-H1,14,642,1.0,0.0172,0.11412,0.47395,0.05247,0.35946,0.20504,0.07182,0.36275,32295.41917,0.0,results/chips_neg20/site-86948bf2-86948bf2/2025-07-H1.png
86948bf2-9f10-490d-a6ea-c3e1fd578eb8,site-86948bf2-86948bf2,Site 86948bf2,,6.16,1,negative,2024-12-H1,True,,2025-07-H2,15,643,1.0,0.01701,0.11045,0.45932,0.04834,0.38189,0.20469,0.07525,0.35456,30800.26087,0.0,results/chips_neg20/site-86948bf2-86948bf2/2025-07-H2.png
86948bf2-9f10-490d-a6ea-c3e1fd578eb8,site-86948bf2-86948bf2,Site 86948bf2,,6.16,1,negative,2024-12-H1,True,,2025-08-H1,16,643,1.0,0.01739,0.10784,0.45266,0.04857,0.39094,0.2023,0.07762,0.35246,29703.81145,0.0,results/chips_neg20/site-86948bf2-86948bf2/2025-08-H1.png
86948bf2-9f10-490d-a6ea-c3e1fd578eb8,site-86948bf2-86948bf2,Site 86948bf2,,6.16,1,negative,2024-12-H1,True,,2025-08-H2,17,643,1.0,0.01688,0.11606,0.43011,0.04042,0.41341,0.21904,0.0722,0.34064,26314.78599,0.0,results/chips_neg20/site-86948bf2-86948bf2/2025-08-H2.png
86948bf2-9f10-490d-a6ea-c3e1fd578eb8,site-86948bf2-86948bf2,Site 86948bf2,,6.16,1,negative,2024-12-H1,True,,2025-09-H1,18,643,1.0,0.01803,0.1099,0.37506,0.01983,0.49521,0.24396,0.08918,0.31016,14851.90573,0.0,results/chips_neg20/site-86948bf2-86948bf2/2025-09-H1.png
86948bf2-9f10-490d-a6ea-c3e1fd578eb8,site-86948bf2-86948bf2,Site 86948bf2,,6.16,1,negative,2024-12-H1,True,,2025-09-H2,19,643,1.0,0.0165,0.09992,0.38684,0.0169,0.49634,0.24482,0.09521,0.30825,16646.09568,0.0,results/chips_neg20/site-86948bf2-86948bf2/2025-09-H2.png
86948bf2-9f10-490d-a6ea-c3e1fd578eb8,site-86948bf2-86948bf2,Site 86948bf2,,6.16,1,negative,2024-12-H1,True,,2025-10-H1,20,643,1.0,0.01849,0.09702,0.33088,0.01448,0.55762,0.27131,0.09161,0.28141,2890.63937,0.0,results/chips_neg20/site-86948bf2-86948bf2/2025-10-H1.png
86948bf2-9f10-490d-a6ea-c3e1fd578eb8,site-86948bf2-86948bf2,Site 86948bf2,,6.16,1,negative,2024-12-H1,True,,2025-10-H2,21,643,1.0,0.02,0.10798,0.27823,0.01288,0.60091,0.3095,0.0785,0.26164,299.03166,0.0,results/chips_neg20/site-86948bf2-86948bf2/2025-10-H2.png
86948bf2-9f10-490d-a6ea-c3e1fd578eb8,site-86948bf2-86948bf2,Site 86948bf2,,6.16,1,negative,2024-12-H1,True,,2025-11-H2,23,643,1.0,0.02162,0.17353,0.11056,0.00939,0.70653,0.43161,-0.02461,0.20074,0.0,0.0,results/chips_neg20/site-86948bf2-86948bf2/2025-11-H2.png
86948bf2-9f10-490d-a6ea-c3e1fd578eb8,site-86948bf2-86948bf2,Site 86948bf2,,6.16,1,negative,2024-12-H1,True,,2025-12-H1,24,643,1.0,0.02243,0.1716,0.14528,0.01186,0.67126,0.42927,0.00085,0.2198,0.0,0.0,results/chips_neg20/site-86948bf2-86948bf2/2025-12-H1.png
86948bf2-9f10-490d-a6ea-c3e1fd578eb8,site-86948bf2-86948bf2,Site 86948bf2,,6.16,1,negative,2024-12-H1,True,,2025-12-H2,25,643,1.0,0.02264,0.21523,0.07211,0.00726,0.70541,0.50982,-0.0692,0.18997,0.0,0.0,results/chips_neg20/site-86948bf2-86948bf2/2025-12-H2.png
86948bf2-9f10-490d-a6ea-c3e1fd578eb8,site-86948bf2-86948bf2,Site 86948bf2,,6.16,1,negative,2024-12-H1,True,,2026-01-H1,26,642,1.0,0.02296,0.22556,0.0778,0.00819,0.68845,0.5054,-0.0745,0.19615,0.0,0.0,results/chips_neg20/site-86948bf2-86948bf2/2026-01-H1.png
86948bf2-9f10-490d-a6ea-c3e1fd578eb8,site-86948bf2-86948bf2,Site 86948bf2,,6.16,1,negative,2024-12-H1,True,,2026-01-H2,27,643,1.0,0.02164,0.217,0.09983,0.00821,0.67497,0.50027,-0.06562,0.20157,0.0,0.0,results/chips_neg20/site-86948bf2-86948bf2/2026-01-H2.png
86948bf2-9f10-490d-a6ea-c3e1fd578eb8,site-86948bf2-86948bf2,Site 86948bf2,,6.16,1,negative,2024-12-H1,True,,2026-02-H1,28,641,1.0,0.02243,0.2125,0.05535,0.00638,0.72576,0.48834,-0.08201,0.18316,0.0,0.0,results/chips_neg20/site-86948bf2-86948bf2/2026-02-H1.png
86948bf2-9f10-490d-a6ea-c3e1fd578eb8,site-86948bf2-86948bf2,Site 86948bf2,,6.16,1,negative,2024-12-H1,True,,2026-02-H2,29,643,1.0,0.0235,0.18905,0.14389,0.00856,0.6585,0.47367,-0.01961,0.21868,0.0,0.0,results/chips_neg20/site-86948bf2-86948bf2/2026-02-H2.png
86948bf2-9f10-490d-a6ea-c3e1fd578eb8,site-86948bf2-86948bf2,Site 86948bf2,,6.16,1,negative,2024-12-H1,True,,2026-03-H1,30,643,1.0,0.0196,0.18891,0.16983,0.00984,0.63142,0.44408,-0.02566,0.22724,0.0,0.0,results/chips_neg20/site-86948bf2-86948bf2/2026-03-H1.png
86948bf2-9f10-490d-a6ea-c3e1fd578eb8,site-86948bf2-86948bf2,Site 86948bf2,,6.16,1,negative,2024-12-H1,True,,2026-03-H2,31,643,1.0,0.02131,0.17897,0.20705,0.01286,0.60113,0.39434,0.00587,0.24793,199.35444,0.0,results/chips_neg20/site-86948bf2-86948bf2/2026-03-H2.png
86948bf2-9f10-490d-a6ea-c3e1fd578eb8,site-86948bf2-86948bf2,Site 86948bf2,,6.16,1,negative,2024-12-H1,True,,2026-04-H1,32,643,1.0,0.02052,0.17648,0.21088,0.01281,0.59983,0.38232,0.00637,0.24832,0.0,0.0,results/chips_neg20/site-86948bf2-86948bf2/2026-04-H1.png
86948bf2-9f10-490d-a6ea-c3e1fd578eb8,site-86948bf2-86948bf2,Site 86948bf2,,6.16,1,negative,2024-12-H1,True,,2026-04-H2,33,643,1.0,0.02175,0.14058,0.27073,0.01406,0.57464,0.35621,0.04553,0.26345,498.3861,0.0,results/chips_neg20/site-86948bf2-86948bf2/2026-04-H2.png
86948bf2-9f10-490d-a6ea-c3e1fd578eb8,site-86948bf2-86948bf2,Site 86948bf2,,6.16,1,negative,2024-12-H1,True,,2026-05-H1,34,642,1.0,0.01944,0.14121,0.29477,0.01623,0.54778,0.33037,0.04923,0.27644,1196.12664,0.0,results/chips_neg20/site-86948bf2-86948bf2/2026-05-H1.png
86948bf2-9f10-490d-a6ea-c3e1fd578eb8,site-86948bf2-86948bf2,Site 86948bf2,,6.16,1,negative,2024-12-H1,True,,2026-05-H2,35,643,1.0,0.01636,0.13787,0.31237,0.01987,0.52989,0.32346,0.03751,0.27887,1694.51273,0.0,results/chips_neg20/site-86948bf2-86948bf2/2026-05-H2.png
86948bf2-9f10-490d-a6ea-c3e1fd578eb8,site-86948bf2-86948bf2,Site 86948bf2,,6.16,1,negative,2024-12-H1,True,,2026-06-H1,36,643,1.0,0.0192,0.13215,0.31978,0.02009,0.52799,0.30088,0.06186,0.28847,2093.22161,0.0,results/chips_neg20/site-86948bf2-86948bf2/2026-06-H1.png
86948bf2-9f10-490d-a6ea-c3e1fd578eb8,site-86948bf2-86948bf2,Site 86948bf2,,6.16,1,negative,2024-12-H1,True,,2026-06-H2,37,637,1.0,0.01244,0.12411,0.31094,0.05239,0.51255,0.25887,0.02814,0.29261,15051.26017,0.0,results/chips_neg20/site-86948bf2-86948bf2/2026-06-H2.png
86948bf2-9f10-490d-a6ea-c3e1fd578eb8,site-86948bf2-86948bf2,Site 86948bf2,,6.16,1,negative,2024-12-H1,True,,2026-07-H1,38,643,1.0,0.01873,0.11305,0.35493,0.01955,0.51247,0.25905,0.09393,0.30456,3089.99381,0.0,results/chips_neg20/site-86948bf2-86948bf2/2026-07-H1.png
86948bf2-9f10-490d-a6ea-c3e1fd578eb8,site-86948bf2-86948bf2,Site 86948bf2,,6.16,1,negative,2024-12-H1,True,,2026-07-H2,39,643,1.0,0.01818,0.12238,0.34975,0.02536,0.50251,0.25717,0.07774,0.30565,2392.25327,0.0,results/chips_neg20/site-86948bf2-86948bf2/2026-07-H2.png
86948bf2-9f10-490d-a6ea-c3e1fd578eb8,site-86948bf2-86948bf2,Site 86948bf2,,6.16,1,negative,2024-12-H1,True,,2026-08-H1,40,643,1.0,0.01769,0.1205,0.33737,0.02294,0.51919,0.2597,0.0767,0.29833,1993.54439,0.0,results/chips_neg20/site-86948bf2-86948bf2/2026-08-H1.png
86948bf2-9f10-490d-a6ea-c3e1fd578eb8,site-86948bf2-86948bf2,Site 86948bf2,,6.16,1,negative,2024-12-H1,True,,2026-08-H2,41,445,0.7143,0.01756,0.13602,0.30556,0.01347,0.54495,0.30292,0.05062,0.27827,2192.89883,0.0,results/chips_neg20/site-86948bf2-86948bf2/2026-08-H2.png
86948bf2-9f10-490d-a6ea-c3e1fd578eb8,site-86948bf2-86948bf2,Site 86948bf2,,6.16,1,negative,2024-12-H1,True,,2026-09-H1,42,445,0.7143,0.0201,0.13481,0.28509,0.01006,0.57004,0.323,0.05972,0.27059,1196.12664,0.0,results/chips_neg20/site-86948bf2-86948bf2/2026-09-H1.png
e77bf120-b5ab-11f0-b90c-a37547c789b2,site-93b1afec-e77bf120,Site 93b1afec,,56.27,3,negative,2025-09-H1,True,,2023-01-H1,-64,5625,1.0,0.04432,0.11896,0.32945,5e-05,0.55154,0.39555,0.20617,0.3259,797.38586,0.0,results/chips_neg20/site-93b1afec-e77bf120/2023-01-H1.png
e77bf120-b5ab-11f0-b90c-a37547c789b2,site-93b1afec-e77bf120,Site 93b1afec,,56.27,3,negative,2025-09-H1,True,,2023-01-H2,-63,5625,1.0,0.03319,0.19842,0.21148,7e-05,0.59003,0.48099,0.06021,0.27272,0.0,0.0,results/chips_neg20/site-93b1afec-e77bf120/2023-01-H2.png
e77bf120-b5ab-11f0-b90c-a37547c789b2,site-93b1afec-e77bf120,Site 93b1afec,,56.27,3,negative,2025-09-H1,True,,2023-02-H1,-62,5625,1.0,0.03297,0.19034,0.18764,5e-05,0.62197,0.47768,0.06681,0.26209,0.0,0.0,results/chips_neg20/site-93b1afec-e77bf120/2023-02-H1.png
e77bf120-b5ab-11f0-b90c-a37547c789b2,site-93b1afec-e77bf120,Site 93b1afec,,56.27,3,negative,2025-09-H1,True,,2023-04-H1,-58,1525,0.2711,0.02043,0.44289,0.20823,0.00055,0.34833,0.70474,-0.12576,0.30644,0.0,0.0,results/chips_neg20/site-93b1afec-e77bf120/2023-04-H1.png
e77bf120-b5ab-11f0-b90c-a37547c789b2,site-93b1afec-e77bf120,Site 93b1afec,,56.27,3,negative,2025-09-H1,True,,2023-04-H2,-57,808,0.1436,0.01207,0.2032,0.04174,0.03231,0.72276,0.4658,-0.14545,0.18039,0.0,0.0,results/chips_neg20/site-93b1afec-e77bf120/2023-04-H2.png
e77bf120-b5ab-11f0-b90c-a37547c789b2,site-93b1afec-e77bf120,Site 93b1afec,,56.27,3,negative,2025-09-H1,True,,2023-05-H1,-56,5625,1.0,0.01897,0.39735,0.1164,8e-05,0.48616,0.68999,-0.14702,0.25525,0.0,0.0,results/chips_neg20/site-93b1afec-e77bf120/2023-05-H1.png
e77bf120-b5ab-11f0-b90c-a37547c789b2,site-93b1afec-e77bf120,Site 93b1afec,,56.27,3,negative,2025-09-H1,True,,2023-05-H2,-55,3887,0.691,0.01646,0.39327,0.12339,0.00812,0.47522,0.66535,-0.14796,0.25955,0.0,0.0,results/chips_neg20/site-93b1afec-e77bf120/2023-05-H2.png
e77bf120-b5ab-11f0-b90c-a37547c789b2,site-93b1afec-e77bf120,Site 93b1afec,,56.27,3,negative,2025-09-H1,True,,2023-06-H1,-54,4135,0.7351,0.01658,0.43969,0.06925,0.01983,0.47123,0.70035,-0.20383,0.24726,0.0,0.0,results/chips_neg20/site-93b1afec-e77bf120/2023-06-H1.png
e77bf120-b5ab-11f0-b90c-a37547c789b2,site-93b1afec-e77bf120,Site 93b1afec,,56.27,3,negative,2025-09-H1,True,,2023-06-H2,-53,5625,1.0,0.01574,0.40242,0.05303,0.001,0.54355,0.70766,-0.22767,0.21313,0.0,0.0,results/chips_neg20/site-93b1afec-e77bf120/2023-06-H2.png
e77bf120-b5ab-11f0-b90c-a37547c789b2,site-93b1afec-e77bf120,Site 93b1afec,,56.27,3,negative,2025-09-H1,True,,2023-07-H1,-52,5625,1.0,0.01528,0.45762,0.02937,0.00023,0.51279,0.75191,-0.25743,0.21511,0.0,0.0,results/chips_neg20/site-93b1afec-e77bf120/2023-07-H1.png
e77bf120-b5ab-11f0-b90c-a37547c789b2,site-93b1afec-e77bf120,Site 93b1afec,,56.27,3,negative,2025-09-H1,True,,2023-07-H2,-51,5625,1.0,0.01402,0.4774,0.0266,0.00038,0.49562,0.76597,-0.26501,0.21704,0.0,0.0,results/chips_neg20/site-93b1afec-e77bf120/2023-07-H2.png
e77bf120-b5ab-11f0-b90c-a37547c789b2,site-93b1afec-e77bf120,Site 93b1afec,,56.27,3,negative,2025-09-H1,True,,2023-08-H1,-50,4856,0.8633,0.01949,0.38569,0.07628,0.00887,0.52917,0.68023,-0.18557,0.23263,199.34647,0.0,results/chips_neg20/site-93b1afec-e77bf120/2023-08-H1.png
e77bf120-b5ab-11f0-b90c-a37547c789b2,site-93b1afec-e77bf120,Site 93b1afec,,56.27,3,negative,2025-09-H1,True,,2023-08-H2,-49,5625,1.0,0.02658,0.28422,0.15864,4e-05,0.55711,0.58542,-0.02817,0.26689,598.0394,0.0,results/chips_neg20/site-93b1afec-e77bf120/2023-08-H2.png
e77bf120-b5ab-11f0-b90c-a37547c789b2,site-93b1afec-e77bf120,Site 93b1afec,,56.27,3,negative,2025-09-H1,True,,2023-09-H1,-48,5625,1.0,0.04227,0.16413,0.33047,0.00013,0.50527,0.43613,0.1632,0.3394,21330.07187,0.0,results/chips_neg20/site-93b1afec-e77bf120/2023-09-H1.png
e77bf120-b5ab-11f0-b90c-a37547c789b2,site-93b1afec-e77bf120,Site 93b1afec,,56.27,3,negative,2025-09-H1,True,,2023-09-H2,-47,5625,1.0,0.03781,0.14549,0.31882,0.00185,0.53384,0.45142,0.15664,0.32204,44254.91546,0.0,results/chips_neg20/site-93b1afec-e77bf120/2023-09-H2.png
e77bf120-b5ab-11f0-b90c-a37547c789b2,site-93b1afec-e77bf120,Site 93b1afec,,56.27,3,negative,2025-09-H1,True,,2023-10-H1,-46,5625,1.0,0.03731,0.19715,0.25157,0.00082,0.55046,0.52964,0.09095,0.29802,41962.4311,0.0,results/chips_neg20/site-93b1afec-e77bf120/2023-10-H1.png
e77bf120-b5ab-11f0-b90c-a37547c789b2,site-93b1afec-e77bf120,Site 93b1afec,,56.27,3,negative,2025-09-H1,True,,2023-10-H2,-45,5625,1.0,0.03838,0.21511,0.24526,0.00109,0.53853,0.55049,0.07102,0.29817,49238.57712,0.0,results/chips_neg20/site-93b1afec-e77bf120/2023-10-H2.png
e77bf120-b5ab-11f0-b90c-a37547c789b2,site-93b1afec-e77bf120,Site 93b1afec,,56.27,3,negative,2025-09-H1,True,,2023-11-H1,-44,5625,1.0,0.03503,0.24845,0.2015,0.00339,0.54666,0.58248,0.02132,0.28304,38772.88765,0.0,results/chips_neg20/site-93b1afec-e77bf120/2023-11-H1.png
e77bf120-b5ab-11f0-b90c-a37547c789b2,site-93b1afec-e77bf120,Site 93b1afec,,56.27,3,negative,2025-09-H1,True,,2023-11-H2,-43,5625,1.0,0.0387,0.24823,0.22421,0.00835,0.51921,0.58445,0.02847,0.29751,45849.68719,0.0,results/chips_neg20/site-93b1afec-e77bf120/2023-11-H2.png
e77bf120-b5ab-11f0-b90c-a37547c789b2,site-93b1afec-e77bf120,Site 93b1afec,,56.27,3,negative,2025-09-H1,True,,2023-12-H1,-42,5625,1.0,0.03871,0.19686,0.25802,0.00592,0.5392,0.49646,0.08879,0.30206,41563.73817,0.0,results/chips_neg20/site-93b1afec-e77bf120/2023-12-H1.png
e77bf120-b5ab-11f0-b90c-a37547c789b2,site-93b1afec-e77bf120,Site 93b1afec,,56.27,3,negative,2025-09-H1,True,,2023-12-H2,-41,5625,1.0,0.03874,0.19767,0.27767,0.00482,0.51983,0.48851,0.09653,0.31085,11163.4021,0.0,results/chips_neg20/site-93b1afec-e77bf120/2023-12-H2.png
e77bf120-b5ab-11f0-b90c-a37547c789b2,site-93b1afec-e77bf120,Site 93b1afec,,56.27,3,negative,2025-09-H1,True,,2024-01-H1,-40,5625,1.0,0.03237,0.21623,0.261,0.00632,0.51645,0.47142,0.05725,0.30187,0.0,0.0,results/chips_neg20/site-93b1afec-e77bf120/2024-01-H1.png
e77bf120-b5ab-11f0-b90c-a37547c789b2,site-93b1afec-e77bf120,Site 93b1afec,,56.27,3,negative,2025-09-H1,True,,2024-01-H2,-39,5625,1.0,0.03387,0.16617,0.35291,0.00882,0.4721,0.41286,0.10904,0.33128,49138.90388,0.0,results/chips_neg20/site-93b1afec-e77bf120/2024-01-H2.png
e77bf120-b5ab-11f0-b90c-a37547c789b2,site-93b1afec-e77bf120,Site 93b1afec,,56.27,3,negative,2025-09-H1,True,,2024-02-H2,-37,5625,1.0,0.03961,0.12374,0.29178,0.01029,0.57418,0.42217,0.12824,0.29186,56215.70343,0.0,results/chips_neg20/site-93b1afec-e77bf120/2024-02-H2.png
e77bf120-b5ab-11f0-b90c-a37547c789b2,site-93b1afec-e77bf120,Site 93b1afec,,56.27,3,negative,2025-09-H1,True,,2024-03-H1,-36,1423,0.253,0.01371,0.12751,0.16693,0.01635,0.68921,0.33089,0.01726,0.2189,0.0,0.0,results/chips_neg20/site-93b1afec-e77bf120/2024-03-H1.png
e77bf120-b5ab-11f0-b90c-a37547c789b2,site-93b1afec-e77bf120,Site 93b1afec,,56.27,3,negative,2025-09-H1,True,,2024-03-H2,-35,5625,1.0,0.02741,0.31849,0.21238,0.00667,0.46247,0.61697,-0.05073,0.29197,24220.59563,0.0,results/chips_neg20/site-93b1afec-e77bf120/2024-03-H2.png
e77bf120-b5ab-11f0-b90c-a37547c789b2,site-93b1afec-e77bf120,Site 93b1afec,,56.27,3,negative,2025-09-H1,True,,2024-04-H1,-34,5105,0.9076,0.02704,0.34375,0.23025,0.00103,0.42498,0.63971,-0.05446,0.30324,18240.20164,0.0,results/chips_neg20/site-93b1afec-e77bf120/2024-04-H1.png
e77bf120-b5ab-11f0-b90c-a37547c789b2,site-93b1afec-e77bf120,Site 93b1afec,,56.27,3,negative,2025-09-H1,True,,2024-04-H2,-33,5625,1.0,0.02291,0.36847,0.18932,0.0056,0.43661,0.64636,-0.09668,0.29038,34088.2457,0.0,results/chips_neg20/site-93b1afec-e77bf120/2024-04-H2.png
e77bf120-b5ab-11f0-b90c-a37547c789b2,site-93b1afec-e77bf120,Site 93b1afec,,56.27,3,negative,2025-09-H1,True,,2024-05-H1,-32,5625,1.0,0.02693,0.32801,0.17038,0.00836,0.49325,0.65752,-0.08205,0.27593,39071.90735,0.0,results/chips_neg20/site-93b1afec-e77bf120/2024-05-H1.png
e77bf120-b5ab-11f0-b90c-a37547c789b2,site-93b1afec-e77bf120,Site 93b1afec,,56.27,3,negative,2025-09-H1,True,,2024-05-H2,-31,3395,0.6036,0.02186,0.35928,0.27476,0.03036,0.3356,0.58576,-0.09519,0.33567,47245.11245,0.0,results/chips_neg20/site-93b1afec-e77bf120/2024-05-H2.png
e77bf120-b5ab-11f0-b90c-a37547c789b2,site-93b1afec-e77bf120,Site 93b1afec,,56.27,3,negative,2025-09-H1,True,,2024-06-H1,-30,4302,0.7648,0.02322,0.359,0.08055,0.0052,0.55524,0.68907,-0.22841,0.20982,8173.20511,0.0,results/chips_neg20/site-93b1afec-e77bf120/2024-06-H1.png
e77bf120-b5ab-11f0-b90c-a37547c789b2,site-93b1afec-e77bf120,Site 93b1afec,,56.27,3,negative,2025-09-H1,True,,2024-06-H2,-29,572,0.1017,0.01214,0.49337,0.01277,0.00341,0.49045,0.75405,-0.27363,0.21812,0.0,0.0,results/chips_neg20/site-93b1afec-e77bf120/2024-06-H2.png
e77bf120-b5ab-11f0-b90c-a37547c789b2,site-93b1afec-e77bf120,Site 93b1afec,,56.27,3,negative,2025-09-H1,True,,2024-07-H2,-27,5625,1.0,0.01649,0.42212,0.0348,0.00736,0.53572,0.72526,-0.21916,0.22249,3986.92932,199.34647,results/chips_neg20/site-93b1afec-e77bf120/2024-07-H2.png
e77bf120-b5ab-11f0-b90c-a37547c789b2,site-93b1afec-e77bf120,Site 93b1afec,,56.27,3,negative,2025-09-H1,True,,2024-08-H1,-26,935,0.1662,0.0199,0.31433,0.30067,0.02962,0.35539,0.55347,-0.08509,0.33532,27808.83201,0.0,results/chips_neg20/site-93b1afec-e77bf120/2024-08-H1.png
e77bf120-b5ab-11f0-b90c-a37547c789b2,site-93b1afec-e77bf120,Site 93b1afec,,56.27,3,negative,2025-09-H1,True,,2024-09-H1,-24,5625,1.0,0.02194,0.36926,0.05932,0.00456,0.56685,0.70632,-0.16351,0.22872,22526.15066,0.0,results/chips_neg20/site-93b1afec-e77bf120/2024-09-H1.png
e77bf120-b5ab-11f0-b90c-a37547c789b2,site-93b1afec-e77bf120,Site 93b1afec,,56.27,3,negative,2025-09-H1,True,,2024-09-H2,-23,5625,1.0,0.03107,0.29161,0.13103,0.00518,0.57217,0.62816,-0.04468,0.25909,29403.60374,0.0,results/chips_neg20/site-93b1afec-e77bf120/2024-09-H2.png
e77bf120-b5ab-11f0-b90c-a37547c789b2,site-93b1afec-e77bf120,Site 93b1afec,,56.27,3,negative,2025-09-H1,True,,2024-10-H1,-22,5625,1.0,0.03181,0.22306,0.23478,0.00431,0.53785,0.50991,0.04973,0.29517,33888.89923,0.0,results/chips_neg20/site-93b1afec-e77bf120/2024-10-H1.png
e77bf120-b5ab-11f0-b90c-a37547c789b2,site-93b1afec-e77bf120,Site 93b1afec,,56.27,3,negative,2025-09-H1,True,,2024-10-H2,-21,5625,1.0,0.03474,0.23805,0.23085,0.00567,0.52543,0.51603,0.04157,0.29845,31995.1078,0.0,results/chips_neg20/site-93b1afec-e77bf120/2024-10-H2.png
e77bf120-b5ab-11f0-b90c-a37547c789b2,site-93b1afec-e77bf120,Site 93b1afec,,56.27,3,negative,2025-09-H1,True,,2024-11-H1,-20,5625,1.0,0.04069,0.19296,0.19661,0.00462,0.60581,0.50833,0.10224,0.28218,4485.29549,0.0,results/chips_neg20/site-93b1afec-e77bf120/2024-11-H1.png
e77bf120-b5ab-11f0-b90c-a37547c789b2,site-93b1afec-e77bf120,Site 93b1afec,,56.27,3,negative,2025-09-H1,True,,2024-11-H2,-19,5625,1.0,0.03888,0.23425,0.18387,0.00502,0.57686,0.57854,0.04575,0.27774,15848.04405,0.0,results/chips_neg20/site-93b1afec-e77bf120/2024-11-H2.png
e77bf120-b5ab-11f0-b90c-a37547c789b2,site-93b1afec-e77bf120,Site 93b1afec,,56.27,3,negative,2025-09-H1,True,,2024-12-H1,-18,5579,0.9918,0.03826,0.22911,0.18938,0.00303,0.57848,0.55838,0.05025,0.27746,3687.90962,0.0,results/chips_neg20/site-93b1afec-e77bf120/2024-12-H1.png
e77bf120-b5ab-11f0-b90c-a37547c789b2,site-93b1afec-e77bf120,Site 93b1afec,,56.27,3,negative,2025-09-H1,True,,2024-12-H2,-17,5625,1.0,0.0378,0.21437,0.22361,0.0046,0.55743,0.52581,0.06962,0.28978,6080.06721,0.0,results/chips_neg20/site-93b1afec-e77bf120/2024-12-H2.png
e77bf120-b5ab-11f0-b90c-a37547c789b2,site-93b1afec-e77bf120,Site 93b1afec,,56.27,3,negative,2025-09-H1,True,,2025-02-H2,-13,1864,0.3314,0.01354,0.06226,0.44888,0.09846,0.39039,0.20816,0.09218,0.36369,85320.28747,0.0,results/chips_neg20/site-93b1afec-e77bf120/2025-02-H2.png
e77bf120-b5ab-11f0-b90c-a37547c789b2,site-93b1afec-e77bf120,Site 93b1afec,,56.27,3,negative,2025-09-H1,True,,2025-03-H1,-12,5625,1.0,0.03495,0.19897,0.30855,0.00369,0.48879,0.48571,0.09507,0.32229,17741.83548,0.0,results/chips_neg20/site-93b1afec-e77bf120/2025-03-H1.png
e77bf120-b5ab-11f0-b90c-a37547c789b2,site-93b1afec-e77bf120,Site 93b1afec,,56.27,3,negative,2025-09-H1,True,,2025-03-H2,-11,5625,1.0,0.02746,0.23775,0.31974,0.00357,0.43894,0.50509,0.04359,0.32629,29702.62344,0.0,results/chips_neg20/site-93b1afec-e77bf120/2025-03-H2.png
e77bf120-b5ab-11f0-b90c-a37547c789b2,site-93b1afec-e77bf120,Site 93b1afec,,56.27,3,negative,2025-09-H1,True,,2025-04-H1,-10,5625,1.0,0.03009,0.29744,0.24317,0.0034,0.45599,0.60657,-0.01106,0.30627,24021.24916,0.0,results/chips_neg20/site-93b1afec-e77bf120/2025-04-H1.png
e77bf120-b5ab-11f0-b90c-a37547c789b2,site-93b1afec-e77bf120,Site 93b1afec,,56.27,3,negative,2025-09-H1,True,,2025-04-H2,-9,4375,0.7778,0.02393,0.3536,0.21008,0.00771,0.4286,0.62516,-0.06957,0.30074,16745.10315,0.0,results/chips_neg20/site-93b1afec-e77bf120/2025-04-H2.png
e77bf120-b5ab-11f0-b90c-a37547c789b2,site-93b1afec-e77bf120,Site 93b1afec,,56.27,3,negative,2025-09-H1,True,,2025-05-H1,-8,2506,0.4455,0.01252,0.27046,0.12669,0.01496,0.58789,0.54121,-0.11074,0.23304,5581.70105,0.0,results/chips_neg20/site-93b1afec-e77bf120/2025-05-H1.png
e77bf120-b5ab-11f0-b90c-a37547c789b2,site-93b1afec-e77bf120,Site 93b1afec,,56.27,3,negative,2025-09-H1,True,,2025-05-H2,-7,355,0.0631,0.01595,0.31119,0.16387,0.04279,0.48215,0.51721,-0.09696,0.27707,797.38586,0.0,results/chips_neg20/site-93b1afec-e77bf120/2025-05-H2.png
e77bf120-b5ab-11f0-b90c-a37547c789b2,site-93b1afec-e77bf120,Site 93b1afec,,56.27,3,negative,2025-09-H1,True,,2025-06-H1,-6,5581,0.9922,0.02126,0.40408,0.13887,0.0026,0.45445,0.69918,-0.13494,0.27166,17442.81578,0.0,results/chips_neg20/site-93b1afec-e77bf120/2025-06-H1.png
e77bf120-b5ab-11f0-b90c-a37547c789b2,site-93b1afec-e77bf120,Site 93b1afec,,56.27,3,negative,2025-09-H1,True,,2025-06-H2,-5,5589,0.9936,0.01818,0.44356,0.12226,0.00806,0.42612,0.71242,-0.17271,0.2702,16645.42992,0.0,results/chips_neg20/site-93b1afec-e77bf120/2025-06-H2.png
e77bf120-b5ab-11f0-b90c-a37547c789b2,site-93b1afec-e77bf120,Site 93b1afec,,56.27,3,negative,2025-09-H1,True,,2025-07-H1,-4,5536,0.9842,0.01902,0.4641,0.03982,0.00722,0.48886,0.7472,-0.25433,0.22424,1495.0985,199.34647,results/chips_neg20/site-93b1afec-e77bf120/2025-07-H1.png
e77bf120-b5ab-11f0-b90c-a37547c789b2,site-93b1afec-e77bf120,Site 93b1afec,,56.27,3,negative,2025-09-H1,True,,2025-07-H2,-3,5625,1.0,0.01841,0.43457,0.05163,0.0026,0.5112,0.75325,-0.22551,0.22653,19137.26074,0.0,results/chips_neg20/site-93b1afec-e77bf120/2025-07-H2.png
e77bf120-b5ab-11f0-b90c-a37547c789b2,site-93b1afec-e77bf120,Site 93b1afec,,56.27,3,negative,2025-09-H1,True,,2025-08-H1,-2,132,0.0235,0.02386,0.17957,0.52022,0.10797,0.19224,0.3362,0.00206,0.4365,6678.10661,0.0,results/chips_neg20/site-93b1afec-e77bf120/2025-08-H1.png
e77bf120-b5ab-11f0-b90c-a37547c789b2,site-93b1afec-e77bf120,Site 93b1afec,,56.27,3,negative,2025-09-H1,True,,2025-08-H2,-1,5625,1.0,0.02283,0.35324,0.09112,0.00223,0.55341,0.69151,-0.13127,0.24273,30500.00931,0.0,results/chips_neg20/site-93b1afec-e77bf120/2025-08-H2.png
e77bf120-b5ab-11f0-b90c-a37547c789b2,site-93b1afec-e77bf120,Site 93b1afec,,56.27,3,negative,2025-09-H1,True,,2025-09-H1,0,74,0.0132,0.04313,0.08076,0.66251,0.13395,0.12278,0.262,0.10134,0.53859,5382.35458,0.0,results/chips_neg20/site-93b1afec-e77bf120/2025-09-H1.png
e77bf120-b5ab-11f0-b90c-a37547c789b2,site-93b1afec-e77bf120,Site 93b1afec,,56.27,3,negative,2025-09-H1,True,,2025-09-H2,1,5625,1.0,0.03002,0.28382,0.15497,0.00208,0.55914,0.62578,-0.0273,0.2684,26911.77292,0.0,results/chips_neg20/site-93b1afec-e77bf120/2025-09-H2.png
e77bf120-b5ab-11f0-b90c-a37547c789b2,site-93b1afec-e77bf120,Site 93b1afec,,56.27,3,negative,2025-09-H1,True,,2025-10-H1,2,5625,1.0,0.03866,0.2069,0.24032,0.00228,0.55049,0.50689,0.09004,0.30222,28307.19818,0.0,results/chips_neg20/site-93b1afec-e77bf120/2025-10-H1.png
e77bf120-b5ab-11f0-b90c-a37547c789b2,site-93b1afec-e77bf120,Site 93b1afec,,56.27,3,negative,2025-09-H1,True,,2025-10-H2,3,5625,1.0,0.0381,0.18241,0.28224,0.00189,0.53346,0.45957,0.12427,0.31844,33589.87953,0.0,results/chips_neg20/site-93b1afec-e77bf120/2025-10-H2.png
e77bf120-b5ab-11f0-b90c-a37547c789b2,site-93b1afec-e77bf120,Site 93b1afec,,56.27,3,negative,2025-09-H1,True,,2025-11-H1,4,5624,0.9998,0.04319,0.20534,0.21568,0.00268,0.57629,0.53363,0.09823,0.29359,19336.60721,99.67323,results/chips_neg20/site-93b1afec-e77bf120/2025-11-H1.png
e77bf120-b5ab-11f0-b90c-a37547c789b2,site-93b1afec-e77bf120,Site 93b1afec,,56.27,3,negative,2025-09-H1,True,,2025-11-H2,5,5625,1.0,0.0409,0.20587,0.19311,0.00272,0.59829,0.5541,0.08517,0.27937,1594.77173,0.0,results/chips_neg20/site-93b1afec-e77bf120/2025-11-H2.png
e77bf120-b5ab-11f0-b90c-a37547c789b2,site-93b1afec-e77bf120,Site 93b1afec,,56.27,3,negative,2025-09-H1,True,,2025-12-H1,6,5624,0.9998,0.04212,0.21826,0.20967,0.00313,0.56894,0.54534,0.08138,0.29167,12558.82736,0.0,results/chips_neg20/site-93b1afec-e77bf120/2025-12-H1.png
e77bf120-b5ab-11f0-b90c-a37547c789b2,site-93b1afec-e77bf120,Site 93b1afec,,56.27,3,negative,2025-09-H1,True,,2025-12-H2,7,5625,1.0,0.04451,0.20574,0.2377,0.00282,0.55374,0.54961,0.10693,0.30446,18638.89458,0.0,results/chips_neg20/site-93b1afec-e77bf120/2025-12-H2.png
e77bf120-b5ab-11f0-b90c-a37547c789b2,site-93b1afec-e77bf120,Site 93b1afec,,56.27,3,negative,2025-09-H1,True,,2026-01-H1,8,5622,0.9995,0.04809,0.18167,0.24346,0.00205,0.57282,0.53409,0.14003,0.30432,16844.77638,0.0,results/chips_neg20/site-93b1afec-e77bf120/2026-01-H1.png
e77bf120-b5ab-11f0-b90c-a37547c789b2,site-93b1afec-e77bf120,Site 93b1afec,,56.27,3,negative,2025-09-H1,True,,2026-02-H1,10,5625,1.0,0.04076,0.14181,0.29624,0.0026,0.55934,0.40304,0.1619,0.31213,2093.13789,0.0,results/chips_neg20/site-93b1afec-e77bf120/2026-02-H1.png
e77bf120-b5ab-11f0-b90c-a37547c789b2,site-93b1afec-e77bf120,Site 93b1afec,,56.27,3,negative,2025-09-H1,True,,2026-02-H2,11,5625,1.0,0.0347,0.13628,0.38817,0.00282,0.47274,0.40042,0.15767,0.34347,66382.3732,0.0,results/chips_neg20/site-93b1afec-e77bf120/2026-02-H2.png
e77bf120-b5ab-11f0-b90c-a37547c789b2,site-93b1afec-e77bf120,Site 93b1afec,,56.27,3,negative,2025-09-H1,True,,2026-03-H1,12,5625,1.0,0.03701,0.24883,0.2657,0.00291,0.48257,0.56808,0.04845,0.31349,36281.05682,0.0,results/chips_neg20/site-93b1afec-e77bf120/2026-03-H1.png
e77bf120-b5ab-11f0-b90c-a37547c789b2,site-93b1afec-e77bf120,Site 93b1afec,,56.27,3,negative,2025-09-H1,True,,2026-03-H2,13,5625,1.0,0.03765,0.23656,0.32338,0.00306,0.437,0.53582,0.07425,0.34022,61000.01861,0.0,results/chips_neg20/site-93b1afec-e77bf120/2026-03-H2.png
e77bf120-b5ab-11f0-b90c-a37547c789b2,site-93b1afec-e77bf120,Site 93b1afec,,56.27,3,negative,2025-09-H1,True,,2026-04-H1,14,531,0.0944,0.02533,0.28593,0.19706,0.01862,0.49839,0.57597,-0.05961,0.28178,5980.39398,0.0,results/chips_neg20/site-93b1afec-e77bf120/2026-04-H1.png
e77bf120-b5ab-11f0-b90c-a37547c789b2,site-93b1afec-e77bf120,Site 93b1afec,,56.27,3,negative,2025-09-H1,True,,2026-05-H1,16,5625,1.0,0.02648,0.35464,0.21117,0.00657,0.42762,0.63881,-0.07096,0.30051,37477.13562,0.0,results/chips_neg20/site-93b1afec-e77bf120/2026-05-H1.png
e77bf120-b5ab-11f0-b90c-a37547c789b2,site-93b1afec-e77bf120,Site 93b1afec,,56.27,3,negative,2025-09-H1,True,,2026-05-H2,17,4030,0.7164,0.02433,0.37576,0.25705,0.01134,0.35585,0.62356,-0.07307,0.32801,33988.57246,99.67323,results/chips_neg20/site-93b1afec-e77bf120/2026-05-H2.png
e77bf120-b5ab-11f0-b90c-a37547c789b2,site-93b1afec-e77bf120,Site 93b1afec,,56.27,3,negative,2025-09-H1,True,,2026-06-H1,18,5151,0.9157,0.02357,0.37856,0.23674,0.01008,0.37462,0.63858,-0.09117,0.31569,50334.98268,0.0,results/chips_neg20/site-93b1afec-e77bf120/2026-06-H1.png
e77bf120-b5ab-11f0-b90c-a37547c789b2,site-93b1afec-e77bf120,Site 93b1afec,,56.27,3,negative,2025-09-H1,True,,2026-06-H2,19,5555,0.9876,0.01993,0.41236,0.18769,0.00879,0.39116,0.64905,-0.1315,0.2953,56813.74283,99.67323,results/chips_neg20/site-93b1afec-e77bf120/2026-06-H2.png
e77bf120-b5ab-11f0-b90c-a37547c789b2,site-93b1afec-e77bf120,Site 93b1afec,,56.27,3,negative,2025-09-H1,True,,2026-07-H1,20,5625,1.0,0.02527,0.38242,0.15235,0.00553,0.45969,0.68127,-0.11557,0.27805,43258.18313,0.0,results/chips_neg20/site-93b1afec-e77bf120/2026-07-H1.png
e77bf120-b5ab-11f0-b90c-a37547c789b2,site-93b1afec-e77bf120,Site 93b1afec,,56.27,3,negative,2025-09-H1,True,,2026-07-H2,21,4874,0.8665,0.02051,0.40628,0.13525,0.00496,0.45351,0.67714,-0.14998,0.26819,31397.0684,0.0,results/chips_neg20/site-93b1afec-e77bf120/2026-07-H2.png
e77bf120-b5ab-11f0-b90c-a37547c789b2,site-93b1afec-e77bf120,Site 93b1afec,,56.27,3,negative,2025-09-H1,True,,2026-08-H1,22,5625,1.0,0.02121,0.37423,0.15527,0.00247,0.46802,0.68142,-0.13698,0.26749,68575.18432,0.0,results/chips_neg20/site-93b1afec-e77bf120/2026-08-H1.png
e77bf120-b5ab-11f0-b90c-a37547c789b2,site-93b1afec-e77bf120,Site 93b1afec,,56.27,3,negative,2025-09-H1,True,,2026-08-H2,23,5625,1.0,0.02938,0.3144,0.20011,0.00336,0.48212,0.63409,-0.04922,0.2915,73758.19244,0.0,results/chips_neg20/site-93b1afec-e77bf120/2026-08-H2.png
e77bf120-b5ab-11f0-b90c-a37547c789b2,site-93b1afec-e77bf120,Site 93b1afec,,56.27,3,negative,2025-09-H1,True,,2026-09-H1,24,3432,0.6101,0.02444,0.30587,0.21557,0.01511,0.46345,0.56707,-0.04844,0.29872,38872.56088,99.67323,results/chips_neg20/site-93b1afec-e77bf120/2026-09-H1.png
dd0f5500-8a7d-11f0-93d4-2f15be3e2588,site-9ae67962-dd0f5500,Site 9ae67962,,161.89,1,negative,2025-06-H1,True,,2023-02-H1,-56,1086,0.0673,0.01686,0.06144,0.20192,0.01363,0.72302,0.17922,0.10679,0.22056,1396.38121,0.0,results/chips_neg20/site-9ae67962-dd0f5500/2023-02-H1.png
dd0f5500-8a7d-11f0-93d4-2f15be3e2588,site-9ae67962-dd0f5500,Site 9ae67962,,161.89,1,negative,2025-06-H1,True,,2023-04-H1,-52,3460,0.2145,0.02925,0.05025,0.28029,0.01441,0.65505,0.20345,0.16903,0.26026,16457.34999,299.22455,results/chips_neg20/site-9ae67962-dd0f5500/2023-04-H1.png
dd0f5500-8a7d-11f0-93d4-2f15be3e2588,site-9ae67962-dd0f5500,Site 9ae67962,,161.89,1,negative,2025-06-H1,True,,2023-04-H2,-51,16204,1.0,0.02953,0.04218,0.38126,0.0002,0.57637,0.25395,0.22235,0.30333,48374.63482,0.0,results/chips_neg20/site-9ae67962-dd0f5500/2023-04-H2.png
dd0f5500-8a7d-11f0-93d4-2f15be3e2588,site-9ae67962-dd0f5500,Site 9ae67962,,161.89,1,negative,2025-06-H1,True,,2023-05-H1,-50,16204,1.0,0.03149,0.08762,0.26032,1e-05,0.65205,0.34685,0.18751,0.27106,0.0,0.0,results/chips_neg20/site-9ae67962-dd0f5500/2023-05-H1.png
dd0f5500-8a7d-11f0-93d4-2f15be3e2588,site-9ae67962-dd0f5500,Site 9ae67962,,161.89,1,negative,2025-06-H1,True,,2023-05-H2,-49,16204,1.0,0.02623,0.11282,0.30309,0.00036,0.58374,0.38371,0.13511,0.28444,35906.94544,0.0,results/chips_neg20/site-9ae67962-dd0f5500/2023-05-H2.png
dd0f5500-8a7d-11f0-93d4-2f15be3e2588,site-9ae67962-dd0f5500,Site 9ae67962,,161.89,1,negative,2025-06-H1,True,,2023-06-H1,-48,16204,1.0,0.02532,0.1987,0.2536,0.0007,0.547,0.48216,0.05332,0.28423,39098.67392,0.0,results/chips_neg20/site-9ae67962-dd0f5500/2023-06-H1.png
dd0f5500-8a7d-11f0-93d4-2f15be3e2588,site-9ae67962-dd0f5500,Site 9ae67962,,161.89,1,negative,2025-06-H1,True,,2023-06-H2,-47,16204,1.0,0.03079,0.1855,0.27048,0.00095,0.54307,0.4901,0.08309,0.2929,35208.75483,0.0,results/chips_neg20/site-9ae67962-dd0f5500/2023-06-H2.png
dd0f5500-8a7d-11f0-93d4-2f15be3e2588,site-9ae67962-dd0f5500,Site 9ae67962,,161.89,1,negative,2025-06-H1,True,,2023-07-H1,-46,16204,1.0,0.0285,0.2093,0.28296,0.00074,0.50699,0.50404,0.06106,0.3021,33213.92453,0.0,results/chips_neg20/site-9ae67962-dd0f5500/2023-07-H1.png
dd0f5500-8a7d-11f0-93d4-2f15be3e2588,site-9ae67962-dd0f5500,Site 9ae67962,,161.89,1,negative,2025-06-H1,True,,2023-07-H2,-45,16204,1.0,0.03283,0.17229,0.22277,0.0003,0.60464,0.4785,0.09545,0.27388,12068.72333,0.0,results/chips_neg20/site-9ae67962-dd0f5500/2023-07-H2.png
dd0f5500-8a7d-11f0-93d4-2f15be3e2588,site-9ae67962-dd0f5500,Site 9ae67962,,161.89,1,negative,2025-06-H1,True,,2023-08-H1,-44,15326,0.95,0.01449,0.12216,0.32138,0.00559,0.55086,0.34364,0.0913,0.28968,21444.42575,0.0,results/chips_neg20/site-9ae67962-dd0f5500/2023-08-H1.png
dd0f5500-8a7d-11f0-93d4-2f15be3e2588,site-9ae67962-dd0f5500,Site 9ae67962,,161.89,1,negative,2025-06-H1,True,,2023-08-H2,-43,15157,0.9396,0.01989,0.08247,0.38807,0.00133,0.52814,0.28227,0.16922,0.31893,150310.46326,0.0,results/chips_neg20/site-9ae67962-dd0f5500/2023-08-H2.png
dd0f5500-8a7d-11f0-93d4-2f15be3e2588,site-9ae67962-dd0f5500,Site 9ae67962,,161.89,1,negative,2025-06-H1,True,,2023-09-H1,-42,16204,1.0,0.03162,0.09664,0.36067,0.00053,0.54216,0.34739,0.18345,0.3168,98544.61692,0.0,results/chips_neg20/site-9ae67962-dd0f5500/2023-09-H1.png
dd0f5500-8a7d-11f0-93d4-2f15be3e2588,site-9ae67962-dd0f5500,Site 9ae67962,,161.89,1,negative,2025-06-H1,True,,2023-09-H2,-41,16204,1.0,0.04133,0.06278,0.263,9e-05,0.67413,0.33007,0.24321,0.27254,6582.94,0.0,results/chips_neg20/site-9ae67962-dd0f5500/2023-09-H2.png
dd0f5500-8a7d-11f0-93d4-2f15be3e2588,site-9ae67962-dd0f5500,Site 9ae67962,,161.89,1,negative,2025-06-H1,True,,2023-10-H1,-40,16204,1.0,0.04223,0.06292,0.26896,4e-05,0.66808,0.33475,0.24924,0.27704,7281.1306,0.0,results/chips_neg20/site-9ae67962-dd0f5500/2023-10-H1.png
dd0f5500-8a7d-11f0-93d4-2f15be3e2588,site-9ae67962-dd0f5500,Site 9ae67962,,161.89,1,negative,2025-06-H1,True,,2023-10-H2,-39,16204,1.0,0.03825,0.06262,0.23372,7e-05,0.70359,0.32584,0.23192,0.25618,24436.6712,0.0,results/chips_neg20/site-9ae67962-dd0f5500/2023-10-H2.png
dd0f5500-8a7d-11f0-93d4-2f15be3e2588,site-9ae67962-dd0f5500,Site 9ae67962,,161.89,1,negative,2025-06-H1,True,,2023-11-H1,-38,16204,1.0,0.03437,0.08045,0.23004,0.0099,0.67961,0.3023,0.18593,0.25907,26930.20908,3291.47,results/chips_neg20/site-9ae67962-dd0f5500/2023-11-H1.png
dd0f5500-8a7d-11f0-93d4-2f15be3e2588,site-9ae67962-dd0f5500,Site 9ae67962,,161.89,1,negative,2025-06-H1,True,,2023-11-H2,-37,16203,1.0,0.03533,0.06313,0.27278,0.00309,0.661,0.28352,0.19995,0.26323,58648.01088,0.0,results/chips_neg20/site-9ae67962-dd0f5500/2023-11-H2.png
dd0f5500-8a7d-11f0-93d4-2f15be3e2588,site-9ae67962-dd0f5500,Site 9ae67962,,161.89,1,negative,2025-06-H1,True,,2023-12-H1,-36,16204,1.0,0.03442,0.05678,0.29917,0.0054,0.63865,0.26531,0.21622,0.27948,81987.52541,199.48303,results/chips_neg20/site-9ae67962-dd0f5500/2023-12-H1.png
dd0f5500-8a7d-11f0-93d4-2f15be3e2588,site-9ae67962-dd0f5500,Site 9ae67962,,161.89,1,negative,2025-06-H1,True,,2023-12-H2,-35,10618,0.6582,0.02301,0.0605,0.20087,0.03875,0.69989,0.19656,0.10915,0.2344,14562.2612,6582.94,results/chips_neg20/site-9ae67962-dd0f5500/2023-12-H2.png
dd0f5500-8a7d-11f0-93d4-2f15be3e2588,site-9ae67962-dd0f5500,Site 9ae67962,,161.89,1,negative,2025-06-H1,True,,2024-01-H1,-34,14491,0.8983,0.02447,0.05226,0.25867,0.03476,0.65431,0.20398,0.14147,0.2591,44384.97422,8478.02878,results/chips_neg20/site-9ae67962-dd0f5500/2024-01-H1.png
dd0f5500-8a7d-11f0-93d4-2f15be3e2588,site-9ae67962-dd0f5500,Site 9ae67962,,161.89,1,negative,2025-06-H1,True,,2024-01-H2,-33,16200,1.0,0.03258,0.05685,0.26513,0.00572,0.6723,0.24205,0.20905,0.26493,21643.90878,1496.12273,results/chips_neg20/site-9ae67962-dd0f5500/2024-01-H2.png
dd0f5500-8a7d-11f0-93d4-2f15be3e2588,site-9ae67962-dd0f5500,Site 9ae67962,,161.89,1,negative,2025-06-H1,True,,2024-02-H2,-31,16203,1.0,0.03241,0.05696,0.27791,0.00163,0.66349,0.24831,0.20714,0.26591,31019.6112,0.0,results/chips_neg20/site-9ae67962-dd0f5500/2024-02-H2.png
dd0f5500-8a7d-11f0-93d4-2f15be3e2588,site-9ae67962-dd0f5500,Site 9ae67962,,161.89,1,negative,2025-06-H1,True,,2024-04-H1,-28,16204,1.0,0.03143,0.03193,0.32559,0.00237,0.64011,0.22343,0.23499,0.27871,28426.3318,0.0,results/chips_neg20/site-9ae67962-dd0f5500/2024-04-H1.png
dd0f5500-8a7d-11f0-93d4-2f15be3e2588,site-9ae67962-dd0f5500,Site 9ae67962,,161.89,1,negative,2025-06-H1,True,,2024-04-H2,-27,16078,0.9967,0.02719,0.0613,0.40999,0.00483,0.52388,0.27183,0.19272,0.3197,198685.09808,0.0,results/chips_neg20/site-9ae67962-dd0f5500/2024-04-H2.png
dd0f5500-8a7d-11f0-93d4-2f15be3e2588,site-9ae67962-dd0f5500,Site 9ae67962,,161.89,1,negative,2025-06-H1,True,,2024-05-H1,-26,16204,1.0,0.03247,0.11546,0.31508,0.00764,0.56182,0.38852,0.14652,0.29811,136246.90963,0.0,results/chips_neg20/site-9ae67962-dd0f5500/2024-05-H1.png
dd0f5500-8a7d-11f0-93d4-2f15be3e2588,site-9ae67962-dd0f5500,Site 9ae67962,,161.89,1,negative,2025-06-H1,True,,2024-05-H2,-25,12550,0.778,0.02318,0.16908,0.34752,0.01774,0.46566,0.41001,0.07272,0.32222,161581.25447,0.0,results/chips_neg20/site-9ae67962-dd0f5500/2024-05-H2.png
dd0f5500-8a7d-11f0-93d4-2f15be3e2588,site-9ae67962-dd0f5500,Site 9ae67962,,161.89,1,negative,2025-06-H1,True,,2024-06-H1,-24,16192,1.0,0.02579,0.18957,0.23114,0.00217,0.57712,0.48344,0.04779,0.27145,54059.90119,0.0,results/chips_neg20/site-9ae67962-dd0f5500/2024-06-H1.png
dd0f5500-8a7d-11f0-93d4-2f15be3e2588,site-9ae67962-dd0f5500,Site 9ae67962,,161.89,1,negative,2025-06-H1,True,,2024-06-H2,-23,16188,1.0,0.02817,0.18936,0.18377,0.00129,0.62558,0.51098,0.04044,0.25132,22042.87484,0.0,results/chips_neg20/site-9ae67962-dd0f5500/2024-06-H2.png
dd0f5500-8a7d-11f0-93d4-2f15be3e2588,site-9ae67962-dd0f5500,Site 9ae67962,,161.89,1,negative,2025-06-H1,True,,2024-07-H1,-22,16204,1.0,0.02683,0.18793,0.2601,0.00349,0.54848,0.49027,0.06019,0.28502,89168.9145,0.0,results/chips_neg20/site-9ae67962-dd0f5500/2024-07-H1.png
dd0f5500-8a7d-11f0-93d4-2f15be3e2588,site-9ae67962-dd0f5500,Site 9ae67962,,161.89,1,negative,2025-06-H1,True,,2024-07-H2,-21,16180,1.0,0.02884,0.18266,0.31296,0.00465,0.49973,0.44572,0.08595,0.31322,113206.61964,0.0,results/chips_neg20/site-9ae67962-dd0f5500/2024-07-H2.png
dd0f5500-8a7d-11f0-93d4-2f15be3e2588,site-9ae67962-dd0f5500,Site 9ae67962,,161.89,1,negative,2025-06-H1,True,,2024-08-H1,-20,16184,1.0,0.03004,0.14635,0.27263,0.00284,0.57818,0.41035,0.10841,0.28482,75703.80996,0.0,results/chips_neg20/site-9ae67962-dd0f5500/2024-08-H1.png
dd0f5500-8a7d-11f0-93d4-2f15be3e2588,site-9ae67962-dd0f5500,Site 9ae67962,,161.89,1,negative,2025-06-H1,True,,2024-08-H2,-19,16204,1.0,0.02603,0.14349,0.32732,0.00423,0.52496,0.37877,0.11494,0.30849,99242.80753,0.0,results/chips_neg20/site-9ae67962-dd0f5500/2024-08-H2.png
dd0f5500-8a7d-11f0-93d4-2f15be3e2588,site-9ae67962-dd0f5500,Site 9ae67962,,161.89,1,negative,2025-06-H1,True,,2024-09-H1,-18,16180,1.0,0.03606,0.10106,0.27204,0.00269,0.62422,0.33656,0.18249,0.28406,38101.25877,0.0,results/chips_neg20/site-9ae67962-dd0f5500/2024-09-H1.png
dd0f5500-8a7d-11f0-93d4-2f15be3e2588,site-9ae67962-dd0f5500,Site 9ae67962,,161.89,1,negative,2025-06-H1,True,,2024-09-H2,-17,16176,1.0,0.03405,0.08389,0.32317,0.00322,0.58972,0.31166,0.19714,0.29994,66527.59057,0.0,results/chips_neg20/site-9ae67962-dd0f5500/2024-09-H2.png
dd0f5500-8a7d-11f0-93d4-2f15be3e2588,site-9ae67962-dd0f5500,Site 9ae67962,,161.89,1,negative,2025-06-H1,True,,2024-10-H1,-16,16192,1.0,0.03593,0.07926,0.33397,0.0045,0.58227,0.29352,0.20822,0.30628,81987.52541,0.0,results/chips_neg20/site-9ae67962-dd0f5500/2024-10-H1.png
dd0f5500-8a7d-11f0-93d4-2f15be3e2588,site-9ae67962-dd0f5500,Site 9ae67962,,161.89,1,negative,2025-06-H1,True,,2024-10-H2,-15,15992,0.9913,0.0313,0.08793,0.30079,0.00258,0.6087,0.26782,0.17974,0.28729,41891.43634,0.0,results/chips_neg20/site-9ae67962-dd0f5500/2024-10-H2.png
dd0f5500-8a7d-11f0-93d4-2f15be3e2588,site-9ae67962-dd0f5500,Site 9ae67962,,161.89,1,negative,2025-06-H1,True,,2024-11-H1,-14,16188,1.0,0.03307,0.08687,0.31903,0.0045,0.5896,0.25039,0.18692,0.29841,59545.68452,0.0,results/chips_neg20/site-9ae67962-dd0f5500/2024-11-H1.png
dd0f5500-8a7d-11f0-93d4-2f15be3e2588,site-9ae67962-dd0f5500,Site 9ae67962,,161.89,1,negative,2025-06-H1,True,,2024-12-H1,-12,64,0.004,0.06159,0.01681,0.5455,0.3476,0.09008,0.06262,0.01686,0.5211,4089.40212,797.93212,results/chips_neg20/site-9ae67962-dd0f5500/2024-12-H1.png
dd0f5500-8a7d-11f0-93d4-2f15be3e2588,site-9ae67962-dd0f5500,Site 9ae67962,,161.89,1,negative,2025-06-H1,True,,2025-01-H2,-9,36,0.0022,0.03471,0.05155,0.54783,0.18661,0.21401,0.07193,0.02691,0.41898,2393.79636,0.0,results/chips_neg20/site-9ae67962-dd0f5500/2025-01-H2.png
dd0f5500-8a7d-11f0-93d4-2f15be3e2588,site-9ae67962-dd0f5500,Site 9ae67962,,161.89,1,negative,2025-06-H1,True,,2025-02-H2,-7,500,0.031,0.02897,0.05234,0.03596,0.06529,0.84642,0.09528,-0.24075,0.12089,1695.60576,0.0,results/chips_neg20/site-9ae67962-dd0f5500/2025-02-H2.png
dd0f5500-8a7d-11f0-93d4-2f15be3e2588,site-9ae67962-dd0f5500,Site 9ae67962,,161.89,1,negative,2025-06-H1,True,,2025-03-H1,-6,3259,0.202,0.0198,0.05475,0.36348,0.01802,0.56375,0.20417,0.17525,0.30451,2892.50394,299.22455,results/chips_neg20/site-9ae67962-dd0f5500/2025-03-H1.png
dd0f5500-8a7d-11f0-93d4-2f15be3e2588,site-9ae67962-dd0f5500,Site 9ae67962,,161.89,1,negative,2025-06-H1,True,,2025-03-H2,-5,16076,0.9965,0.02816,0.04172,0.35417,0.00197,0.60213,0.21273,0.21821,0.29268,46978.25361,0.0,results/chips_neg20/site-9ae67962-dd0f5500/2025-03-H2.png
dd0f5500-8a7d-11f0-93d4-2f15be3e2588,site-9ae67962-dd0f5500,Site 9ae67962,,161.89,1,negative,2025-06-H1,True,,2025-04-H1,-4,16108,0.9985,0.02873,0.0429,0.41342,0.00258,0.54109,0.2257,0.22334,0.32059,139438.63811,0.0,results/chips_neg20/site-9ae67962-dd0f5500/2025-04-H1.png
dd0f5500-8a7d-11f0-93d4-2f15be3e2588,site-9ae67962-dd0f5500,Site 9ae67962,,161.89,1,negative,2025-06-H1,True,,2025-04-H2,-3,9983,0.6188,0.01991,0.06516,0.50983,0.00547,0.41954,0.2527,0.18702,0.36483,557355.58639,0.0,results/chips_neg20/site-9ae67962-dd0f5500/2025-04-H2.png
dd0f5500-8a7d-11f0-93d4-2f15be3e2588,site-9ae67962-dd0f5500,Site 9ae67962,,161.89,1,negative,2025-06-H1,True,,2025-05-H1,-2,16204,1.0,0.02699,0.09565,0.35386,0.00435,0.54614,0.31609,0.16269,0.30741,116597.83115,0.0,results/chips_neg20/site-9ae67962-dd0f5500/2025-05-H1.png
dd0f5500-8a7d-11f0-93d4-2f15be3e2588,site-9ae67962-dd0f5500,Site 9ae67962,,161.89,1,negative,2025-06-H1,True,,2025-05-H2,-1,16192,1.0,0.0269,0.1545,0.27376,0.0049,0.56684,0.42737,0.08995,0.28378,74107.94572,0.0,results/chips_neg20/site-9ae67962-dd0f5500/2025-05-H2.png
dd0f5500-8a7d-11f0-93d4-2f15be3e2588,site-9ae67962-dd0f5500,Site 9ae67962,,161.89,1,negative,2025-06-H1,True,,2025-06-H1,0,16204,1.0,0.02198,0.17565,0.31634,0.00471,0.5033,0.41875,0.07277,0.30553,91562.71086,0.0,results/chips_neg20/site-9ae67962-dd0f5500/2025-06-H1.png
dd0f5500-8a7d-11f0-93d4-2f15be3e2588,site-9ae67962-dd0f5500,Site 9ae67962,,161.89,1,negative,2025-06-H1,True,,2025-06-H2,1,2284,0.1416,0.01412,0.16433,0.3486,0.02095,0.46611,0.36763,0.04128,0.3136,39397.89847,0.0,results/chips_neg20/site-9ae67962-dd0f5500/2025-06-H2.png
dd0f5500-8a7d-11f0-93d4-2f15be3e2588,site-9ae67962-dd0f5500,Site 9ae67962,,161.89,1,negative,2025-06-H1,True,,2025-07-H1,2,16196,1.0,0.0304,0.14851,0.26163,0.0034,0.58647,0.43025,0.11219,0.28365,57949.82027,0.0,results/chips_neg20/site-9ae67962-dd0f5500/2025-07-H1.png
dd0f5500-8a7d-11f0-93d4-2f15be3e2588,site-9ae67962-dd0f5500,Site 9ae67962,,161.89,1,negative,2025-06-H1,True,,2025-07-H2,3,16204,1.0,0.0327,0.13237,0.27725,0.00207,0.58831,0.42737,0.13877,0.2878,34111.59816,0.0,results/chips_neg20/site-9ae67962-dd0f5500/2025-07-H2.png
dd0f5500-8a7d-11f0-93d4-2f15be3e2588,site-9ae67962-dd0f5500,Site 9ae67962,,161.89,1,negative,2025-06-H1,True,,2025-08-H1,4,16204,1.0,0.03521,0.10713,0.25804,0.00285,0.63198,0.40258,0.16421,0.27353,35707.46241,0.0,results/chips_neg20/site-9ae67962-dd0f5500/2025-08-H1.png
dd0f5500-8a7d-11f0-93d4-2f15be3e2588,site-9ae67962-dd0f5500,Site 9ae67962,,161.89,1,negative,2025-06-H1,True,,2025-08-H2,5,16204,1.0,0.03529,0.10875,0.25736,0.00333,0.63056,0.38731,0.16105,0.27348,30820.12817,0.0,results/chips_neg20/site-9ae67962-dd0f5500/2025-08-H2.png
dd0f5500-8a7d-11f0-93d4-2f15be3e2588,site-9ae67962-dd0f5500,Site 9ae67962,,161.89,1,negative,2025-06-H1,True,,2025-09-H1,6,16204,1.0,0.03563,0.09617,0.31405,0.0028,0.58698,0.32719,0.19222,0.30137,37802.03422,0.0,results/chips_neg20/site-9ae67962-dd0f5500/2025-09-H1.png
dd0f5500-8a7d-11f0-93d4-2f15be3e2588,site-9ae67962-dd0f5500,Site 9ae67962,,161.89,1,negative,2025-06-H1,True,,2025-09-H2,7,16204,1.0,0.03486,0.05085,0.32915,0.00336,0.61663,0.26418,0.24663,0.29897,47676.44422,0.0,results/chips_neg20/site-9ae67962-dd0f5500/2025-09-H2.png
dd0f5500-8a7d-11f0-93d4-2f15be3e2588,site-9ae67962-dd0f5500,Site 9ae67962,,161.89,1,negative,2025-06-H1,True,,2025-10-H1,8,16184,1.0,0.04161,0.05517,0.30967,0.00252,0.63264,0.27863,0.26087,0.29624,38201.00028,0.0,results/chips_neg20/site-9ae67962-dd0f5500/2025-10-H1.png
dd0f5500-8a7d-11f0-93d4-2f15be3e2588,site-9ae67962-dd0f5500,Site 9ae67962,,161.89,1,negative,2025-06-H1,True,,2025-10-H2,9,16204,1.0,0.03717,0.04581,0.28527,0.00222,0.66669,0.26229,0.25539,0.27788,22840.80696,0.0,results/chips_neg20/site-9ae67962-dd0f5500/2025-10-H2.png
dd0f5500-8a7d-11f0-93d4-2f15be3e2588,site-9ae67962-dd0f5500,Site 9ae67962,,161.89,1,negative,2025-06-H1,True,,2025-11-H1,10,16204,1.0,0.04109,0.05462,0.30313,0.00298,0.63927,0.25211,0.26284,0.29467,35707.46241,0.0,results/chips_neg20/site-9ae67962-dd0f5500/2025-11-H1.png
dd0f5500-8a7d-11f0-93d4-2f15be3e2588,site-9ae67962-dd0f5500,Site 9ae67962,,161.89,1,negative,2025-06-H1,True,,2026-01-H1,14,3738,0.2317,0.01945,0.06091,0.15568,0.0537,0.72971,0.14185,0.06323,0.21722,2992.24545,1196.89818,results/chips_neg20/site-9ae67962-dd0f5500/2026-01-H1.png
dd0f5500-8a7d-11f0-93d4-2f15be3e2588,site-9ae67962-dd0f5500,Site 9ae67962,,161.89,1,negative,2025-06-H1,True,,2026-02-H1,16,5589,0.3465,0.02684,0.05204,0.16519,0.0031,0.77967,0.21812,0.18647,0.21334,0.0,0.0,results/chips_neg20/site-9ae67962-dd0f5500/2026-02-H1.png
dd0f5500-8a7d-11f0-93d4-2f15be3e2588,site-9ae67962-dd0f5500,Site 9ae67962,,161.89,1,negative,2025-06-H1,True,,2026-02-H2,17,76,0.0047,0.03083,0.05504,0.52052,0.22448,0.19996,0.08601,-0.00149,0.41494,4687.85121,99.74152,results/chips_neg20/site-9ae67962-dd0f5500/2026-02-H2.png
dd0f5500-8a7d-11f0-93d4-2f15be3e2588,site-9ae67962-dd0f5500,Site 9ae67962,,161.89,1,negative,2025-06-H1,True,,2026-03-H2,19,16120,0.9993,0.02723,0.04143,0.38732,0.00191,0.56934,0.23074,0.22205,0.30839,61739.99785,0.0,results/chips_neg20/site-9ae67962-dd0f5500/2026-03-H2.png
dd0f5500-8a7d-11f0-93d4-2f15be3e2588,site-9ae67962-dd0f5500,Site 9ae67962,,161.89,1,negative,2025-06-H1,True,,2026-04-H1,20,16204,1.0,0.03139,0.03981,0.36103,0.00253,0.59662,0.22613,0.23715,0.30114,35507.97938,0.0,results/chips_neg20/site-9ae67962-dd0f5500/2026-04-H1.png
dd0f5500-8a7d-11f0-93d4-2f15be3e2588,site-9ae67962-dd0f5500,Site 9ae67962,,161.89,1,negative,2025-06-H1,True,,2026-04-H2,21,16204,1.0,0.02986,0.0632,0.35584,0.00407,0.5769,0.25981,0.20545,0.30358,36804.61907,0.0,results/chips_neg20/site-9ae67962-dd0f5500/2026-04-H2.png
dd0f5500-8a7d-11f0-93d4-2f15be3e2588,site-9ae67962-dd0f5500,Site 9ae67962,,161.89,1,negative,2025-06-H1,True,,2026-05-H1,22,16204,1.0,0.02441,0.05609,0.39684,0.00416,0.54291,0.2476,0.19589,0.31342,78097.60632,0.0,results/chips_neg20/site-9ae67962-dd0f5500/2026-05-H1.png
dd0f5500-8a7d-11f0-93d4-2f15be3e2588,site-9ae67962-dd0f5500,Site 9ae67962,,161.89,1,negative,2025-06-H1,True,,2026-05-H2,23,16204,1.0,0.02932,0.06694,0.35193,0.00251,0.57862,0.29363,0.19625,0.29955,42390.14392,0.0,results/chips_neg20/site-9ae67962-dd0f5500/2026-05-H2.png
dd0f5500-8a7d-11f0-93d4-2f15be3e2588,site-9ae67962-dd0f5500,Site 9ae67962,,161.89,1,negative,2025-06-H1,True,,2026-06-H1,24,16204,1.0,0.03045,0.1016,0.30333,0.00176,0.5933,0.34552,0.16542,0.29083,0.0,0.0,results/chips_neg20/site-9ae67962-dd0f5500/2026-06-H1.png
dd0f5500-8a7d-11f0-93d4-2f15be3e2588,site-9ae67962-dd0f5500,Site 9ae67962,,161.89,1,negative,2025-06-H1,True,,2026-06-H2,25,10785,0.6685,0.02177,0.11061,0.07791,0.00108,0.8104,0.38702,0.04268,0.17767,0.0,0.0,results/chips_neg20/site-9ae67962-dd0f5500/2026-06-H2.png
dd0f5500-8a7d-11f0-93d4-2f15be3e2588,site-9ae67962-dd0f5500,Site 9ae67962,,161.89,1,negative,2025-06-H1,True,,2026-07-H1,26,16204,1.0,0.03219,0.14129,0.26021,0.00279,0.59572,0.45532,0.11882,0.279,32116.76786,0.0,results/chips_neg20/site-9ae67962-dd0f5500/2026-07-H1.png
dd0f5500-8a7d-11f0-93d4-2f15be3e2588,site-9ae67962-dd0f5500,Site 9ae67962,,161.89,1,negative,2025-06-H1,True,,2026-07-H2,27,16204,1.0,0.02322,0.12536,0.32518,0.00214,0.54733,0.38912,0.1225,0.29845,54558.60876,0.0,results/chips_neg20/site-9ae67962-dd0f5500/2026-07-H2.png
dd0f5500-8a7d-11f0-93d4-2f15be3e2588,site-9ae67962-dd0f5500,Site 9ae67962,,161.89,1,negative,2025-06-H1,True,,2026-08-H1,28,16204,1.0,0.03439,0.11195,0.33254,0.00342,0.55209,0.37383,0.16771,0.30875,71514.66633,0.0,results/chips_neg20/site-9ae67962-dd0f5500/2026-08-H1.png
dd0f5500-8a7d-11f0-93d4-2f15be3e2588,site-9ae67962-dd0f5500,Site 9ae67962,,161.89,1,negative,2025-06-H1,True,,2026-08-H2,29,16204,1.0,0.03172,0.10255,0.29039,0.0018,0.60526,0.36683,0.17073,0.288,30919.86968,0.0,results/chips_neg20/site-9ae67962-dd0f5500/2026-08-H2.png
dd0f5500-8a7d-11f0-93d4-2f15be3e2588,site-9ae67962-dd0f5500,Site 9ae67962,,161.89,1,negative,2025-06-H1,True,,2026-09-H1,30,16204,1.0,0.03637,0.08141,0.34708,0.00314,0.56837,0.31931,0.21123,0.3129,61939.48088,0.0,results/chips_neg20/site-9ae67962-dd0f5500/2026-09-H1.png
20a51b70-793e-11f0-88b3-aba97374aca7,site-c9dd1801-20a51b70,Site c9dd1801,,43.66,2,negative,2025-04-H1,True,,2023-01-H1,-54,4598,1.0,0.04206,0.11958,0.10536,1e-05,0.77505,0.43381,0.14916,0.21436,0.0,0.0,results/chips_neg20/site-c9dd1801-20a51b70/2023-01-H1.png
20a51b70-793e-11f0-88b3-aba97374aca7,site-c9dd1801-20a51b70,Site c9dd1801,,43.66,2,negative,2025-04-H1,True,,2023-02-H1,-52,4598,1.0,0.04087,0.11247,0.13698,1e-05,0.75055,0.40658,0.16161,0.22675,0.0,0.0,results/chips_neg20/site-c9dd1801-20a51b70/2023-02-H1.png
20a51b70-793e-11f0-88b3-aba97374aca7,site-c9dd1801-20a51b70,Site c9dd1801,,43.66,2,negative,2025-04-H1,True,,2023-02-H2,-51,4598,1.0,0.04008,0.11787,0.17862,1e-05,0.7035,0.39884,0.16533,0.24855,0.0,0.0,results/chips_neg20/site-c9dd1801-20a51b70/2023-02-H2.png
20a51b70-793e-11f0-88b3-aba97374aca7,site-c9dd1801-20a51b70,Site c9dd1801,,43.66,2,negative,2025-04-H1,True,,2023-03-H1,-50,4598,1.0,0.04069,0.11902,0.15481,1e-05,0.72616,0.4016,0.16107,0.23845,0.0,0.0,results/chips_neg20/site-c9dd1801-20a51b70/2023-03-H1.png
20a51b70-793e-11f0-88b3-aba97374aca7,site-c9dd1801-20a51b70,Site c9dd1801,,43.66,2,negative,2025-04-H1,True,,2023-03-H2,-49,4583,1.0,0.04023,0.11411,0.2112,1e-05,0.67468,0.39015,0.17817,0.26372,199.59974,0.0,results/chips_neg20/site-c9dd1801-20a51b70/2023-03-H2.png
20a51b70-793e-11f0-88b3-aba97374aca7,site-c9dd1801-20a51b70,Site c9dd1801,,43.66,2,negative,2025-04-H1,True,,2023-04-H1,-48,4594,1.0,0.03006,0.20858,0.12373,3e-05,0.66765,0.53948,0.0143,0.23157,0.0,0.0,results/chips_neg20/site-c9dd1801-20a51b70/2023-04-H1.png
20a51b70-793e-11f0-88b3-aba97374aca7,site-c9dd1801-20a51b70,Site c9dd1801,,43.66,2,negative,2025-04-H1,True,,2023-04-H2,-47,4598,1.0,0.01685,0.35751,0.0621,0.00017,0.58022,0.68226,-0.17232,0.218,0.0,0.0,results/chips_neg20/site-c9dd1801-20a51b70/2023-04-H2.png
20a51b70-793e-11f0-88b3-aba97374aca7,site-c9dd1801-20a51b70,Site c9dd1801,,43.66,2,negative,2025-04-H1,True,,2023-05-H1,-46,894,0.2055,0.01681,0.55679,0.00603,0.00047,0.43671,0.80208,-0.37974,0.1923,0.0,0.0,results/chips_neg20/site-c9dd1801-20a51b70/2023-05-H1.png
20a51b70-793e-11f0-88b3-aba97374aca7,site-c9dd1801-20a51b70,Site c9dd1801,,43.66,2,negative,2025-04-H1,True,,2023-05-H2,-45,4598,1.0,0.02593,0.59505,0.01398,0.0001,0.39087,0.87609,-0.38134,0.19961,0.0,0.0,results/chips_neg20/site-c9dd1801-20a51b70/2023-05-H2.png
20a51b70-793e-11f0-88b3-aba97374aca7,site-c9dd1801-20a51b70,Site c9dd1801,,43.66,2,negative,2025-04-H1,True,,2023-06-H1,-44,4598,1.0,0.02793,0.46151,0.00972,2e-05,0.52874,0.83468,-0.37637,0.16711,0.0,0.0,results/chips_neg20/site-c9dd1801-20a51b70/2023-06-H1.png
20a51b70-793e-11f0-88b3-aba97374aca7,site-c9dd1801-20a51b70,Site c9dd1801,,43.66,2,negative,2025-04-H1,True,,2023-06-H2,-43,322,0.074,0.01355,0.50631,0.02252,0.003,0.46817,0.77584,-0.30488,0.2104,0.0,0.0,results/chips_neg20/site-c9dd1801-20a51b70/2023-06-H2.png
20a51b70-793e-11f0-88b3-aba97374aca7,site-c9dd1801-20a51b70,Site c9dd1801,,43.66,2,negative,2025-04-H1,True,,2023-07-H1,-42,1492,0.3429,0.02139,0.4114,0.0119,3e-05,0.57666,0.78862,-0.29124,0.18298,0.0,0.0,results/chips_neg20/site-c9dd1801-20a51b70/2023-07-H1.png
20a51b70-793e-11f0-88b3-aba97374aca7,site-c9dd1801-20a51b70,Site c9dd1801,,43.66,2,negative,2025-04-H1,True,,2023-07-H2,-41,4505,1.0,0.02034,0.48312,0.02935,0.00075,0.48679,0.8141,-0.26712,0.21767,0.0,0.0,results/chips_neg20/site-c9dd1801-20a51b70/2023-07-H2.png
20a51b70-793e-11f0-88b3-aba97374aca7,site-c9dd1801-20a51b70,Site c9dd1801,,43.66,2,negative,2025-04-H1,True,,2023-08-H1,-40,2510,0.5769,0.03301,0.3183,1e-05,0.09389,0.5878,0.48538,-0.35064,0.17242,0.0,0.0,results/chips_neg20/site-c9dd1801-20a51b70/2023-08-H1.png
20a51b70-793e-11f0-88b3-aba97374aca7,site-c9dd1801-20a51b70,Site c9dd1801,,43.66,2,negative,2025-04-H1,True,,2023-08-H2,-39,4598,1.0,0.03935,0.3178,0.00689,1e-05,0.6753,0.8462,-0.30014,0.14824,0.0,0.0,results/chips_neg20/site-c9dd1801-20a51b70/2023-08-H2.png
20a51b70-793e-11f0-88b3-aba97374aca7,site-c9dd1801-20a51b70,Site c9dd1801,,43.66,2,negative,2025-04-H1,True,,2023-09-H1,-38,4597,1.0,0.04036,0.29698,0.0052,1e-05,0.69781,0.83334,-0.2714,0.14871,0.0,0.0,results/chips_neg20/site-c9dd1801-20a51b70/2023-09-H1.png
20a51b70-793e-11f0-88b3-aba97374aca7,site-c9dd1801-20a51b70,Site c9dd1801,,43.66,2,negative,2025-04-H1,True,,2023-09-H2,-37,3787,0.8704,0.02628,0.35153,0.00261,7e-05,0.64579,0.79429,-0.28105,0.1637,0.0,0.0,results/chips_neg20/site-c9dd1801-20a51b70/2023-09-H2.png
20a51b70-793e-11f0-88b3-aba97374aca7,site-c9dd1801-20a51b70,Site c9dd1801,,43.66,2,negative,2025-04-H1,True,,2023-10-H1,-36,4598,1.0,0.0363,0.28314,0.00378,0.0,0.71308,0.79377,-0.22352,0.15612,0.0,0.0,results/chips_neg20/site-c9dd1801-20a51b70/2023-10-H1.png
20a51b70-793e-11f0-88b3-aba97374aca7,site-c9dd1801-20a51b70,Site c9dd1801,,43.66,2,negative,2025-04-H1,True,,2023-10-H2,-35,4265,0.9802,0.0411,0.2383,0.0028,0.0,0.7589,0.71665,-0.17173,0.15175,0.0,0.0,results/chips_neg20/site-c9dd1801-20a51b70/2023-10-H2.png
20a51b70-793e-11f0-88b3-aba97374aca7,site-c9dd1801-20a51b70,Site c9dd1801,,43.66,2,negative,2025-04-H1,True,,2023-11-H1,-34,4598,1.0,0.0348,0.20094,0.00417,2e-05,0.79487,0.54707,-0.07235,0.1633,0.0,0.0,results/chips_neg20/site-c9dd1801-20a51b70/2023-11-H1.png
20a51b70-793e-11f0-88b3-aba97374aca7,site-c9dd1801-20a51b70,Site c9dd1801,,43.66,2,negative,2025-04-H1,True,,2023-11-H2,-33,4598,1.0,0.04135,0.15421,0.03844,0.0,0.80734,0.5195,0.06214,0.18432,0.0,0.0,results/chips_neg20/site-c9dd1801-20a51b70/2023-11-H2.png
20a51b70-793e-11f0-88b3-aba97374aca7,site-c9dd1801-20a51b70,Site c9dd1801,,43.66,2,negative,2025-04-H1,True,,2023-12-H1,-32,4598,1.0,0.03739,0.11795,0.06714,2e-05,0.81488,0.4441,0.11057,0.18821,0.0,0.0,results/chips_neg20/site-c9dd1801-20a51b70/2023-12-H1.png
20a51b70-793e-11f0-88b3-aba97374aca7,site-c9dd1801-20a51b70,Site c9dd1801,,43.66,2,negative,2025-04-H1,True,,2024-01-H1,-30,4598,1.0,0.03947,0.11959,0.07889,8e-05,0.80145,0.4493,0.12063,0.19598,0.0,0.0,results/chips_neg20/site-c9dd1801-20a51b70/2024-01-H1.png
20a51b70-793e-11f0-88b3-aba97374aca7,site-c9dd1801-20a51b70,Site c9dd1801,,43.66,2,negative,2025-04-H1,True,,2024-02-H1,-28,4598,1.0,0.04371,0.11205,0.10901,2e-05,0.77893,0.44659,0.16177,0.21368,0.0,0.0,results/chips_neg20/site-c9dd1801-20a51b70/2024-02-H1.png
20a51b70-793e-11f0-88b3-aba97374aca7,site-c9dd1801-20a51b70,Site c9dd1801,,43.66,2,negative,2025-04-H1,True,,2024-02-H2,-27,4598,1.0,0.03916,0.12129,0.13159,4e-05,0.74707,0.41655,0.14247,0.22457,0.0,0.0,results/chips_neg20/site-c9dd1801-20a51b70/2024-02-H2.png
20a51b70-793e-11f0-88b3-aba97374aca7,site-c9dd1801-20a51b70,Site c9dd1801,,43.66,2,negative,2025-04-H1,True,,2024-03-H1,-26,347,0.0798,0.02502,0.07319,0.02514,0.00017,0.9015,0.27687,0.0828,0.1446,0.0,0.0,results/chips_neg20/site-c9dd1801-20a51b70/2024-03-H1.png
20a51b70-793e-11f0-88b3-aba97374aca7,site-c9dd1801-20a51b70,Site c9dd1801,,43.66,2,negative,2025-04-H1,True,,2024-03-H2,-25,4597,1.0,0.03826,0.13926,0.18201,1e-05,0.67871,0.44556,0.12956,0.25046,0.0,0.0,results/chips_neg20/site-c9dd1801-20a51b70/2024-03-H2.png
20a51b70-793e-11f0-88b3-aba97374aca7,site-c9dd1801-20a51b70,Site c9dd1801,,43.66,2,negative,2025-04-H1,True,,2024-04-H1,-24,4598,1.0,0.03415,0.17918,0.17255,0.0,0.64827,0.51401,0.07734,0.25247,0.0,0.0,results/chips_neg20/site-c9dd1801-20a51b70/2024-04-H1.png
20a51b70-793e-11f0-88b3-aba97374aca7,site-c9dd1801-20a51b70,Site c9dd1801,,43.66,2,negative,2025-04-H1,True,,2024-04-H2,-23,4598,1.0,0.02467,0.2991,0.02876,1e-05,0.67212,0.6863,-0.13918,0.19587,0.0,0.0,results/chips_neg20/site-c9dd1801-20a51b70/2024-04-H2.png
20a51b70-793e-11f0-88b3-aba97374aca7,site-c9dd1801-20a51b70,Site c9dd1801,,43.66,2,negative,2025-04-H1,True,,2024-05-H2,-21,4598,1.0,0.02985,0.46168,0.00633,1e-05,0.53199,0.86381,-0.34767,0.17509,0.0,0.0,results/chips_neg20/site-c9dd1801-20a51b70/2024-05-H2.png
20a51b70-793e-11f0-88b3-aba97374aca7,site-c9dd1801-20a51b70,Site c9dd1801,,43.66,2,negative,2025-04-H1,True,,2024-06-H1,-20,4598,1.0,0.02746,0.5849,0.00982,2e-05,0.40526,0.90254,-0.34492,0.21041,0.0,0.0,results/chips_neg20/site-c9dd1801-20a51b70/2024-06-H1.png
20a51b70-793e-11f0-88b3-aba97374aca7,site-c9dd1801-20a51b70,Site c9dd1801,,43.66,2,negative,2025-04-H1,True,,2024-06-H2,-19,4598,1.0,0.0257,0.53278,0.02203,0.0,0.44518,0.86472,-0.29307,0.21932,0.0,0.0,results/chips_neg20/site-c9dd1801-20a51b70/2024-06-H2.png
20a51b70-793e-11f0-88b3-aba97374aca7,site-c9dd1801-20a51b70,Site c9dd1801,,43.66,2,negative,2025-04-H1,True,,2024-07-H1,-18,3343,0.7683,0.01608,0.55799,0.01293,0.00294,0.42614,0.83874,-0.31185,0.22106,0.0,0.0,results/chips_neg20/site-c9dd1801-20a51b70/2024-07-H1.png
20a51b70-793e-11f0-88b3-aba97374aca7,site-c9dd1801-20a51b70,Site c9dd1801,,43.66,2,negative,2025-04-H1,True,,2024-07-H2,-17,4598,1.0,0.02614,0.37425,0.01728,1e-05,0.60847,0.78934,-0.2784,0.17592,0.0,0.0,results/chips_neg20/site-c9dd1801-20a51b70/2024-07-H2.png
20a51b70-793e-11f0-88b3-aba97374aca7,site-c9dd1801-20a51b70,Site c9dd1801,,43.66,2,negative,2025-04-H1,True,,2024-08-H1,-16,4598,1.0,0.02776,0.33609,0.01141,1e-05,0.65249,0.78155,-0.28554,0.16106,0.0,0.0,results/chips_neg20/site-c9dd1801-20a51b70/2024-08-H1.png
20a51b70-793e-11f0-88b3-aba97374aca7,site-c9dd1801-20a51b70,Site c9dd1801,,43.66,2,negative,2025-04-H1,True,,2024-08-H2,-15,4598,1.0,0.02537,0.33238,0.00933,2e-05,0.65828,0.76252,-0.29378,0.15783,0.0,0.0,results/chips_neg20/site-c9dd1801-20a51b70/2024-08-H2.png
20a51b70-793e-11f0-88b3-aba97374aca7,site-c9dd1801-20a51b70,Site c9dd1801,,43.66,2,negative,2025-04-H1,True,,2024-09-H1,-14,4598,1.0,0.03975,0.32453,0.00337,1e-05,0.67209,0.85213,-0.30133,0.14873,0.0,0.0,results/chips_neg20/site-c9dd1801-20a51b70/2024-09-H1.png
20a51b70-793e-11f0-88b3-aba97374aca7,site-c9dd1801-20a51b70,Site c9dd1801,,43.66,2,negative,2025-04-H1,True,,2024-09-H2,-13,312,0.0717,0.01433,0.29577,0.03822,0.02858,0.63743,0.58539,-0.21616,0.19073,199.59974,0.0,results/chips_neg20/site-c9dd1801-20a51b70/2024-09-H2.png
20a51b70-793e-11f0-88b3-aba97374aca7,site-c9dd1801-20a51b70,Site c9dd1801,,43.66,2,negative,2025-04-H1,True,,2024-10-H1,-12,4598,1.0,0.03735,0.28739,0.01284,0.00029,0.69947,0.80401,-0.22471,0.15915,0.0,0.0,results/chips_neg20/site-c9dd1801-20a51b70/2024-10-H1.png
20a51b70-793e-11f0-88b3-aba97374aca7,site-c9dd1801-20a51b70,Site c9dd1801,,43.66,2,negative,2025-04-H1,True,,2024-10-H2,-11,4598,1.0,0.03542,0.26085,0.01576,0.00093,0.72246,0.72651,-0.17282,0.16474,0.0,0.0,results/chips_neg20/site-c9dd1801-20a51b70/2024-10-H2.png
20a51b70-793e-11f0-88b3-aba97374aca7,site-c9dd1801-20a51b70,Site c9dd1801,,43.66,2,negative,2025-04-H1,True,,2024-11-H1,-10,4573,1.0,0.04452,0.16462,0.04595,0.00102,0.78842,0.52609,0.08478,0.19962,0.0,0.0,results/chips_neg20/site-c9dd1801-20a51b70/2024-11-H1.png
20a51b70-793e-11f0-88b3-aba97374aca7,site-c9dd1801-20a51b70,Site c9dd1801,,43.66,2,negative,2025-04-H1,True,,2024-11-H2,-9,4598,1.0,0.0419,0.13827,0.08101,0.0003,0.78042,0.47705,0.11631,0.20651,0.0,0.0,results/chips_neg20/site-c9dd1801-20a51b70/2024-11-H2.png
20a51b70-793e-11f0-88b3-aba97374aca7,site-c9dd1801-20a51b70,Site c9dd1801,,43.66,2,negative,2025-04-H1,True,,2024-12-H1,-8,4598,1.0,0.03823,0.12188,0.06535,0.00094,0.81183,0.45651,0.09975,0.18749,0.0,0.0,results/chips_neg20/site-c9dd1801-20a51b70/2024-12-H1.png
20a51b70-793e-11f0-88b3-aba97374aca7,site-c9dd1801-20a51b70,Site c9dd1801,,43.66,2,negative,2025-04-H1,True,,2024-12-H2,-7,4598,1.0,0.0428,0.10434,0.06758,3e-05,0.82805,0.45253,0.14961,0.18946,0.0,0.0,results/chips_neg20/site-c9dd1801-20a51b70/2024-12-H2.png
20a51b70-793e-11f0-88b3-aba97374aca7,site-c9dd1801-20a51b70,Site c9dd1801,,43.66,2,negative,2025-04-H1,True,,2025-01-H1,-6,28,0.0064,0.02679,0.10612,0.0,0.06836,0.82552,0.23089,-0.31362,0.10919,0.0,0.0,results/chips_neg20/site-c9dd1801-20a51b70/2025-01-H1.png
20a51b70-793e-11f0-88b3-aba97374aca7,site-c9dd1801-20a51b70,Site c9dd1801,,43.66,2,negative,2025-04-H1,True,,2025-01-H2,-5,4061,0.9333,0.01945,0.11727,0.05011,0.02374,0.80888,0.30122,-0.05011,0.16304,0.0,0.0,results/chips_neg20/site-c9dd1801-20a51b70/2025-01-H2.png
20a51b70-793e-11f0-88b3-aba97374aca7,site-c9dd1801-20a51b70,Site c9dd1801,,43.66,2,negative,2025-04-H1,True,,2025-02-H1,-4,203,0.0467,0.01294,0.14191,0.14556,0.01504,0.69749,0.27587,-0.02208,0.206,0.0,0.0,results/chips_neg20/site-c9dd1801-20a51b70/2025-02-H1.png
20a51b70-793e-11f0-88b3-aba97374aca7,site-c9dd1801-20a51b70,Site c9dd1801,,43.66,2,negative,2025-04-H1,True,,2025-02-H2,-3,4597,1.0,0.04647,0.10593,0.1684,0.00019,0.72547,0.40688,0.19868,0.24555,0.0,0.0,results/chips_neg20/site-c9dd1801-20a51b70/2025-02-H2.png
20a51b70-793e-11f0-88b3-aba97374aca7,site-c9dd1801-20a51b70,Site c9dd1801,,43.66,2,negative,2025-04-H1,True,,2025-03-H1,-2,4598,1.0,0.04462,0.09576,0.21642,0.00059,0.68723,0.38742,0.20564,0.2613,99.79987,0.0,results/chips_neg20/site-c9dd1801-20a51b70/2025-03-H1.png
20a51b70-793e-11f0-88b3-aba97374aca7,site-c9dd1801-20a51b70,Site c9dd1801,,43.66,2,negative,2025-04-H1,True,,2025-03-H2,-1,4597,1.0,0.04301,0.1087,0.1734,0.00024,0.71766,0.39415,0.18774,0.24733,0.0,0.0,results/chips_neg20/site-c9dd1801-20a51b70/2025-03-H2.png
20a51b70-793e-11f0-88b3-aba97374aca7,site-c9dd1801-20a51b70,Site c9dd1801,,43.66,2,negative,2025-04-H1,True,,2025-04-H1,0,4598,1.0,0.03349,0.17604,0.17759,0.00151,0.64486,0.49025,0.07042,0.25079,0.0,0.0,results/chips_neg20/site-c9dd1801-20a51b70/2025-04-H1.png
20a51b70-793e-11f0-88b3-aba97374aca7,site-c9dd1801-20a51b70,Site c9dd1801,,43.66,2,negative,2025-04-H1,True,,2025-04-H2,1,4598,1.0,0.0336,0.19833,0.12078,0.00302,0.67787,0.52744,0.03708,0.23329,0.0,0.0,results/chips_neg20/site-c9dd1801-20a51b70/2025-04-H2.png
20a51b70-793e-11f0-88b3-aba97374aca7,site-c9dd1801-20a51b70,Site c9dd1801,,43.66,2,negative,2025-04-H1,True,,2025-05-H1,2,3980,0.9147,0.01812,0.4375,0.01811,0.00557,0.53882,0.78257,-0.30199,0.19093,0.0,0.0,results/chips_neg20/site-c9dd1801-20a51b70/2025-05-H1.png
20a51b70-793e-11f0-88b3-aba97374aca7,site-c9dd1801-20a51b70,Site c9dd1801,,43.66,2,negative,2025-04-H1,True,,2025-05-H2,3,4598,1.0,0.03291,0.43203,0.00423,0.00116,0.56258,0.86333,-0.35,0.16624,0.0,0.0,results/chips_neg20/site-c9dd1801-20a51b70/2025-05-H2.png
20a51b70-793e-11f0-88b3-aba97374aca7,site-c9dd1801-20a51b70,Site c9dd1801,,43.66,2,negative,2025-04-H1,True,,2025-06-H1,4,4505,1.0,0.01325,0.51735,0.01061,0.00354,0.46851,0.77873,-0.31469,0.20949,0.0,0.0,results/chips_neg20/site-c9dd1801-20a51b70/2025-06-H1.png
20a51b70-793e-11f0-88b3-aba97374aca7,site-c9dd1801-20a51b70,Site c9dd1801,,43.66,2,negative,2025-04-H1,True,,2025-06-H2,5,4598,1.0,0.03077,0.3758,0.00878,0.00064,0.61478,0.82998,-0.27056,0.17657,0.0,0.0,results/chips_neg20/site-c9dd1801-20a51b70/2025-06-H2.png
20a51b70-793e-11f0-88b3-aba97374aca7,site-c9dd1801-20a51b70,Site c9dd1801,,43.66,2,negative,2025-04-H1,True,,2025-07-H1,6,4598,1.0,0.02088,0.4524,0.0128,0.00075,0.53405,0.81397,-0.27006,0.20349,0.0,0.0,results/chips_neg20/site-c9dd1801-20a51b70/2025-07-H1.png
20a51b70-793e-11f0-88b3-aba97374aca7,site-c9dd1801-20a51b70,Site c9dd1801,,43.66,2,negative,2025-04-H1,True,,2025-07-H2,7,1897,0.436,0.01759,0.39756,0.0245,0.00439,0.57355,0.73688,-0.26148,0.19413,0.0,0.0,results/chips_neg20/site-c9dd1801-20a51b70/2025-07-H2.png
20a51b70-793e-11f0-88b3-aba97374aca7,site-c9dd1801-20a51b70,Site c9dd1801,,43.66,2,negative,2025-04-H1,True,,2025-08-H1,8,4598,1.0,0.03421,0.33235,0.00693,0.00057,0.66015,0.83427,-0.29556,0.1548,0.0,0.0,results/chips_neg20/site-c9dd1801-20a51b70/2025-08-H1.png
20a51b70-793e-11f0-88b3-aba97374aca7,site-c9dd1801-20a51b70,Site c9dd1801,,43.66,2,negative,2025-04-H1,True,,2025-08-H2,9,4598,1.0,0.03911,0.30082,0.00744,0.0004,0.69133,0.84422,-0.28809,0.14646,0.0,0.0,results/chips_neg20/site-c9dd1801-20a51b70/2025-08-H2.png
20a51b70-793e-11f0-88b3-aba97374aca7,site-c9dd1801-20a51b70,Site c9dd1801,,43.66,2,negative,2025-04-H1,True,,2025-09-H1,10,4598,1.0,0.03125,0.32322,0.01306,0.00049,0.66323,0.79008,-0.22518,0.17407,0.0,0.0,results/chips_neg20/site-c9dd1801-20a51b70/2025-09-H1.png
20a51b70-793e-11f0-88b3-aba97374aca7,site-c9dd1801-20a51b70,Site c9dd1801,,43.66,2,negative,2025-04-H1,True,,2025-09-H2,11,4597,1.0,0.03843,0.25268,0.00816,6e-05,0.7391,0.7946,-0.21401,0.14953,0.0,0.0,results/chips_neg20/site-c9dd1801-20a51b70/2025-09-H2.png
20a51b70-793e-11f0-88b3-aba97374aca7,site-c9dd1801-20a51b70,Site c9dd1801,,43.66,2,negative,2025-04-H1,True,,2025-10-H1,12,4598,1.0,0.04158,0.23422,0.01066,0.00018,0.75494,0.79106,-0.16146,0.15625,0.0,0.0,results/chips_neg20/site-c9dd1801-20a51b70/2025-10-H1.png
20a51b70-793e-11f0-88b3-aba97374aca7,site-c9dd1801-20a51b70,Site c9dd1801,,43.66,2,negative,2025-04-H1,True,,2025-10-H2,13,4596,1.0,0.0369,0.23126,0.01744,0.00015,0.75115,0.65234,-0.08559,0.17711,0.0,0.0,results/chips_neg20/site-c9dd1801-20a51b70/2025-10-H2.png
20a51b70-793e-11f0-88b3-aba97374aca7,site-c9dd1801-20a51b70,Site c9dd1801,,43.66,2,negative,2025-04-H1,True,,2025-11-H1,14,4193,0.9637,0.0425,0.16272,0.02013,0.00023,0.81692,0.53876,0.04466,0.17868,0.0,0.0,results/chips_neg20/site-c9dd1801-20a51b70/2025-11-H1.png
20a51b70-793e-11f0-88b3-aba97374aca7,site-c9dd1801-20a51b70,Site c9dd1801,,43.66,2,negative,2025-04-H1,True,,2025-11-H2,15,4598,1.0,0.04325,0.12769,0.05748,0.00023,0.81461,0.47849,0.12352,0.1933,0.0,0.0,results/chips_neg20/site-c9dd1801-20a51b70/2025-11-H2.png
20a51b70-793e-11f0-88b3-aba97374aca7,site-c9dd1801-20a51b70,Site c9dd1801,,43.66,2,negative,2025-04-H1,True,,2025-12-H1,16,4575,1.0,0.04643,0.09465,0.04827,6e-05,0.85702,0.46704,0.09234,0.16295,0.0,0.0,results/chips_neg20/site-c9dd1801-20a51b70/2025-12-H1.png
20a51b70-793e-11f0-88b3-aba97374aca7,site-c9dd1801-20a51b70,Site c9dd1801,,43.66,2,negative,2025-04-H1,True,,2025-12-H2,17,4593,1.0,0.04417,0.11924,0.06666,0.00034,0.81376,0.46081,0.14246,0.196,0.0,0.0,results/chips_neg20/site-c9dd1801-20a51b70/2025-12-H2.png
20a51b70-793e-11f0-88b3-aba97374aca7,site-c9dd1801-20a51b70,Site c9dd1801,,43.66,2,negative,2025-04-H1,True,,2026-01-H1,18,4584,1.0,0.04612,0.10558,0.05829,0.00029,0.83584,0.45237,0.17224,0.19194,0.0,0.0,results/chips_neg20/site-c9dd1801-20a51b70/2026-01-H1.png
20a51b70-793e-11f0-88b3-aba97374aca7,site-c9dd1801-20a51b70,Site c9dd1801,,43.66,2,negative,2025-04-H1,True,,2026-01-H2,19,4598,1.0,0.04465,0.10157,0.08334,0.00031,0.81478,0.42122,0.18541,0.20384,0.0,0.0,results/chips_neg20/site-c9dd1801-20a51b70/2026-01-H2.png
20a51b70-793e-11f0-88b3-aba97374aca7,site-c9dd1801-20a51b70,Site c9dd1801,,43.66,2,negative,2025-04-H1,True,,2026-02-H2,21,4598,1.0,0.04096,0.09927,0.18522,0.00031,0.71521,0.36933,0.19561,0.24905,0.0,0.0,results/chips_neg20/site-c9dd1801-20a51b70/2026-02-H2.png
20a51b70-793e-11f0-88b3-aba97374aca7,site-c9dd1801-20a51b70,Site c9dd1801,,43.66,2,negative,2025-04-H1,True,,2026-03-H1,22,4598,1.0,0.04647,0.08906,0.19866,0.00017,0.71211,0.37739,0.2329,0.25897,0.0,0.0,results/chips_neg20/site-c9dd1801-20a51b70/2026-03-H1.png
20a51b70-793e-11f0-88b3-aba97374aca7,site-c9dd1801-20a51b70,Site c9dd1801,,43.66,2,negative,2025-04-H1,True,,2026-03-H2,23,4594,1.0,0.03547,0.13343,0.13752,0.00028,0.72878,0.43652,0.10617,0.22351,0.0,0.0,results/chips_neg20/site-c9dd1801-20a51b70/2026-03-H2.png
20a51b70-793e-11f0-88b3-aba97374aca7,site-c9dd1801-20a51b70,Site c9dd1801,,43.66,2,negative,2025-04-H1,True,,2026-04-H1,24,4598,1.0,0.03865,0.1345,0.20477,0.00017,0.66056,0.45244,0.14955,0.26357,0.0,0.0,results/chips_neg20/site-c9dd1801-20a51b70/2026-04-H1.png
20a51b70-793e-11f0-88b3-aba97374aca7,site-c9dd1801-20a51b70,Site c9dd1801,,43.66,2,negative,2025-04-H1,True,,2026-04-H2,25,4598,1.0,0.02314,0.35452,0.02776,0.0002,0.61753,0.7484,-0.21932,0.19077,0.0,0.0,results/chips_neg20/site-c9dd1801-20a51b70/2026-04-H2.png
20a51b70-793e-11f0-88b3-aba97374aca7,site-c9dd1801-20a51b70,Site c9dd1801,,43.66,2,negative,2025-04-H1,True,,2026-05-H1,26,4598,1.0,0.02141,0.48045,0.02735,0.00046,0.49174,0.80882,-0.31223,0.19743,0.0,0.0,results/chips_neg20/site-c9dd1801-20a51b70/2026-05-H1.png
20a51b70-793e-11f0-88b3-aba97374aca7,site-c9dd1801-20a51b70,Site c9dd1801,,43.66,2,negative,2025-04-H1,True,,2026-05-H2,27,4598,1.0,0.02418,0.55356,0.01574,0.0003,0.43041,0.86345,-0.34385,0.20363,0.0,0.0,results/chips_neg20/site-c9dd1801-20a51b70/2026-05-H2.png
20a51b70-793e-11f0-88b3-aba97374aca7,site-c9dd1801-20a51b70,Site c9dd1801,,43.66,2,negative,2025-04-H1,True,,2026-06-H1,28,4598,1.0,0.03211,0.44844,0.00984,0.00024,0.54148,0.85648,-0.35416,0.16974,0.0,0.0,results/chips_neg20/site-c9dd1801-20a51b70/2026-06-H1.png
20a51b70-793e-11f0-88b3-aba97374aca7,site-c9dd1801-20a51b70,Site c9dd1801,,43.66,2,negative,2025-04-H1,True,,2026-06-H2,29,4598,1.0,0.03312,0.46969,0.00797,0.00033,0.52201,0.87455,-0.38682,0.16436,99.79987,0.0,results/chips_neg20/site-c9dd1801-20a51b70/2026-06-H2.png
20a51b70-793e-11f0-88b3-aba97374aca7,site-c9dd1801-20a51b70,Site c9dd1801,,43.66,2,negative,2025-04-H1,True,,2026-07-H1,30,2743,0.6304,0.00837,0.27483,0.11917,0.05749,0.5485,0.47578,-0.16497,0.23147,0.0,0.0,results/chips_neg20/site-c9dd1801-20a51b70/2026-07-H1.png
20a51b70-793e-11f0-88b3-aba97374aca7,site-c9dd1801-20a51b70,Site c9dd1801,,43.66,2,negative,2025-04-H1,True,,2026-07-H2,31,4598,1.0,0.02389,0.49525,0.00784,0.00011,0.4968,0.85748,-0.33381,0.19119,99.79987,0.0,results/chips_neg20/site-c9dd1801-20a51b70/2026-07-H2.png
20a51b70-793e-11f0-88b3-aba97374aca7,site-c9dd1801-20a51b70,Site c9dd1801,,43.66,2,negative,2025-04-H1,True,,2026-08-H1,32,4598,1.0,0.02611,0.34889,0.00373,7e-05,0.6473,0.79477,-0.30936,0.15644,0.0,0.0,results/chips_neg20/site-c9dd1801-20a51b70/2026-08-H1.png
20a51b70-793e-11f0-88b3-aba97374aca7,site-c9dd1801-20a51b70,Site c9dd1801,,43.66,2,negative,2025-04-H1,True,,2026-08-H2,33,4598,1.0,0.011,0.39612,0.02543,0.00631,0.57214,0.68857,-0.23881,0.20361,0.0,0.0,results/chips_neg20/site-c9dd1801-20a51b70/2026-08-H2.png
20a51b70-793e-11f0-88b3-aba97374aca7,site-c9dd1801-20a51b70,Site c9dd1801,,43.66,2,negative,2025-04-H1,True,,2026-09-H1,34,4598,1.0,0.03449,0.38646,0.00215,3e-05,0.61136,0.86911,-0.29296,0.17032,0.0,0.0,results/chips_neg20/site-c9dd1801-20a51b70/2026-09-H1.png
e2068140-9ee2-11f0-9806-e77960ad5e7f,site-e2068140-e2068140,Site e2068140,,124.13,1,negative,2026-02-H1,True,,2023-02-H2,-71,10114,0.8173,0.03848,0.19384,4e-05,0.03346,0.77265,0.51871,-0.37972,0.10457,0.0,99.58341,results/chips_neg20/site-e2068140-e2068140/2023-02-H2.png
e2068140-9ee2-11f0-9806-e77960ad5e7f,site-e2068140-e2068140,Site e2068140,,124.13,1,negative,2026-02-H1,True,,2023-03-H1,-70,3993,0.3227,0.04017,0.21745,0.0,0.02276,0.75978,0.51211,-0.42185,0.09902,0.0,398.33364,results/chips_neg20/site-e2068140-e2068140/2023-03-H1.png
e2068140-9ee2-11f0-9806-e77960ad5e7f,site-e2068140-e2068140,Site e2068140,,124.13,1,negative,2026-02-H1,True,,2023-03-H2,-69,11071,0.8946,0.03267,0.20175,0.04279,0.01806,0.73741,0.51824,-0.18919,0.16026,1394.16775,1195.00093,results/chips_neg20/site-e2068140-e2068140/2023-03-H2.png
e2068140-9ee2-11f0-9806-e77960ad5e7f,site-e2068140-e2068140,Site e2068140,,124.13,1,negative,2026-02-H1,True,,2023-04-H1,-68,12781,1.0,0.03239,0.19447,0.082,0.00029,0.72324,0.55557,-0.04001,0.19858,5277.92076,0.0,results/chips_neg20/site-e2068140-e2068140/2023-04-H1.png
e2068140-9ee2-11f0-9806-e77960ad5e7f,site-e2068140-e2068140,Site e2068140,,124.13,1,negative,2026-02-H1,True,,2023-05-H1,-66,12783,1.0,0.02157,0.31588,0.03964,0.0002,0.64428,0.69151,-0.19414,0.1906,0.0,0.0,results/chips_neg20/site-e2068140-e2068140/2023-05-H1.png
e2068140-9ee2-11f0-9806-e77960ad5e7f,site-e2068140-e2068140,Site e2068140,,124.13,1,negative,2026-02-H1,True,,2023-05-H2,-65,12756,1.0,0.01988,0.3332,0.02524,0.00018,0.64138,0.70547,-0.23471,0.18093,0.0,0.0,results/chips_neg20/site-e2068140-e2068140/2023-05-H2.png
e2068140-9ee2-11f0-9806-e77960ad5e7f,site-e2068140-e2068140,Site e2068140,,124.13,1,negative,2026-02-H1,True,,2023-07-H1,-62,12742,1.0,0.02629,0.49318,0.00247,0.00068,0.50368,0.86356,-0.36143,0.18053,0.0,0.0,results/chips_neg20/site-e2068140-e2068140/2023-07-H1.png
e2068140-9ee2-11f0-9806-e77960ad5e7f,site-e2068140-e2068140,Site e2068140,,124.13,1,negative,2026-02-H1,True,,2023-07-H2,-61,7872,0.6361,0.02148,0.46341,0.01234,0.01092,0.51333,0.77971,-0.33252,0.18901,199.16682,0.0,results/chips_neg20/site-e2068140-e2068140/2023-07-H2.png
e2068140-9ee2-11f0-9806-e77960ad5e7f,site-e2068140-e2068140,Site e2068140,,124.13,1,negative,2026-02-H1,True,,2023-08-H1,-60,5579,0.4508,0.02399,0.5096,0.00029,0.00183,0.48827,0.82715,-0.40228,0.17152,0.0,0.0,results/chips_neg20/site-e2068140-e2068140/2023-08-H1.png
e2068140-9ee2-11f0-9806-e77960ad5e7f,site-e2068140-e2068140,Site e2068140,,124.13,1,negative,2026-02-H1,True,,2023-08-H2,-59,12758,1.0,0.03157,0.4036,0.00095,5e-05,0.59539,0.85113,-0.35924,0.15663,0.0,0.0,results/chips_neg20/site-e2068140-e2068140/2023-08-H2.png
e2068140-9ee2-11f0-9806-e77960ad5e7f,site-e2068140-e2068140,Site e2068140,,124.13,1,negative,2026-02-H1,True,,2023-09-H1,-58,12778,1.0,0.03568,0.39218,0.00049,6e-05,0.60727,0.86685,-0.36835,0.14997,0.0,0.0,results/chips_neg20/site-e2068140-e2068140/2023-09-H1.png
e2068140-9ee2-11f0-9806-e77960ad5e7f,site-e2068140-e2068140,Site e2068140,,124.13,1,negative,2026-02-H1,True,,2023-09-H2,-57,12777,1.0,0.03349,0.35105,0.00132,4e-05,0.6476,0.8275,-0.33497,0.14943,0.0,0.0,results/chips_neg20/site-e2068140-e2068140/2023-09-H2.png
e2068140-9ee2-11f0-9806-e77960ad5e7f,site-e2068140-e2068140,Site e2068140,,124.13,1,negative,2026-02-H1,True,,2023-10-H1,-56,12782,1.0,0.03068,0.33333,0.00299,6e-05,0.66362,0.77111,-0.31682,0.15033,0.0,0.0,results/chips_neg20/site-e2068140-e2068140/2023-10-H1.png
e2068140-9ee2-11f0-9806-e77960ad5e7f,site-e2068140-e2068140,Site e2068140,,124.13,1,negative,2026-02-H1,True,,2023-10-H2,-55,12783,1.0,0.04044,0.22581,0.00113,3e-05,0.77304,0.71875,-0.24633,0.12986,0.0,0.0,results/chips_neg20/site-e2068140-e2068140/2023-10-H2.png
e2068140-9ee2-11f0-9806-e77960ad5e7f,site-e2068140-e2068140,Site e2068140,,124.13,1,negative,2026-02-H1,True,,2023-11-H1,-54,12783,1.0,0.03957,0.19344,0.00854,6e-05,0.79796,0.66189,-0.14585,0.14357,0.0,0.0,results/chips_neg20/site-e2068140-e2068140/2023-11-H1.png
e2068140-9ee2-11f0-9806-e77960ad5e7f,site-e2068140-e2068140,Site e2068140,,124.13,1,negative,2026-02-H1,True,,2023-11-H2,-53,12780,1.0,0.0413,0.17752,0.01165,5e-05,0.81078,0.66219,-0.15403,0.13639,0.0,0.0,results/chips_neg20/site-e2068140-e2068140/2023-11-H2.png
e2068140-9ee2-11f0-9806-e77960ad5e7f,site-e2068140-e2068140,Site e2068140,,124.13,1,negative,2026-02-H1,True,,2024-01-H1,-50,12782,1.0,0.0389,0.17819,0.0145,0.0007,0.80661,0.64352,-0.16579,0.13406,0.0,0.0,results/chips_neg20/site-e2068140-e2068140/2024-01-H1.png
e2068140-9ee2-11f0-9806-e77960ad5e7f,site-e2068140-e2068140,Site e2068140,,124.13,1,negative,2026-02-H1,True,,2024-02-H1,-48,6615,0.5345,0.04238,0.18293,0.0,0.01247,0.80461,0.55666,-0.43373,0.08488,0.0,0.0,results/chips_neg20/site-e2068140-e2068140/2024-02-H1.png
e2068140-9ee2-11f0-9806-e77960ad5e7f,site-e2068140-e2068140,Site e2068140,,124.13,1,negative,2026-02-H1,True,,2024-02-H2,-47,1464,0.1183,0.03795,0.1407,0.0,0.05462,0.80468,0.30862,-0.45136,0.08864,0.0,0.0,results/chips_neg20/site-e2068140-e2068140/2024-02-H2.png
e2068140-9ee2-11f0-9806-e77960ad5e7f,site-e2068140-e2068140,Site e2068140,,124.13,1,negative,2026-02-H1,True,,2024-03-H1,-46,12762,1.0,0.02835,0.18441,0.0276,0.0015,0.78648,0.5528,-0.12483,0.1546,0.0,0.0,results/chips_neg20/site-e2068140-e2068140/2024-03-H1.png
e2068140-9ee2-11f0-9806-e77960ad5e7f,site-e2068140-e2068140,Site e2068140,,124.13,1,negative,2026-02-H1,True,,2024-03-H2,-45,4605,0.3721,0.01851,0.18203,0.13818,0.00715,0.67264,0.43185,-0.03601,0.21589,4481.25347,0.0,results/chips_neg20/site-e2068140-e2068140/2024-03-H2.png
e2068140-9ee2-11f0-9806-e77960ad5e7f,site-e2068140-e2068140,Site e2068140,,124.13,1,negative,2026-02-H1,True,,2024-04-H1,-44,12693,1.0,0.0311,0.20938,0.04594,0.00234,0.74234,0.58531,-0.12873,0.1695,298.75023,0.0,results/chips_neg20/site-e2068140-e2068140/2024-04-H1.png
e2068140-9ee2-11f0-9806-e77960ad5e7f,site-e2068140-e2068140,Site e2068140,,124.13,1,negative,2026-02-H1,True,,2024-04-H2,-43,12783,1.0,0.03014,0.21026,0.08406,0.00055,0.70513,0.55729,-0.04793,0.20379,2489.58526,0.0,results/chips_neg20/site-e2068140-e2068140/2024-04-H2.png
e2068140-9ee2-11f0-9806-e77960ad5e7f,site-e2068140-e2068140,Site e2068140,,124.13,1,negative,2026-02-H1,True,,2024-05-H1,-42,12783,1.0,0.02658,0.25646,0.06627,0.00028,0.67699,0.60602,-0.09801,0.20318,0.0,0.0,results/chips_neg20/site-e2068140-e2068140/2024-05-H1.png
e2068140-9ee2-11f0-9806-e77960ad5e7f,site-e2068140-e2068140,Site e2068140,,124.13,1,negative,2026-02-H1,True,,2024-06-H1,-40,12783,1.0,0.02659,0.49088,0.00337,0.00036,0.50538,0.85213,-0.38231,0.17306,0.0,0.0,results/chips_neg20/site-e2068140-e2068140/2024-06-H1.png
e2068140-9ee2-11f0-9806-e77960ad5e7f,site-e2068140-e2068140,Site e2068140,,124.13,1,negative,2026-02-H1,True,,2024-06-H2,-39,12668,1.0,0.02502,0.58337,0.00055,0.00173,0.41436,0.88017,-0.40405,0.18779,0.0,0.0,results/chips_neg20/site-e2068140-e2068140/2024-06-H2.png
e2068140-9ee2-11f0-9806-e77960ad5e7f,site-e2068140-e2068140,Site e2068140,,124.13,1,negative,2026-02-H1,True,,2024-07-H1,-38,11709,0.9462,0.02947,0.5244,0.00168,0.00107,0.47285,0.88705,-0.37908,0.1819,0.0,0.0,results/chips_neg20/site-e2068140-e2068140/2024-07-H1.png
e2068140-9ee2-11f0-9806-e77960ad5e7f,site-e2068140-e2068140,Site e2068140,,124.13,1,negative,2026-02-H1,True,,2024-07-H2,-37,4508,0.3643,0.02784,0.58134,0.0112,0.00277,0.40469,0.89348,-0.36523,0.20408,199.16682,0.0,results/chips_neg20/site-e2068140-e2068140/2024-07-H2.png
e2068140-9ee2-11f0-9806-e77960ad5e7f,site-e2068140-e2068140,Site e2068140,,124.13,1,negative,2026-02-H1,True,,2024-08-H1,-36,12739,1.0,0.03261,0.40998,0.00111,0.00012,0.5888,0.83626,-0.38417,0.15071,0.0,0.0,results/chips_neg20/site-e2068140-e2068140/2024-08-H1.png
e2068140-9ee2-11f0-9806-e77960ad5e7f,site-e2068140-e2068140,Site e2068140,,124.13,1,negative,2026-02-H1,True,,2024-08-H2,-35,2327,0.188,0.04655,0.24534,0.11735,0.22479,0.41253,0.42456,-0.31817,0.2747,3485.41937,30970.44068,results/chips_neg20/site-e2068140-e2068140/2024-08-H2.png
e2068140-9ee2-11f0-9806-e77960ad5e7f,site-e2068140-e2068140,Site e2068140,,124.13,1,negative,2026-02-H1,True,,2024-09-H1,-34,12783,1.0,0.03341,0.36593,0.00264,0.00011,0.63131,0.83743,-0.33047,0.15498,0.0,0.0,results/chips_neg20/site-e2068140-e2068140/2024-09-H1.png
e2068140-9ee2-11f0-9806-e77960ad5e7f,site-e2068140-e2068140,Site e2068140,,124.13,1,negative,2026-02-H1,True,,2024-09-H2,-33,12782,1.0,0.03987,0.31649,0.0025,7e-05,0.68093,0.82817,-0.29317,0.14904,0.0,0.0,results/chips_neg20/site-e2068140-e2068140/2024-09-H2.png
e2068140-9ee2-11f0-9806-e77960ad5e7f,site-e2068140-e2068140,Site e2068140,,124.13,1,negative,2026-02-H1,True,,2024-10-H1,-32,3843,0.3105,0.02848,0.28858,0.02886,0.01187,0.67069,0.67426,-0.28976,0.15549,0.0,0.0,results/chips_neg20/site-e2068140-e2068140/2024-10-H1.png
e2068140-9ee2-11f0-9806-e77960ad5e7f,site-e2068140-e2068140,Site e2068140,,124.13,1,negative,2026-02-H1,True,,2024-10-H2,-31,12783,1.0,0.03856,0.23911,0.01147,5e-05,0.74936,0.66323,-0.16589,0.15801,0.0,0.0,results/chips_neg20/site-e2068140-e2068140/2024-10-H2.png
e2068140-9ee2-11f0-9806-e77960ad5e7f,site-e2068140-e2068140,Site e2068140,,124.13,1,negative,2026-02-H1,True,,2024-11-H1,-30,12776,1.0,0.03983,0.17189,0.01942,0.00027,0.80843,0.65347,-0.11494,0.14495,0.0,199.16682,results/chips_neg20/site-e2068140-e2068140/2024-11-H1.png
e2068140-9ee2-11f0-9806-e77960ad5e7f,site-e2068140-e2068140,Site e2068140,,124.13,1,negative,2026-02-H1,True,,2024-11-H2,-29,12780,1.0,0.04244,0.16102,0.01831,0.00012,0.82055,0.65168,-0.09348,0.14565,0.0,0.0,results/chips_neg20/site-e2068140-e2068140/2024-11-H2.png
e2068140-9ee2-11f0-9806-e77960ad5e7f,site-e2068140-e2068140,Site e2068140,,124.13,1,negative,2026-02-H1,True,,2024-12-H1,-28,12549,1.0,0.03956,0.16971,0.01349,0.00034,0.81646,0.65996,-0.18955,0.12571,0.0,0.0,results/chips_neg20/site-e2068140-e2068140/2024-12-H1.png
e2068140-9ee2-11f0-9806-e77960ad5e7f,site-e2068140-e2068140,Site e2068140,,124.13,1,negative,2026-02-H1,True,,2024-12-H2,-27,12740,1.0,0.04612,0.15461,0.00212,0.0002,0.84306,0.68662,-0.22422,0.10791,0.0,0.0,results/chips_neg20/site-e2068140-e2068140/2024-12-H2.png
e2068140-9ee2-11f0-9806-e77960ad5e7f,site-e2068140-e2068140,Site e2068140,,124.13,1,negative,2026-02-H1,True,,2025-01-H1,-26,12709,1.0,0.04293,0.16639,0.02358,0.00034,0.80969,0.64882,-0.15453,0.13544,995.83411,99.58341,results/chips_neg20/site-e2068140-e2068140/2025-01-H1.png
e2068140-9ee2-11f0-9806-e77960ad5e7f,site-e2068140-e2068140,Site e2068140,,124.13,1,negative,2026-02-H1,True,,2025-02-H1,-24,6014,0.486,0.06856,0.19027,0.0,0.04899,0.76073,0.36014,-0.74581,0.04101,0.0,99.58341,results/chips_neg20/site-e2068140-e2068140/2025-02-H1.png
e2068140-9ee2-11f0-9806-e77960ad5e7f,site-e2068140-e2068140,Site e2068140,,124.13,1,negative,2026-02-H1,True,,2025-02-H2,-23,4392,0.3549,0.04777,0.24163,0.0,0.06069,0.69768,0.47415,-0.49728,0.09834,0.0,99.58341,results/chips_neg20/site-e2068140-e2068140/2025-02-H2.png
e2068140-9ee2-11f0-9806-e77960ad5e7f,site-e2068140-e2068140,Site e2068140,,124.13,1,negative,2026-02-H1,True,,2025-03-H1,-22,12544,1.0,0.03364,0.1973,0.03537,0.01587,0.75146,0.54503,-0.22751,0.14654,2589.16867,0.0,results/chips_neg20/site-e2068140-e2068140/2025-03-H1.png
e2068140-9ee2-11f0-9806-e77960ad5e7f,site-e2068140-e2068140,Site e2068140,,124.13,1,negative,2026-02-H1,True,,2025-03-H2,-21,12783,1.0,0.03355,0.18463,0.05014,0.00062,0.76461,0.57914,-0.07007,0.17535,2091.25162,0.0,results/chips_neg20/site-e2068140-e2068140/2025-03-H2.png
e2068140-9ee2-11f0-9806-e77960ad5e7f,site-e2068140-e2068140,Site e2068140,,124.13,1,negative,2026-02-H1,True,,2025-04-H2,-19,12783,1.0,0.02974,0.21473,0.06626,0.00038,0.71862,0.5701,-0.07301,0.19288,0.0,0.0,results/chips_neg20/site-e2068140-e2068140/2025-04-H2.png
e2068140-9ee2-11f0-9806-e77960ad5e7f,site-e2068140-e2068140,Site e2068140,,124.13,1,negative,2026-02-H1,True,,2025-05-H1,-18,6579,0.5316,0.0217,0.19998,0.09408,0.01675,0.68919,0.47755,-0.06843,0.20682,5477.08758,0.0,results/chips_neg20/site-e2068140-e2068140/2025-05-H1.png
e2068140-9ee2-11f0-9806-e77960ad5e7f,site-e2068140-e2068140,Site e2068140,,124.13,1,negative,2026-02-H1,True,,2025-05-H2,-17,7301,0.59,0.02013,0.3677,0.0183,0.00056,0.61344,0.73871,-0.24133,0.18746,0.0,0.0,results/chips_neg20/site-e2068140-e2068140/2025-05-H2.png
e2068140-9ee2-11f0-9806-e77960ad5e7f,site-e2068140-e2068140,Site e2068140,,124.13,1,negative,2026-02-H1,True,,2025-06-H1,-16,9885,0.7988,0.0178,0.38166,0.01548,0.00075,0.60211,0.73252,-0.26197,0.18301,0.0,0.0,results/chips_neg20/site-e2068140-e2068140/2025-06-H1.png
e2068140-9ee2-11f0-9806-e77960ad5e7f,site-e2068140-e2068140,Site e2068140,,124.13,1,negative,2026-02-H1,True,,2025-06-H2,-15,12783,1.0,0.0245,0.43189,0.00175,0.00035,0.566,0.81833,-0.33153,0.17315,0.0,0.0,results/chips_neg20/site-e2068140-e2068140/2025-06-H2.png
e2068140-9ee2-11f0-9806-e77960ad5e7f,site-e2068140-e2068140,Site e2068140,,124.13,1,negative,2026-02-H1,True,,2025-07-H2,-13,2613,0.2112,0.03077,0.45201,0.00219,0.00478,0.54102,0.84515,-0.39649,0.15896,0.0,0.0,results/chips_neg20/site-e2068140-e2068140/2025-07-H2.png
e2068140-9ee2-11f0-9806-e77960ad5e7f,site-e2068140-e2068140,Site e2068140,,124.13,1,negative,2026-02-H1,True,,2025-08-H1,-12,12783,1.0,0.02932,0.40752,0.00413,9e-05,0.58827,0.84538,-0.32275,0.16991,0.0,0.0,results/chips_neg20/site-e2068140-e2068140/2025-08-H1.png
e2068140-9ee2-11f0-9806-e77960ad5e7f,site-e2068140-e2068140,Site e2068140,,124.13,1,negative,2026-02-H1,True,,2025-08-H2,-11,12783,1.0,0.03356,0.40755,0.00302,9e-05,0.58933,0.85701,-0.34414,0.16264,0.0,0.0,results/chips_neg20/site-e2068140-e2068140/2025-08-H2.png
e2068140-9ee2-11f0-9806-e77960ad5e7f,site-e2068140-e2068140,Site e2068140,,124.13,1,negative,2026-02-H1,True,,2025-09-H1,-10,12783,1.0,0.03703,0.33756,0.00583,7e-05,0.65654,0.82897,-0.30639,0.1539,0.0,0.0,results/chips_neg20/site-e2068140-e2068140/2025-09-H1.png
e2068140-9ee2-11f0-9806-e77960ad5e7f,site-e2068140-e2068140,Site e2068140,,124.13,1,negative,2026-02-H1,True,,2025-09-H2,-9,12783,1.0,0.0364,0.33735,0.00745,9e-05,0.65512,0.82051,-0.3129,0.1521,0.0,0.0,results/chips_neg20/site-e2068140-e2068140/2025-09-H2.png
e2068140-9ee2-11f0-9806-e77960ad5e7f,site-e2068140-e2068140,Site e2068140,,124.13,1,negative,2026-02-H1,True,,2025-10-H1,-8,12782,1.0,0.03762,0.29015,0.00938,4e-05,0.70042,0.77196,-0.25968,0.15127,0.0,0.0,results/chips_neg20/site-e2068140-e2068140/2025-10-H1.png
e2068140-9ee2-11f0-9806-e77960ad5e7f,site-e2068140-e2068140,Site e2068140,,124.13,1,negative,2026-02-H1,True,,2025-10-H2,-7,12687,1.0,0.04083,0.27301,0.01058,5e-05,0.71636,0.75303,-0.22499,0.15445,0.0,0.0,results/chips_neg20/site-e2068140-e2068140/2025-10-H2.png
e2068140-9ee2-11f0-9806-e77960ad5e7f,site-e2068140-e2068140,Site e2068140,,124.13,1,negative,2026-02-H1,True,,2025-11-H1,-6,12772,1.0,0.03543,0.23344,0.01566,0.0001,0.7508,0.63285,-0.17484,0.15433,0.0,0.0,results/chips_neg20/site-e2068140-e2068140/2025-11-H1.png
e2068140-9ee2-11f0-9806-e77960ad5e7f,site-e2068140-e2068140,Site e2068140,,124.13,1,negative,2026-02-H1,True,,2025-11-H2,-5,12783,1.0,0.03939,0.17779,0.01675,4e-05,0.80542,0.64199,-0.12203,0.14481,0.0,0.0,results/chips_neg20/site-e2068140-e2068140/2025-11-H2.png
e2068140-9ee2-11f0-9806-e77960ad5e7f,site-e2068140-e2068140,Site e2068140,,124.13,1,negative,2026-02-H1,True,,2025-12-H1,-4,6305,0.5095,0.04912,0.21453,0.0,0.0248,0.76067,0.62059,-0.51481,0.07787,0.0,99.58341,results/chips_neg20/site-e2068140-e2068140/2025-12-H1.png
e2068140-9ee2-11f0-9806-e77960ad5e7f,site-e2068140-e2068140,Site e2068140,,124.13,1,negative,2026-02-H1,True,,2025-12-H2,-3,2947,0.2381,0.03331,0.14058,0.0,0.0288,0.83062,0.41536,-0.39408,0.08872,0.0,697.08387,results/chips_neg20/site-e2068140-e2068140/2025-12-H2.png
e2068140-9ee2-11f0-9806-e77960ad5e7f,site-e2068140-e2068140,Site e2068140,,124.13,1,negative,2026-02-H1,True,,2026-01-H1,-2,4459,0.3603,0.0433,0.21428,0.0,0.01298,0.77275,0.63194,-0.41169,0.09497,0.0,199.16682,results/chips_neg20/site-e2068140-e2068140/2026-01-H1.png
e2068140-9ee2-11f0-9806-e77960ad5e7f,site-e2068140-e2068140,Site e2068140,,124.13,1,negative,2026-02-H1,True,,2026-01-H2,-1,4421,0.3573,0.04796,0.21421,0.0,0.03937,0.74643,0.46102,-0.56267,0.07507,0.0,298.75023,results/chips_neg20/site-e2068140-e2068140/2026-01-H2.png
e2068140-9ee2-11f0-9806-e77960ad5e7f,site-e2068140-e2068140,Site e2068140,,124.13,1,negative,2026-02-H1,True,,2026-02-H1,0,4098,0.3312,0.04034,0.24787,0.00355,0.06412,0.68446,0.48108,-0.43651,0.11722,0.0,2390.00185,results/chips_neg20/site-e2068140-e2068140/2026-02-H1.png
e2068140-9ee2-11f0-9806-e77960ad5e7f,site-e2068140-e2068140,Site e2068140,,124.13,1,negative,2026-02-H1,True,,2026-02-H2,1,3782,0.3056,0.0523,0.24438,0.0,0.05747,0.69814,0.51345,-0.51427,0.09179,0.0,5975.00463,results/chips_neg20/site-e2068140-e2068140/2026-02-H2.png
e2068140-9ee2-11f0-9806-e77960ad5e7f,site-e2068140-e2068140,Site e2068140,,124.13,1,negative,2026-02-H1,True,,2026-03-H1,2,1577,0.1274,0.0527,0.24319,0.0,0.03637,0.72044,0.48769,-0.55282,0.08032,0.0,497.91705,results/chips_neg20/site-e2068140-e2068140/2026-03-H1.png
e2068140-9ee2-11f0-9806-e77960ad5e7f,site-e2068140-e2068140,Site e2068140,,124.13,1,negative,2026-02-H1,True,,2026-03-H2,3,2553,0.2063,0.03981,0.16712,0.0,0.01787,0.81501,0.46418,-0.46354,0.08154,0.0,99.58341,results/chips_neg20/site-e2068140-e2068140/2026-03-H2.png
e2068140-9ee2-11f0-9806-e77960ad5e7f,site-e2068140-e2068140,Site e2068140,,124.13,1,negative,2026-02-H1,True,,2026-04-H1,4,12729,1.0,0.02995,0.21432,0.04747,0.00049,0.73772,0.57089,-0.12616,0.17197,0.0,0.0,results/chips_neg20/site-e2068140-e2068140/2026-04-H1.png
e2068140-9ee2-11f0-9806-e77960ad5e7f,site-e2068140-e2068140,Site e2068140,,124.13,1,negative,2026-02-H1,True,,2026-04-H2,5,12783,1.0,0.0276,0.20795,0.12315,0.00016,0.66873,0.52754,-0.02929,0.22108,0.0,0.0,results/chips_neg20/site-e2068140-e2068140/2026-04-H2.png
e2068140-9ee2-11f0-9806-e77960ad5e7f,site-e2068140-e2068140,Site e2068140,,124.13,1,negative,2026-02-H1,True,,2026-05-H2,7,629,0.0508,0.01749,0.19413,0.00062,0.06159,0.74366,0.41718,-0.26695,0.14607,0.0,0.0,results/chips_neg20/site-e2068140-e2068140/2026-05-H2.png
e2068140-9ee2-11f0-9806-e77960ad5e7f,site-e2068140-e2068140,Site e2068140,,124.13,1,negative,2026-02-H1,True,,2026-06-H1,8,12783,1.0,0.02312,0.35718,0.03971,0.00033,0.60278,0.71789,-0.20039,0.20193,0.0,0.0,results/chips_neg20/site-e2068140-e2068140/2026-06-H1.png
e2068140-9ee2-11f0-9806-e77960ad5e7f,site-e2068140-e2068140,Site e2068140,,124.13,1,negative,2026-02-H1,True,,2026-06-H2,9,12781,1.0,0.02009,0.41056,0.03813,0.00115,0.55016,0.74142,-0.24437,0.20367,597.50046,0.0,results/chips_neg20/site-e2068140-e2068140/2026-06-H2.png
e2068140-9ee2-11f0-9806-e77960ad5e7f,site-e2068140-e2068140,Site e2068140,,124.13,1,negative,2026-02-H1,True,,2026-07-H1,10,12783,1.0,0.02758,0.44031,0.01876,0.00039,0.54054,0.79667,-0.28105,0.19373,99.58341,0.0,results/chips_neg20/site-e2068140-e2068140/2026-07-H1.png
e2068140-9ee2-11f0-9806-e77960ad5e7f,site-e2068140-e2068140,Site e2068140,,124.13,1,negative,2026-02-H1,True,,2026-07-H2,11,12783,1.0,0.0252,0.41705,0.02032,0.00031,0.56232,0.77966,-0.26628,0.19236,298.75023,0.0,results/chips_neg20/site-e2068140-e2068140/2026-07-H2.png
e2068140-9ee2-11f0-9806-e77960ad5e7f,site-e2068140-e2068140,Site e2068140,,124.13,1,negative,2026-02-H1,True,,2026-08-H1,12,12783,1.0,0.02734,0.37177,0.02077,0.00014,0.60732,0.77162,-0.21897,0.193,0.0,0.0,results/chips_neg20/site-e2068140-e2068140/2026-08-H1.png
e2068140-9ee2-11f0-9806-e77960ad5e7f,site-e2068140-e2068140,Site e2068140,,124.13,1,negative,2026-02-H1,True,,2026-08-H2,13,12783,1.0,0.03239,0.34215,0.00762,6e-05,0.65017,0.78273,-0.25492,0.16878,0.0,0.0,results/chips_neg20/site-e2068140-e2068140/2026-08-H2.png
e2068140-9ee2-11f0-9806-e77960ad5e7f,site-e2068140-e2068140,Site e2068140,,124.13,1,negative,2026-02-H1,True,,2026-09-H1,14,9546,0.7714,0.01854,0.34988,0.05709,0.02846,0.56458,0.65859,-0.22056,0.21009,1195.00093,0.0,results/chips_neg20/site-e2068140-e2068140/2026-09-H1.png
